time_s,voltage_v
0.000000000000e+00,0.000000000000e+00
3.400971037525e-03,0.000000000000e+00
3.400981037525e-03,1.800000000000e+00
3.401071037525e-03,1.800000000000e+00
3.401081037525e-03,0.000000000000e+00
4.651885713842e-03,0.000000000000e+00
4.651895713842e-03,1.800000000000e+00
4.651985713842e-03,1.800000000000e+00
4.651995713842e-03,0.000000000000e+00
1.000000000000e-02,0.000000000000e+00
