time_s,voltage_v
0.000000000000e+00,0.000000000000e+00
8.159459040737e-04,0.000000000000e+00
8.159559040737e-04,1.800000000000e+00
8.160459040737e-04,1.800000000000e+00
8.160559040737e-04,0.000000000000e+00
1.598946823278e-03,0.000000000000e+00
1.598956823278e-03,1.800000000000e+00
1.599046823278e-03,1.800000000000e+00
1.599056823278e-03,0.000000000000e+00
1.000000000000e-02,0.000000000000e+00
