time_s,voltage_v
0.000000000000e+00,0.000000000000e+00
2.664188312384e-03,0.000000000000e+00
2.664198312384e-03,1.800000000000e+00
2.664288312384e-03,1.800000000000e+00
2.664298312384e-03,0.000000000000e+00
8.157676141080e-03,0.000000000000e+00
8.157686141080e-03,1.800000000000e+00
8.157776141080e-03,1.800000000000e+00
8.157786141080e-03,0.000000000000e+00
1.000000000000e-02,0.000000000000e+00
