time_s,voltage_v
0.000000000000e+00,0.000000000000e+00
9.166365156792e-04,0.000000000000e+00
9.166465156792e-04,1.800000000000e+00
9.167365156792e-04,1.800000000000e+00
9.167465156792e-04,0.000000000000e+00
5.985608308487e-03,0.000000000000e+00
5.985618308487e-03,1.800000000000e+00
5.985708308487e-03,1.800000000000e+00
5.985718308487e-03,0.000000000000e+00
1.000000000000e-02,0.000000000000e+00
