time_s,voltage_v
0.000000000000e+00,0.000000000000e+00
1.294675225483e-03,0.000000000000e+00
1.294685225483e-03,1.800000000000e+00
1.294775225483e-03,1.800000000000e+00
1.294785225483e-03,0.000000000000e+00
1.932920697568e-03,0.000000000000e+00
1.932930697568e-03,1.800000000000e+00
1.933020697568e-03,1.800000000000e+00
1.933030697568e-03,0.000000000000e+00
1.000000000000e-02,0.000000000000e+00
