# requested_mean_frequency_hz,1
# realised_mean_frequency_hz,1
# spike_count,1
# total_time_s,1
# pulse_height_v,1.8
# pulse_width_s,0.0001
time_s,voltage_v
0.000000000000e+00,0.000000000000e+00
5.043902276905e-01,0.000000000000e+00
5.043902376905e-01,1.800000000000e+00
5.044902276905e-01,1.800000000000e+00
5.044902376905e-01,0.000000000000e+00
1.000000000000e+00,0.000000000000e+00
