time_s,voltage_v
0.000000000000e+00,0.000000000000e+00
6.762465556949e-03,0.000000000000e+00
6.762475556949e-03,1.800000000000e+00
6.762565556949e-03,1.800000000000e+00
6.762575556949e-03,0.000000000000e+00
1.000000000000e-02,0.000000000000e+00
