# requested_mean_frequency_hz,1
# realised_mean_frequency_hz,1
# spike_count,1
# total_time_s,1
# pulse_height_v,1.8
# pulse_width_s,0.0001
time_s,voltage_v
0.000000000000e+00,0.000000000000e+00
9.878428979827e-01,0.000000000000e+00
9.878429079827e-01,1.800000000000e+00
9.879428979827e-01,1.800000000000e+00
9.879429079827e-01,0.000000000000e+00
1.000000000000e+00,0.000000000000e+00
