prior_s,vpre_0_frequency_hz,vpre_1_frequency_hz,gap_less_than_prior
2.500000000000e-05,0,0,0
1.000000000000e-05,0,0,0
5.000000000000e-06,0,0,0
3.000000000000e-06,0,0,0
2.000000000000e-06,0,0,0
2.500000000000e-05,0,20,0
1.000000000000e-05,0,20,0
5.000000000000e-06,0,20,0
3.000000000000e-06,0,20,0
2.000000000000e-06,0,20,0
2.500000000000e-05,0,40,1
1.000000000000e-05,0,40,0
5.000000000000e-06,0,40,0
3.000000000000e-06,0,40,0
2.000000000000e-06,0,40,0
2.500000000000e-05,0,60,1
1.000000000000e-05,0,60,1
5.000000000000e-06,0,60,0
3.000000000000e-06,0,60,0
2.000000000000e-06,0,60,0
2.500000000000e-05,0,80,1
1.000000000000e-05,0,80,1
5.000000000000e-06,0,80,0
3.000000000000e-06,0,80,0
2.000000000000e-06,0,80,0
2.500000000000e-05,0,100,1
1.000000000000e-05,0,100,1
5.000000000000e-06,0,100,1
3.000000000000e-06,0,100,0
2.000000000000e-06,0,100,0
2.500000000000e-05,0,120,1
1.000000000000e-05,0,120,1
5.000000000000e-06,0,120,1
3.000000000000e-06,0,120,0
2.000000000000e-06,0,120,0
2.500000000000e-05,0,140,1
1.000000000000e-05,0,140,1
5.000000000000e-06,0,140,1
3.000000000000e-06,0,140,1
2.000000000000e-06,0,140,0
2.500000000000e-05,0,160,1
1.000000000000e-05,0,160,1
5.000000000000e-06,0,160,1
3.000000000000e-06,0,160,1
2.000000000000e-06,0,160,0
2.500000000000e-05,0,180,1
1.000000000000e-05,0,180,1
5.000000000000e-06,0,180,1
3.000000000000e-06,0,180,1
2.000000000000e-06,0,180,1
2.500000000000e-05,0,200,1
1.000000000000e-05,0,200,1
5.000000000000e-06,0,200,1
3.000000000000e-06,0,200,1
2.000000000000e-06,0,200,1
2.500000000000e-05,0,220,1
1.000000000000e-05,0,220,1
5.000000000000e-06,0,220,1
3.000000000000e-06,0,220,1
2.000000000000e-06,0,220,1
2.500000000000e-05,0,240,1
1.000000000000e-05,0,240,1
5.000000000000e-06,0,240,1
3.000000000000e-06,0,240,1
2.000000000000e-06,0,240,1
2.500000000000e-05,0,260,1
1.000000000000e-05,0,260,1
5.000000000000e-06,0,260,1
3.000000000000e-06,0,260,1
2.000000000000e-06,0,260,1
2.500000000000e-05,0,280,1
1.000000000000e-05,0,280,1
5.000000000000e-06,0,280,1
3.000000000000e-06,0,280,1
2.000000000000e-06,0,280,1
2.500000000000e-05,0,300,1
1.000000000000e-05,0,300,1
5.000000000000e-06,0,300,1
3.000000000000e-06,0,300,1
2.000000000000e-06,0,300,1
2.500000000000e-05,0,320,1
1.000000000000e-05,0,320,1
5.000000000000e-06,0,320,1
3.000000000000e-06,0,320,1
2.000000000000e-06,0,320,1
2.500000000000e-05,0,340,1
1.000000000000e-05,0,340,1
5.000000000000e-06,0,340,1
3.000000000000e-06,0,340,1
2.000000000000e-06,0,340,1
2.500000000000e-05,0,360,1
1.000000000000e-05,0,360,1
5.000000000000e-06,0,360,1
3.000000000000e-06,0,360,1
2.000000000000e-06,0,360,1
2.500000000000e-05,0,380,1
1.000000000000e-05,0,380,1
5.000000000000e-06,0,380,1
3.000000000000e-06,0,380,1
2.000000000000e-06,0,380,1
2.500000000000e-05,0,400,1
1.000000000000e-05,0,400,1
5.000000000000e-06,0,400,1
3.000000000000e-06,0,400,1
2.000000000000e-06,0,400,1
2.500000000000e-05,0,420,1
1.000000000000e-05,0,420,1
5.000000000000e-06,0,420,1
3.000000000000e-06,0,420,1
2.000000000000e-06,0,420,1
2.500000000000e-05,0,440,1
1.000000000000e-05,0,440,1
5.000000000000e-06,0,440,1
3.000000000000e-06,0,440,1
2.000000000000e-06,0,440,1
2.500000000000e-05,0,460,1
1.000000000000e-05,0,460,1
5.000000000000e-06,0,460,1
3.000000000000e-06,0,460,1
2.000000000000e-06,0,460,1
2.500000000000e-05,0,480,1
1.000000000000e-05,0,480,1
5.000000000000e-06,0,480,1
3.000000000000e-06,0,480,1
2.000000000000e-06,0,480,1
2.500000000000e-05,0,500,1
1.000000000000e-05,0,500,1
5.000000000000e-06,0,500,1
3.000000000000e-06,0,500,1
2.000000000000e-06,0,500,1
2.500000000000e-05,0,520,1
1.000000000000e-05,0,520,1
5.000000000000e-06,0,520,1
3.000000000000e-06,0,520,1
2.000000000000e-06,0,520,1
2.500000000000e-05,0,540,1
1.000000000000e-05,0,540,1
5.000000000000e-06,0,540,1
3.000000000000e-06,0,540,1
2.000000000000e-06,0,540,1
2.500000000000e-05,0,560,1
1.000000000000e-05,0,560,1
5.000000000000e-06,0,560,1
3.000000000000e-06,0,560,1
2.000000000000e-06,0,560,1
2.500000000000e-05,0,580,1
1.000000000000e-05,0,580,1
5.000000000000e-06,0,580,1
3.000000000000e-06,0,580,1
2.000000000000e-06,0,580,1
2.500000000000e-05,0,600,1
1.000000000000e-05,0,600,1
5.000000000000e-06,0,600,1
3.000000000000e-06,0,600,1
2.000000000000e-06,0,600,1
2.500000000000e-05,0,620,1
1.000000000000e-05,0,620,1
5.000000000000e-06,0,620,1
3.000000000000e-06,0,620,1
2.000000000000e-06,0,620,1
2.500000000000e-05,0,640,1
1.000000000000e-05,0,640,1
5.000000000000e-06,0,640,1
3.000000000000e-06,0,640,1
2.000000000000e-06,0,640,1
2.500000000000e-05,0,660,1
1.000000000000e-05,0,660,1
5.000000000000e-06,0,660,1
3.000000000000e-06,0,660,1
2.000000000000e-06,0,660,1
2.500000000000e-05,0,680,1
1.000000000000e-05,0,680,1
5.000000000000e-06,0,680,1
3.000000000000e-06,0,680,1
2.000000000000e-06,0,680,1
2.500000000000e-05,0,700,1
1.000000000000e-05,0,700,1
5.000000000000e-06,0,700,1
3.000000000000e-06,0,700,1
2.000000000000e-06,0,700,1
2.500000000000e-05,0,720,1
1.000000000000e-05,0,720,1
5.000000000000e-06,0,720,1
3.000000000000e-06,0,720,1
2.000000000000e-06,0,720,1
2.500000000000e-05,0,740,1
1.000000000000e-05,0,740,1
5.000000000000e-06,0,740,1
3.000000000000e-06,0,740,1
2.000000000000e-06,0,740,1
2.500000000000e-05,0,760,1
1.000000000000e-05,0,760,1
5.000000000000e-06,0,760,1
3.000000000000e-06,0,760,1
2.000000000000e-06,0,760,1
2.500000000000e-05,0,780,1
1.000000000000e-05,0,780,1
5.000000000000e-06,0,780,1
3.000000000000e-06,0,780,1
2.000000000000e-06,0,780,1
2.500000000000e-05,0,800,1
1.000000000000e-05,0,800,1
5.000000000000e-06,0,800,1
3.000000000000e-06,0,800,1
2.000000000000e-06,0,800,1
2.500000000000e-05,0,820,1
1.000000000000e-05,0,820,1
5.000000000000e-06,0,820,1
3.000000000000e-06,0,820,1
2.000000000000e-06,0,820,1
2.500000000000e-05,0,840,1
1.000000000000e-05,0,840,1
5.000000000000e-06,0,840,1
3.000000000000e-06,0,840,1
2.000000000000e-06,0,840,1
2.500000000000e-05,0,860,1
1.000000000000e-05,0,860,1
5.000000000000e-06,0,860,1
3.000000000000e-06,0,860,1
2.000000000000e-06,0,860,1
2.500000000000e-05,0,880,1
1.000000000000e-05,0,880,1
5.000000000000e-06,0,880,1
3.000000000000e-06,0,880,1
2.000000000000e-06,0,880,1
2.500000000000e-05,0,900,1
1.000000000000e-05,0,900,1
5.000000000000e-06,0,900,1
3.000000000000e-06,0,900,1
2.000000000000e-06,0,900,1
2.500000000000e-05,0,920,1
1.000000000000e-05,0,920,1
5.000000000000e-06,0,920,1
3.000000000000e-06,0,920,1
2.000000000000e-06,0,920,1
2.500000000000e-05,0,940,1
1.000000000000e-05,0,940,1
5.000000000000e-06,0,940,1
3.000000000000e-06,0,940,1
2.000000000000e-06,0,940,1
2.500000000000e-05,0,960,1
1.000000000000e-05,0,960,1
5.000000000000e-06,0,960,1
3.000000000000e-06,0,960,1
2.000000000000e-06,0,960,1
2.500000000000e-05,0,980,1
1.000000000000e-05,0,980,1
5.000000000000e-06,0,980,1
3.000000000000e-06,0,980,1
2.000000000000e-06,0,980,1
2.500000000000e-05,0,1000,1
1.000000000000e-05,0,1000,1
5.000000000000e-06,0,1000,1
3.000000000000e-06,0,1000,1
2.000000000000e-06,0,1000,1
2.500000000000e-05,20,0,0
1.000000000000e-05,20,0,0
5.000000000000e-06,20,0,0
3.000000000000e-06,20,0,0
2.000000000000e-06,20,0,0
2.500000000000e-05,20,20,0
1.000000000000e-05,20,20,0
5.000000000000e-06,20,20,0
3.000000000000e-06,20,20,0
2.000000000000e-06,20,20,0
2.500000000000e-05,20,40,1
1.000000000000e-05,20,40,0
5.000000000000e-06,20,40,0
3.000000000000e-06,20,40,0
2.000000000000e-06,20,40,0
2.500000000000e-05,20,60,1
1.000000000000e-05,20,60,1
5.000000000000e-06,20,60,0
3.000000000000e-06,20,60,0
2.000000000000e-06,20,60,0
2.500000000000e-05,20,80,1
1.000000000000e-05,20,80,1
5.000000000000e-06,20,80,0
3.000000000000e-06,20,80,0
2.000000000000e-06,20,80,0
2.500000000000e-05,20,100,1
1.000000000000e-05,20,100,1
5.000000000000e-06,20,100,1
3.000000000000e-06,20,100,0
2.000000000000e-06,20,100,0
2.500000000000e-05,20,120,1
1.000000000000e-05,20,120,1
5.000000000000e-06,20,120,1
3.000000000000e-06,20,120,0
2.000000000000e-06,20,120,0
2.500000000000e-05,20,140,1
1.000000000000e-05,20,140,1
5.000000000000e-06,20,140,1
3.000000000000e-06,20,140,1
2.000000000000e-06,20,140,0
2.500000000000e-05,20,160,1
1.000000000000e-05,20,160,1
5.000000000000e-06,20,160,1
3.000000000000e-06,20,160,1
2.000000000000e-06,20,160,0
2.500000000000e-05,20,180,1
1.000000000000e-05,20,180,1
5.000000000000e-06,20,180,1
3.000000000000e-06,20,180,1
2.000000000000e-06,20,180,1
2.500000000000e-05,20,200,1
1.000000000000e-05,20,200,1
5.000000000000e-06,20,200,1
3.000000000000e-06,20,200,1
2.000000000000e-06,20,200,1
2.500000000000e-05,20,220,1
1.000000000000e-05,20,220,1
5.000000000000e-06,20,220,1
3.000000000000e-06,20,220,1
2.000000000000e-06,20,220,1
2.500000000000e-05,20,240,1
1.000000000000e-05,20,240,1
5.000000000000e-06,20,240,1
3.000000000000e-06,20,240,1
2.000000000000e-06,20,240,1
2.500000000000e-05,20,260,1
1.000000000000e-05,20,260,1
5.000000000000e-06,20,260,1
3.000000000000e-06,20,260,1
2.000000000000e-06,20,260,1
2.500000000000e-05,20,280,1
1.000000000000e-05,20,280,1
5.000000000000e-06,20,280,1
3.000000000000e-06,20,280,1
2.000000000000e-06,20,280,1
2.500000000000e-05,20,300,1
1.000000000000e-05,20,300,1
5.000000000000e-06,20,300,1
3.000000000000e-06,20,300,1
2.000000000000e-06,20,300,1
2.500000000000e-05,20,320,1
1.000000000000e-05,20,320,1
5.000000000000e-06,20,320,1
3.000000000000e-06,20,320,1
2.000000000000e-06,20,320,1
2.500000000000e-05,20,340,1
1.000000000000e-05,20,340,1
5.000000000000e-06,20,340,1
3.000000000000e-06,20,340,1
2.000000000000e-06,20,340,1
2.500000000000e-05,20,360,1
1.000000000000e-05,20,360,1
5.000000000000e-06,20,360,1
3.000000000000e-06,20,360,1
2.000000000000e-06,20,360,1
2.500000000000e-05,20,380,1
1.000000000000e-05,20,380,1
5.000000000000e-06,20,380,1
3.000000000000e-06,20,380,1
2.000000000000e-06,20,380,1
2.500000000000e-05,20,400,1
1.000000000000e-05,20,400,1
5.000000000000e-06,20,400,1
3.000000000000e-06,20,400,1
2.000000000000e-06,20,400,1
2.500000000000e-05,20,420,1
1.000000000000e-05,20,420,1
5.000000000000e-06,20,420,1
3.000000000000e-06,20,420,1
2.000000000000e-06,20,420,1
2.500000000000e-05,20,440,1
1.000000000000e-05,20,440,1
5.000000000000e-06,20,440,1
3.000000000000e-06,20,440,1
2.000000000000e-06,20,440,1
2.500000000000e-05,20,460,1
1.000000000000e-05,20,460,1
5.000000000000e-06,20,460,1
3.000000000000e-06,20,460,1
2.000000000000e-06,20,460,1
2.500000000000e-05,20,480,1
1.000000000000e-05,20,480,1
5.000000000000e-06,20,480,1
3.000000000000e-06,20,480,1
2.000000000000e-06,20,480,1
2.500000000000e-05,20,500,1
1.000000000000e-05,20,500,1
5.000000000000e-06,20,500,1
3.000000000000e-06,20,500,1
2.000000000000e-06,20,500,1
2.500000000000e-05,20,520,1
1.000000000000e-05,20,520,1
5.000000000000e-06,20,520,1
3.000000000000e-06,20,520,1
2.000000000000e-06,20,520,1
2.500000000000e-05,20,540,1
1.000000000000e-05,20,540,1
5.000000000000e-06,20,540,1
3.000000000000e-06,20,540,1
2.000000000000e-06,20,540,1
2.500000000000e-05,20,560,1
1.000000000000e-05,20,560,1
5.000000000000e-06,20,560,1
3.000000000000e-06,20,560,1
2.000000000000e-06,20,560,1
2.500000000000e-05,20,580,1
1.000000000000e-05,20,580,1
5.000000000000e-06,20,580,1
3.000000000000e-06,20,580,1
2.000000000000e-06,20,580,1
2.500000000000e-05,20,600,1
1.000000000000e-05,20,600,1
5.000000000000e-06,20,600,1
3.000000000000e-06,20,600,1
2.000000000000e-06,20,600,1
2.500000000000e-05,20,620,1
1.000000000000e-05,20,620,1
5.000000000000e-06,20,620,1
3.000000000000e-06,20,620,1
2.000000000000e-06,20,620,1
2.500000000000e-05,20,640,1
1.000000000000e-05,20,640,1
5.000000000000e-06,20,640,1
3.000000000000e-06,20,640,1
2.000000000000e-06,20,640,1
2.500000000000e-05,20,660,1
1.000000000000e-05,20,660,1
5.000000000000e-06,20,660,1
3.000000000000e-06,20,660,1
2.000000000000e-06,20,660,1
2.500000000000e-05,20,680,1
1.000000000000e-05,20,680,1
5.000000000000e-06,20,680,1
3.000000000000e-06,20,680,1
2.000000000000e-06,20,680,1
2.500000000000e-05,20,700,1
1.000000000000e-05,20,700,1
5.000000000000e-06,20,700,1
3.000000000000e-06,20,700,1
2.000000000000e-06,20,700,1
2.500000000000e-05,20,720,1
1.000000000000e-05,20,720,1
5.000000000000e-06,20,720,1
3.000000000000e-06,20,720,1
2.000000000000e-06,20,720,1
2.500000000000e-05,20,740,1
1.000000000000e-05,20,740,1
5.000000000000e-06,20,740,1
3.000000000000e-06,20,740,1
2.000000000000e-06,20,740,1
2.500000000000e-05,20,760,1
1.000000000000e-05,20,760,1
5.000000000000e-06,20,760,1
3.000000000000e-06,20,760,1
2.000000000000e-06,20,760,1
2.500000000000e-05,20,780,1
1.000000000000e-05,20,780,1
5.000000000000e-06,20,780,1
3.000000000000e-06,20,780,1
2.000000000000e-06,20,780,1
2.500000000000e-05,20,800,1
1.000000000000e-05,20,800,1
5.000000000000e-06,20,800,1
3.000000000000e-06,20,800,1
2.000000000000e-06,20,800,1
2.500000000000e-05,20,820,1
1.000000000000e-05,20,820,1
5.000000000000e-06,20,820,1
3.000000000000e-06,20,820,1
2.000000000000e-06,20,820,1
2.500000000000e-05,20,840,1
1.000000000000e-05,20,840,1
5.000000000000e-06,20,840,1
3.000000000000e-06,20,840,1
2.000000000000e-06,20,840,1
2.500000000000e-05,20,860,1
1.000000000000e-05,20,860,1
5.000000000000e-06,20,860,1
3.000000000000e-06,20,860,1
2.000000000000e-06,20,860,1
2.500000000000e-05,20,880,1
1.000000000000e-05,20,880,1
5.000000000000e-06,20,880,1
3.000000000000e-06,20,880,1
2.000000000000e-06,20,880,1
2.500000000000e-05,20,900,1
1.000000000000e-05,20,900,1
5.000000000000e-06,20,900,1
3.000000000000e-06,20,900,1
2.000000000000e-06,20,900,1
2.500000000000e-05,20,920,1
1.000000000000e-05,20,920,1
5.000000000000e-06,20,920,1
3.000000000000e-06,20,920,1
2.000000000000e-06,20,920,1
2.500000000000e-05,20,940,1
1.000000000000e-05,20,940,1
5.000000000000e-06,20,940,1
3.000000000000e-06,20,940,1
2.000000000000e-06,20,940,1
2.500000000000e-05,20,960,1
1.000000000000e-05,20,960,1
5.000000000000e-06,20,960,1
3.000000000000e-06,20,960,1
2.000000000000e-06,20,960,1
2.500000000000e-05,20,980,1
1.000000000000e-05,20,980,1
5.000000000000e-06,20,980,1
3.000000000000e-06,20,980,1
2.000000000000e-06,20,980,1
2.500000000000e-05,20,1000,1
1.000000000000e-05,20,1000,1
5.000000000000e-06,20,1000,1
3.000000000000e-06,20,1000,1
2.000000000000e-06,20,1000,1
2.500000000000e-05,40,0,0
1.000000000000e-05,40,0,0
5.000000000000e-06,40,0,0
3.000000000000e-06,40,0,0
2.000000000000e-06,40,0,0
2.500000000000e-05,40,20,0
1.000000000000e-05,40,20,0
5.000000000000e-06,40,20,0
3.000000000000e-06,40,20,0
2.000000000000e-06,40,20,0
2.500000000000e-05,40,40,1
1.000000000000e-05,40,40,0
5.000000000000e-06,40,40,0
3.000000000000e-06,40,40,0
2.000000000000e-06,40,40,0
2.500000000000e-05,40,60,1
1.000000000000e-05,40,60,1
5.000000000000e-06,40,60,0
3.000000000000e-06,40,60,0
2.000000000000e-06,40,60,0
2.500000000000e-05,40,80,1
1.000000000000e-05,40,80,1
5.000000000000e-06,40,80,0
3.000000000000e-06,40,80,0
2.000000000000e-06,40,80,0
2.500000000000e-05,40,100,1
1.000000000000e-05,40,100,1
5.000000000000e-06,40,100,1
3.000000000000e-06,40,100,0
2.000000000000e-06,40,100,0
2.500000000000e-05,40,120,1
1.000000000000e-05,40,120,1
5.000000000000e-06,40,120,1
3.000000000000e-06,40,120,0
2.000000000000e-06,40,120,0
2.500000000000e-05,40,140,1
1.000000000000e-05,40,140,1
5.000000000000e-06,40,140,1
3.000000000000e-06,40,140,1
2.000000000000e-06,40,140,0
2.500000000000e-05,40,160,1
1.000000000000e-05,40,160,1
5.000000000000e-06,40,160,1
3.000000000000e-06,40,160,1
2.000000000000e-06,40,160,0
2.500000000000e-05,40,180,1
1.000000000000e-05,40,180,1
5.000000000000e-06,40,180,1
3.000000000000e-06,40,180,1
2.000000000000e-06,40,180,1
2.500000000000e-05,40,200,1
1.000000000000e-05,40,200,1
5.000000000000e-06,40,200,1
3.000000000000e-06,40,200,1
2.000000000000e-06,40,200,1
2.500000000000e-05,40,220,1
1.000000000000e-05,40,220,1
5.000000000000e-06,40,220,1
3.000000000000e-06,40,220,1
2.000000000000e-06,40,220,1
2.500000000000e-05,40,240,1
1.000000000000e-05,40,240,1
5.000000000000e-06,40,240,1
3.000000000000e-06,40,240,1
2.000000000000e-06,40,240,1
2.500000000000e-05,40,260,1
1.000000000000e-05,40,260,1
5.000000000000e-06,40,260,1
3.000000000000e-06,40,260,1
2.000000000000e-06,40,260,1
2.500000000000e-05,40,280,1
1.000000000000e-05,40,280,1
5.000000000000e-06,40,280,1
3.000000000000e-06,40,280,1
2.000000000000e-06,40,280,1
2.500000000000e-05,40,300,1
1.000000000000e-05,40,300,1
5.000000000000e-06,40,300,1
3.000000000000e-06,40,300,1
2.000000000000e-06,40,300,1
2.500000000000e-05,40,320,1
1.000000000000e-05,40,320,1
5.000000000000e-06,40,320,1
3.000000000000e-06,40,320,1
2.000000000000e-06,40,320,1
2.500000000000e-05,40,340,1
1.000000000000e-05,40,340,1
5.000000000000e-06,40,340,1
3.000000000000e-06,40,340,1
2.000000000000e-06,40,340,1
2.500000000000e-05,40,360,1
1.000000000000e-05,40,360,1
5.000000000000e-06,40,360,1
3.000000000000e-06,40,360,1
2.000000000000e-06,40,360,1
2.500000000000e-05,40,380,1
1.000000000000e-05,40,380,1
5.000000000000e-06,40,380,1
3.000000000000e-06,40,380,1
2.000000000000e-06,40,380,1
2.500000000000e-05,40,400,1
1.000000000000e-05,40,400,1
5.000000000000e-06,40,400,1
3.000000000000e-06,40,400,1
2.000000000000e-06,40,400,1
2.500000000000e-05,40,420,1
1.000000000000e-05,40,420,1
5.000000000000e-06,40,420,1
3.000000000000e-06,40,420,1
2.000000000000e-06,40,420,1
2.500000000000e-05,40,440,1
1.000000000000e-05,40,440,1
5.000000000000e-06,40,440,1
3.000000000000e-06,40,440,1
2.000000000000e-06,40,440,1
2.500000000000e-05,40,460,1
1.000000000000e-05,40,460,1
5.000000000000e-06,40,460,1
3.000000000000e-06,40,460,1
2.000000000000e-06,40,460,1
2.500000000000e-05,40,480,1
1.000000000000e-05,40,480,1
5.000000000000e-06,40,480,1
3.000000000000e-06,40,480,1
2.000000000000e-06,40,480,1
2.500000000000e-05,40,500,1
1.000000000000e-05,40,500,1
5.000000000000e-06,40,500,1
3.000000000000e-06,40,500,1
2.000000000000e-06,40,500,1
2.500000000000e-05,40,520,1
1.000000000000e-05,40,520,1
5.000000000000e-06,40,520,1
3.000000000000e-06,40,520,1
2.000000000000e-06,40,520,1
2.500000000000e-05,40,540,1
1.000000000000e-05,40,540,1
5.000000000000e-06,40,540,1
3.000000000000e-06,40,540,1
2.000000000000e-06,40,540,1
2.500000000000e-05,40,560,1
1.000000000000e-05,40,560,1
5.000000000000e-06,40,560,1
3.000000000000e-06,40,560,1
2.000000000000e-06,40,560,1
2.500000000000e-05,40,580,1
1.000000000000e-05,40,580,1
5.000000000000e-06,40,580,1
3.000000000000e-06,40,580,1
2.000000000000e-06,40,580,1
2.500000000000e-05,40,600,1
1.000000000000e-05,40,600,1
5.000000000000e-06,40,600,1
3.000000000000e-06,40,600,1
2.000000000000e-06,40,600,1
2.500000000000e-05,40,620,1
1.000000000000e-05,40,620,1
5.000000000000e-06,40,620,1
3.000000000000e-06,40,620,1
2.000000000000e-06,40,620,1
2.500000000000e-05,40,640,1
1.000000000000e-05,40,640,1
5.000000000000e-06,40,640,1
3.000000000000e-06,40,640,1
2.000000000000e-06,40,640,1
2.500000000000e-05,40,660,1
1.000000000000e-05,40,660,1
5.000000000000e-06,40,660,1
3.000000000000e-06,40,660,1
2.000000000000e-06,40,660,1
2.500000000000e-05,40,680,1
1.000000000000e-05,40,680,1
5.000000000000e-06,40,680,1
3.000000000000e-06,40,680,1
2.000000000000e-06,40,680,1
2.500000000000e-05,40,700,1
1.000000000000e-05,40,700,1
5.000000000000e-06,40,700,1
3.000000000000e-06,40,700,1
2.000000000000e-06,40,700,1
2.500000000000e-05,40,720,1
1.000000000000e-05,40,720,1
5.000000000000e-06,40,720,1
3.000000000000e-06,40,720,1
2.000000000000e-06,40,720,1
2.500000000000e-05,40,740,1
1.000000000000e-05,40,740,1
5.000000000000e-06,40,740,1
3.000000000000e-06,40,740,1
2.000000000000e-06,40,740,1
2.500000000000e-05,40,760,1
1.000000000000e-05,40,760,1
5.000000000000e-06,40,760,1
3.000000000000e-06,40,760,1
2.000000000000e-06,40,760,1
2.500000000000e-05,40,780,1
1.000000000000e-05,40,780,1
5.000000000000e-06,40,780,1
3.000000000000e-06,40,780,1
2.000000000000e-06,40,780,1
2.500000000000e-05,40,800,1
1.000000000000e-05,40,800,1
5.000000000000e-06,40,800,1
3.000000000000e-06,40,800,1
2.000000000000e-06,40,800,1
2.500000000000e-05,40,820,1
1.000000000000e-05,40,820,1
5.000000000000e-06,40,820,1
3.000000000000e-06,40,820,1
2.000000000000e-06,40,820,1
2.500000000000e-05,40,840,1
1.000000000000e-05,40,840,1
5.000000000000e-06,40,840,1
3.000000000000e-06,40,840,1
2.000000000000e-06,40,840,1
2.500000000000e-05,40,860,1
1.000000000000e-05,40,860,1
5.000000000000e-06,40,860,1
3.000000000000e-06,40,860,1
2.000000000000e-06,40,860,1
2.500000000000e-05,40,880,1
1.000000000000e-05,40,880,1
5.000000000000e-06,40,880,1
3.000000000000e-06,40,880,1
2.000000000000e-06,40,880,1
2.500000000000e-05,40,900,1
1.000000000000e-05,40,900,1
5.000000000000e-06,40,900,1
3.000000000000e-06,40,900,1
2.000000000000e-06,40,900,1
2.500000000000e-05,40,920,1
1.000000000000e-05,40,920,1
5.000000000000e-06,40,920,1
3.000000000000e-06,40,920,1
2.000000000000e-06,40,920,1
2.500000000000e-05,40,940,1
1.000000000000e-05,40,940,1
5.000000000000e-06,40,940,1
3.000000000000e-06,40,940,1
2.000000000000e-06,40,940,1
2.500000000000e-05,40,960,1
1.000000000000e-05,40,960,1
5.000000000000e-06,40,960,1
3.000000000000e-06,40,960,1
2.000000000000e-06,40,960,1
2.500000000000e-05,40,980,1
1.000000000000e-05,40,980,1
5.000000000000e-06,40,980,1
3.000000000000e-06,40,980,1
2.000000000000e-06,40,980,1
2.500000000000e-05,40,1000,1
1.000000000000e-05,40,1000,1
5.000000000000e-06,40,1000,1
3.000000000000e-06,40,1000,1
2.000000000000e-06,40,1000,1
2.500000000000e-05,60,0,0
1.000000000000e-05,60,0,0
5.000000000000e-06,60,0,0
3.000000000000e-06,60,0,0
2.000000000000e-06,60,0,0
2.500000000000e-05,60,20,0
1.000000000000e-05,60,20,0
5.000000000000e-06,60,20,0
3.000000000000e-06,60,20,0
2.000000000000e-06,60,20,0
2.500000000000e-05,60,40,1
1.000000000000e-05,60,40,0
5.000000000000e-06,60,40,0
3.000000000000e-06,60,40,0
2.000000000000e-06,60,40,0
2.500000000000e-05,60,60,1
1.000000000000e-05,60,60,1
5.000000000000e-06,60,60,0
3.000000000000e-06,60,60,0
2.000000000000e-06,60,60,0
2.500000000000e-05,60,80,1
1.000000000000e-05,60,80,1
5.000000000000e-06,60,80,0
3.000000000000e-06,60,80,0
2.000000000000e-06,60,80,0
2.500000000000e-05,60,100,1
1.000000000000e-05,60,100,1
5.000000000000e-06,60,100,1
3.000000000000e-06,60,100,0
2.000000000000e-06,60,100,0
2.500000000000e-05,60,120,1
1.000000000000e-05,60,120,1
5.000000000000e-06,60,120,1
3.000000000000e-06,60,120,0
2.000000000000e-06,60,120,0
2.500000000000e-05,60,140,1
1.000000000000e-05,60,140,1
5.000000000000e-06,60,140,1
3.000000000000e-06,60,140,1
2.000000000000e-06,60,140,0
2.500000000000e-05,60,160,1
1.000000000000e-05,60,160,1
5.000000000000e-06,60,160,1
3.000000000000e-06,60,160,1
2.000000000000e-06,60,160,0
2.500000000000e-05,60,180,1
1.000000000000e-05,60,180,1
5.000000000000e-06,60,180,1
3.000000000000e-06,60,180,1
2.000000000000e-06,60,180,1
2.500000000000e-05,60,200,1
1.000000000000e-05,60,200,1
5.000000000000e-06,60,200,1
3.000000000000e-06,60,200,1
2.000000000000e-06,60,200,1
2.500000000000e-05,60,220,1
1.000000000000e-05,60,220,1
5.000000000000e-06,60,220,1
3.000000000000e-06,60,220,1
2.000000000000e-06,60,220,1
2.500000000000e-05,60,240,1
1.000000000000e-05,60,240,1
5.000000000000e-06,60,240,1
3.000000000000e-06,60,240,1
2.000000000000e-06,60,240,1
2.500000000000e-05,60,260,1
1.000000000000e-05,60,260,1
5.000000000000e-06,60,260,1
3.000000000000e-06,60,260,1
2.000000000000e-06,60,260,1
2.500000000000e-05,60,280,1
1.000000000000e-05,60,280,1
5.000000000000e-06,60,280,1
3.000000000000e-06,60,280,1
2.000000000000e-06,60,280,1
2.500000000000e-05,60,300,1
1.000000000000e-05,60,300,1
5.000000000000e-06,60,300,1
3.000000000000e-06,60,300,1
2.000000000000e-06,60,300,1
2.500000000000e-05,60,320,1
1.000000000000e-05,60,320,1
5.000000000000e-06,60,320,1
3.000000000000e-06,60,320,1
2.000000000000e-06,60,320,1
2.500000000000e-05,60,340,1
1.000000000000e-05,60,340,1
5.000000000000e-06,60,340,1
3.000000000000e-06,60,340,1
2.000000000000e-06,60,340,1
2.500000000000e-05,60,360,1
1.000000000000e-05,60,360,1
5.000000000000e-06,60,360,1
3.000000000000e-06,60,360,1
2.000000000000e-06,60,360,1
2.500000000000e-05,60,380,1
1.000000000000e-05,60,380,1
5.000000000000e-06,60,380,1
3.000000000000e-06,60,380,1
2.000000000000e-06,60,380,1
2.500000000000e-05,60,400,1
1.000000000000e-05,60,400,1
5.000000000000e-06,60,400,1
3.000000000000e-06,60,400,1
2.000000000000e-06,60,400,1
2.500000000000e-05,60,420,1
1.000000000000e-05,60,420,1
5.000000000000e-06,60,420,1
3.000000000000e-06,60,420,1
2.000000000000e-06,60,420,1
2.500000000000e-05,60,440,1
1.000000000000e-05,60,440,1
5.000000000000e-06,60,440,1
3.000000000000e-06,60,440,1
2.000000000000e-06,60,440,1
2.500000000000e-05,60,460,1
1.000000000000e-05,60,460,1
5.000000000000e-06,60,460,1
3.000000000000e-06,60,460,1
2.000000000000e-06,60,460,1
2.500000000000e-05,60,480,1
1.000000000000e-05,60,480,1
5.000000000000e-06,60,480,1
3.000000000000e-06,60,480,1
2.000000000000e-06,60,480,1
2.500000000000e-05,60,500,1
1.000000000000e-05,60,500,1
5.000000000000e-06,60,500,1
3.000000000000e-06,60,500,1
2.000000000000e-06,60,500,1
2.500000000000e-05,60,520,1
1.000000000000e-05,60,520,1
5.000000000000e-06,60,520,1
3.000000000000e-06,60,520,1
2.000000000000e-06,60,520,1
2.500000000000e-05,60,540,1
1.000000000000e-05,60,540,1
5.000000000000e-06,60,540,1
3.000000000000e-06,60,540,1
2.000000000000e-06,60,540,1
2.500000000000e-05,60,560,1
1.000000000000e-05,60,560,1
5.000000000000e-06,60,560,1
3.000000000000e-06,60,560,1
2.000000000000e-06,60,560,1
2.500000000000e-05,60,580,1
1.000000000000e-05,60,580,1
5.000000000000e-06,60,580,1
3.000000000000e-06,60,580,1
2.000000000000e-06,60,580,1
2.500000000000e-05,60,600,1
1.000000000000e-05,60,600,1
5.000000000000e-06,60,600,1
3.000000000000e-06,60,600,1
2.000000000000e-06,60,600,1
2.500000000000e-05,60,620,1
1.000000000000e-05,60,620,1
5.000000000000e-06,60,620,1
3.000000000000e-06,60,620,1
2.000000000000e-06,60,620,1
2.500000000000e-05,60,640,1
1.000000000000e-05,60,640,1
5.000000000000e-06,60,640,1
3.000000000000e-06,60,640,1
2.000000000000e-06,60,640,1
2.500000000000e-05,60,660,1
1.000000000000e-05,60,660,1
5.000000000000e-06,60,660,1
3.000000000000e-06,60,660,1
2.000000000000e-06,60,660,1
2.500000000000e-05,60,680,1
1.000000000000e-05,60,680,1
5.000000000000e-06,60,680,1
3.000000000000e-06,60,680,1
2.000000000000e-06,60,680,1
2.500000000000e-05,60,700,1
1.000000000000e-05,60,700,1
5.000000000000e-06,60,700,1
3.000000000000e-06,60,700,1
2.000000000000e-06,60,700,1
2.500000000000e-05,60,720,1
1.000000000000e-05,60,720,1
5.000000000000e-06,60,720,1
3.000000000000e-06,60,720,1
2.000000000000e-06,60,720,1
2.500000000000e-05,60,740,1
1.000000000000e-05,60,740,1
5.000000000000e-06,60,740,1
3.000000000000e-06,60,740,1
2.000000000000e-06,60,740,1
2.500000000000e-05,60,760,1
1.000000000000e-05,60,760,1
5.000000000000e-06,60,760,1
3.000000000000e-06,60,760,1
2.000000000000e-06,60,760,1
2.500000000000e-05,60,780,1
1.000000000000e-05,60,780,1
5.000000000000e-06,60,780,1
3.000000000000e-06,60,780,1
2.000000000000e-06,60,780,1
2.500000000000e-05,60,800,1
1.000000000000e-05,60,800,1
5.000000000000e-06,60,800,1
3.000000000000e-06,60,800,1
2.000000000000e-06,60,800,1
2.500000000000e-05,60,820,1
1.000000000000e-05,60,820,1
5.000000000000e-06,60,820,1
3.000000000000e-06,60,820,1
2.000000000000e-06,60,820,1
2.500000000000e-05,60,840,1
1.000000000000e-05,60,840,1
5.000000000000e-06,60,840,1
3.000000000000e-06,60,840,1
2.000000000000e-06,60,840,1
2.500000000000e-05,60,860,1
1.000000000000e-05,60,860,1
5.000000000000e-06,60,860,1
3.000000000000e-06,60,860,1
2.000000000000e-06,60,860,1
2.500000000000e-05,60,880,1
1.000000000000e-05,60,880,1
5.000000000000e-06,60,880,1
3.000000000000e-06,60,880,1
2.000000000000e-06,60,880,1
2.500000000000e-05,60,900,1
1.000000000000e-05,60,900,1
5.000000000000e-06,60,900,1
3.000000000000e-06,60,900,1
2.000000000000e-06,60,900,1
2.500000000000e-05,60,920,1
1.000000000000e-05,60,920,1
5.000000000000e-06,60,920,1
3.000000000000e-06,60,920,1
2.000000000000e-06,60,920,1
2.500000000000e-05,60,940,1
1.000000000000e-05,60,940,1
5.000000000000e-06,60,940,1
3.000000000000e-06,60,940,1
2.000000000000e-06,60,940,1
2.500000000000e-05,60,960,1
1.000000000000e-05,60,960,1
5.000000000000e-06,60,960,1
3.000000000000e-06,60,960,1
2.000000000000e-06,60,960,1
2.500000000000e-05,60,980,1
1.000000000000e-05,60,980,1
5.000000000000e-06,60,980,1
3.000000000000e-06,60,980,1
2.000000000000e-06,60,980,1
2.500000000000e-05,60,1000,1
1.000000000000e-05,60,1000,1
5.000000000000e-06,60,1000,1
3.000000000000e-06,60,1000,1
2.000000000000e-06,60,1000,1
2.500000000000e-05,80,0,0
1.000000000000e-05,80,0,0
5.000000000000e-06,80,0,0
3.000000000000e-06,80,0,0
2.000000000000e-06,80,0,0
2.500000000000e-05,80,20,0
1.000000000000e-05,80,20,0
5.000000000000e-06,80,20,0
3.000000000000e-06,80,20,0
2.000000000000e-06,80,20,0
2.500000000000e-05,80,40,1
1.000000000000e-05,80,40,0
5.000000000000e-06,80,40,0
3.000000000000e-06,80,40,0
2.000000000000e-06,80,40,0
2.500000000000e-05,80,60,1
1.000000000000e-05,80,60,1
5.000000000000e-06,80,60,0
3.000000000000e-06,80,60,0
2.000000000000e-06,80,60,0
2.500000000000e-05,80,80,1
1.000000000000e-05,80,80,1
5.000000000000e-06,80,80,0
3.000000000000e-06,80,80,0
2.000000000000e-06,80,80,0
2.500000000000e-05,80,100,1
1.000000000000e-05,80,100,1
5.000000000000e-06,80,100,1
3.000000000000e-06,80,100,0
2.000000000000e-06,80,100,0
2.500000000000e-05,80,120,1
1.000000000000e-05,80,120,1
5.000000000000e-06,80,120,1
3.000000000000e-06,80,120,0
2.000000000000e-06,80,120,0
2.500000000000e-05,80,140,1
1.000000000000e-05,80,140,1
5.000000000000e-06,80,140,1
3.000000000000e-06,80,140,1
2.000000000000e-06,80,140,0
2.500000000000e-05,80,160,1
1.000000000000e-05,80,160,1
5.000000000000e-06,80,160,1
3.000000000000e-06,80,160,1
2.000000000000e-06,80,160,0
2.500000000000e-05,80,180,1
1.000000000000e-05,80,180,1
5.000000000000e-06,80,180,1
3.000000000000e-06,80,180,1
2.000000000000e-06,80,180,1
2.500000000000e-05,80,200,1
1.000000000000e-05,80,200,1
5.000000000000e-06,80,200,1
3.000000000000e-06,80,200,1
2.000000000000e-06,80,200,1
2.500000000000e-05,80,220,1
1.000000000000e-05,80,220,1
5.000000000000e-06,80,220,1
3.000000000000e-06,80,220,1
2.000000000000e-06,80,220,1
2.500000000000e-05,80,240,1
1.000000000000e-05,80,240,1
5.000000000000e-06,80,240,1
3.000000000000e-06,80,240,1
2.000000000000e-06,80,240,1
2.500000000000e-05,80,260,1
1.000000000000e-05,80,260,1
5.000000000000e-06,80,260,1
3.000000000000e-06,80,260,1
2.000000000000e-06,80,260,1
2.500000000000e-05,80,280,1
1.000000000000e-05,80,280,1
5.000000000000e-06,80,280,1
3.000000000000e-06,80,280,1
2.000000000000e-06,80,280,1
2.500000000000e-05,80,300,1
1.000000000000e-05,80,300,1
5.000000000000e-06,80,300,1
3.000000000000e-06,80,300,1
2.000000000000e-06,80,300,1
2.500000000000e-05,80,320,1
1.000000000000e-05,80,320,1
5.000000000000e-06,80,320,1
3.000000000000e-06,80,320,1
2.000000000000e-06,80,320,1
2.500000000000e-05,80,340,1
1.000000000000e-05,80,340,1
5.000000000000e-06,80,340,1
3.000000000000e-06,80,340,1
2.000000000000e-06,80,340,1
2.500000000000e-05,80,360,1
1.000000000000e-05,80,360,1
5.000000000000e-06,80,360,1
3.000000000000e-06,80,360,1
2.000000000000e-06,80,360,1
2.500000000000e-05,80,380,1
1.000000000000e-05,80,380,1
5.000000000000e-06,80,380,1
3.000000000000e-06,80,380,1
2.000000000000e-06,80,380,1
2.500000000000e-05,80,400,1
1.000000000000e-05,80,400,1
5.000000000000e-06,80,400,1
3.000000000000e-06,80,400,1
2.000000000000e-06,80,400,1
2.500000000000e-05,80,420,1
1.000000000000e-05,80,420,1
5.000000000000e-06,80,420,1
3.000000000000e-06,80,420,1
2.000000000000e-06,80,420,1
2.500000000000e-05,80,440,1
1.000000000000e-05,80,440,1
5.000000000000e-06,80,440,1
3.000000000000e-06,80,440,1
2.000000000000e-06,80,440,1
2.500000000000e-05,80,460,1
1.000000000000e-05,80,460,1
5.000000000000e-06,80,460,1
3.000000000000e-06,80,460,1
2.000000000000e-06,80,460,1
2.500000000000e-05,80,480,1
1.000000000000e-05,80,480,1
5.000000000000e-06,80,480,1
3.000000000000e-06,80,480,1
2.000000000000e-06,80,480,1
2.500000000000e-05,80,500,1
1.000000000000e-05,80,500,1
5.000000000000e-06,80,500,1
3.000000000000e-06,80,500,1
2.000000000000e-06,80,500,1
2.500000000000e-05,80,520,1
1.000000000000e-05,80,520,1
5.000000000000e-06,80,520,1
3.000000000000e-06,80,520,1
2.000000000000e-06,80,520,1
2.500000000000e-05,80,540,1
1.000000000000e-05,80,540,1
5.000000000000e-06,80,540,1
3.000000000000e-06,80,540,1
2.000000000000e-06,80,540,1
2.500000000000e-05,80,560,1
1.000000000000e-05,80,560,1
5.000000000000e-06,80,560,1
3.000000000000e-06,80,560,1
2.000000000000e-06,80,560,1
2.500000000000e-05,80,580,1
1.000000000000e-05,80,580,1
5.000000000000e-06,80,580,1
3.000000000000e-06,80,580,1
2.000000000000e-06,80,580,1
2.500000000000e-05,80,600,1
1.000000000000e-05,80,600,1
5.000000000000e-06,80,600,1
3.000000000000e-06,80,600,1
2.000000000000e-06,80,600,1
2.500000000000e-05,80,620,1
1.000000000000e-05,80,620,1
5.000000000000e-06,80,620,1
3.000000000000e-06,80,620,1
2.000000000000e-06,80,620,1
2.500000000000e-05,80,640,1
1.000000000000e-05,80,640,1
5.000000000000e-06,80,640,1
3.000000000000e-06,80,640,1
2.000000000000e-06,80,640,1
2.500000000000e-05,80,660,1
1.000000000000e-05,80,660,1
5.000000000000e-06,80,660,1
3.000000000000e-06,80,660,1
2.000000000000e-06,80,660,1
2.500000000000e-05,80,680,1
1.000000000000e-05,80,680,1
5.000000000000e-06,80,680,1
3.000000000000e-06,80,680,1
2.000000000000e-06,80,680,1
2.500000000000e-05,80,700,1
1.000000000000e-05,80,700,1
5.000000000000e-06,80,700,1
3.000000000000e-06,80,700,1
2.000000000000e-06,80,700,1
2.500000000000e-05,80,720,1
1.000000000000e-05,80,720,1
5.000000000000e-06,80,720,1
3.000000000000e-06,80,720,1
2.000000000000e-06,80,720,1
2.500000000000e-05,80,740,1
1.000000000000e-05,80,740,1
5.000000000000e-06,80,740,1
3.000000000000e-06,80,740,1
2.000000000000e-06,80,740,1
2.500000000000e-05,80,760,1
1.000000000000e-05,80,760,1
5.000000000000e-06,80,760,1
3.000000000000e-06,80,760,1
2.000000000000e-06,80,760,1
2.500000000000e-05,80,780,1
1.000000000000e-05,80,780,1
5.000000000000e-06,80,780,1
3.000000000000e-06,80,780,1
2.000000000000e-06,80,780,1
2.500000000000e-05,80,800,1
1.000000000000e-05,80,800,1
5.000000000000e-06,80,800,1
3.000000000000e-06,80,800,1
2.000000000000e-06,80,800,1
2.500000000000e-05,80,820,1
1.000000000000e-05,80,820,1
5.000000000000e-06,80,820,1
3.000000000000e-06,80,820,1
2.000000000000e-06,80,820,1
2.500000000000e-05,80,840,1
1.000000000000e-05,80,840,1
5.000000000000e-06,80,840,1
3.000000000000e-06,80,840,1
2.000000000000e-06,80,840,1
2.500000000000e-05,80,860,1
1.000000000000e-05,80,860,1
5.000000000000e-06,80,860,1
3.000000000000e-06,80,860,1
2.000000000000e-06,80,860,1
2.500000000000e-05,80,880,1
1.000000000000e-05,80,880,1
5.000000000000e-06,80,880,1
3.000000000000e-06,80,880,1
2.000000000000e-06,80,880,1
2.500000000000e-05,80,900,1
1.000000000000e-05,80,900,1
5.000000000000e-06,80,900,1
3.000000000000e-06,80,900,1
2.000000000000e-06,80,900,1
2.500000000000e-05,80,920,1
1.000000000000e-05,80,920,1
5.000000000000e-06,80,920,1
3.000000000000e-06,80,920,1
2.000000000000e-06,80,920,1
2.500000000000e-05,80,940,1
1.000000000000e-05,80,940,1
5.000000000000e-06,80,940,1
3.000000000000e-06,80,940,1
2.000000000000e-06,80,940,1
2.500000000000e-05,80,960,1
1.000000000000e-05,80,960,1
5.000000000000e-06,80,960,1
3.000000000000e-06,80,960,1
2.000000000000e-06,80,960,1
2.500000000000e-05,80,980,1
1.000000000000e-05,80,980,1
5.000000000000e-06,80,980,1
3.000000000000e-06,80,980,1
2.000000000000e-06,80,980,1
2.500000000000e-05,80,1000,1
1.000000000000e-05,80,1000,1
5.000000000000e-06,80,1000,1
3.000000000000e-06,80,1000,1
2.000000000000e-06,80,1000,1
2.500000000000e-05,100,0,0
1.000000000000e-05,100,0,0
5.000000000000e-06,100,0,0
3.000000000000e-06,100,0,0
2.000000000000e-06,100,0,0
2.500000000000e-05,100,20,0
1.000000000000e-05,100,20,0
5.000000000000e-06,100,20,0
3.000000000000e-06,100,20,0
2.000000000000e-06,100,20,0
2.500000000000e-05,100,40,1
1.000000000000e-05,100,40,0
5.000000000000e-06,100,40,0
3.000000000000e-06,100,40,0
2.000000000000e-06,100,40,0
2.500000000000e-05,100,60,1
1.000000000000e-05,100,60,1
5.000000000000e-06,100,60,0
3.000000000000e-06,100,60,0
2.000000000000e-06,100,60,0
2.500000000000e-05,100,80,1
1.000000000000e-05,100,80,1
5.000000000000e-06,100,80,0
3.000000000000e-06,100,80,0
2.000000000000e-06,100,80,0
2.500000000000e-05,100,100,1
1.000000000000e-05,100,100,1
5.000000000000e-06,100,100,1
3.000000000000e-06,100,100,0
2.000000000000e-06,100,100,0
2.500000000000e-05,100,120,1
1.000000000000e-05,100,120,1
5.000000000000e-06,100,120,1
3.000000000000e-06,100,120,0
2.000000000000e-06,100,120,0
2.500000000000e-05,100,140,1
1.000000000000e-05,100,140,1
5.000000000000e-06,100,140,1
3.000000000000e-06,100,140,1
2.000000000000e-06,100,140,0
2.500000000000e-05,100,160,1
1.000000000000e-05,100,160,1
5.000000000000e-06,100,160,1
3.000000000000e-06,100,160,1
2.000000000000e-06,100,160,0
2.500000000000e-05,100,180,1
1.000000000000e-05,100,180,1
5.000000000000e-06,100,180,1
3.000000000000e-06,100,180,1
2.000000000000e-06,100,180,1
2.500000000000e-05,100,200,1
1.000000000000e-05,100,200,1
5.000000000000e-06,100,200,1
3.000000000000e-06,100,200,1
2.000000000000e-06,100,200,1
2.500000000000e-05,100,220,1
1.000000000000e-05,100,220,1
5.000000000000e-06,100,220,1
3.000000000000e-06,100,220,1
2.000000000000e-06,100,220,1
2.500000000000e-05,100,240,1
1.000000000000e-05,100,240,1
5.000000000000e-06,100,240,1
3.000000000000e-06,100,240,1
2.000000000000e-06,100,240,1
2.500000000000e-05,100,260,1
1.000000000000e-05,100,260,1
5.000000000000e-06,100,260,1
3.000000000000e-06,100,260,1
2.000000000000e-06,100,260,1
2.500000000000e-05,100,280,1
1.000000000000e-05,100,280,1
5.000000000000e-06,100,280,1
3.000000000000e-06,100,280,1
2.000000000000e-06,100,280,1
2.500000000000e-05,100,300,1
1.000000000000e-05,100,300,1
5.000000000000e-06,100,300,1
3.000000000000e-06,100,300,1
2.000000000000e-06,100,300,1
2.500000000000e-05,100,320,1
1.000000000000e-05,100,320,1
5.000000000000e-06,100,320,1
3.000000000000e-06,100,320,1
2.000000000000e-06,100,320,1
2.500000000000e-05,100,340,1
1.000000000000e-05,100,340,1
5.000000000000e-06,100,340,1
3.000000000000e-06,100,340,1
2.000000000000e-06,100,340,1
2.500000000000e-05,100,360,1
1.000000000000e-05,100,360,1
5.000000000000e-06,100,360,1
3.000000000000e-06,100,360,1
2.000000000000e-06,100,360,1
2.500000000000e-05,100,380,1
1.000000000000e-05,100,380,1
5.000000000000e-06,100,380,1
3.000000000000e-06,100,380,1
2.000000000000e-06,100,380,1
2.500000000000e-05,100,400,1
1.000000000000e-05,100,400,1
5.000000000000e-06,100,400,1
3.000000000000e-06,100,400,1
2.000000000000e-06,100,400,1
2.500000000000e-05,100,420,1
1.000000000000e-05,100,420,1
5.000000000000e-06,100,420,1
3.000000000000e-06,100,420,1
2.000000000000e-06,100,420,1
2.500000000000e-05,100,440,1
1.000000000000e-05,100,440,1
5.000000000000e-06,100,440,1
3.000000000000e-06,100,440,1
2.000000000000e-06,100,440,1
2.500000000000e-05,100,460,1
1.000000000000e-05,100,460,1
5.000000000000e-06,100,460,1
3.000000000000e-06,100,460,1
2.000000000000e-06,100,460,1
2.500000000000e-05,100,480,1
1.000000000000e-05,100,480,1
5.000000000000e-06,100,480,1
3.000000000000e-06,100,480,1
2.000000000000e-06,100,480,1
2.500000000000e-05,100,500,1
1.000000000000e-05,100,500,1
5.000000000000e-06,100,500,1
3.000000000000e-06,100,500,1
2.000000000000e-06,100,500,1
2.500000000000e-05,100,520,1
1.000000000000e-05,100,520,1
5.000000000000e-06,100,520,1
3.000000000000e-06,100,520,1
2.000000000000e-06,100,520,1
2.500000000000e-05,100,540,1
1.000000000000e-05,100,540,1
5.000000000000e-06,100,540,1
3.000000000000e-06,100,540,1
2.000000000000e-06,100,540,1
2.500000000000e-05,100,560,1
1.000000000000e-05,100,560,1
5.000000000000e-06,100,560,1
3.000000000000e-06,100,560,1
2.000000000000e-06,100,560,1
2.500000000000e-05,100,580,1
1.000000000000e-05,100,580,1
5.000000000000e-06,100,580,1
3.000000000000e-06,100,580,1
2.000000000000e-06,100,580,1
2.500000000000e-05,100,600,1
1.000000000000e-05,100,600,1
5.000000000000e-06,100,600,1
3.000000000000e-06,100,600,1
2.000000000000e-06,100,600,1
2.500000000000e-05,100,620,1
1.000000000000e-05,100,620,1
5.000000000000e-06,100,620,1
3.000000000000e-06,100,620,1
2.000000000000e-06,100,620,1
2.500000000000e-05,100,640,1
1.000000000000e-05,100,640,1
5.000000000000e-06,100,640,1
3.000000000000e-06,100,640,1
2.000000000000e-06,100,640,1
2.500000000000e-05,100,660,1
1.000000000000e-05,100,660,1
5.000000000000e-06,100,660,1
3.000000000000e-06,100,660,1
2.000000000000e-06,100,660,1
2.500000000000e-05,100,680,1
1.000000000000e-05,100,680,1
5.000000000000e-06,100,680,1
3.000000000000e-06,100,680,1
2.000000000000e-06,100,680,1
2.500000000000e-05,100,700,1
1.000000000000e-05,100,700,1
5.000000000000e-06,100,700,1
3.000000000000e-06,100,700,1
2.000000000000e-06,100,700,1
2.500000000000e-05,100,720,1
1.000000000000e-05,100,720,1
5.000000000000e-06,100,720,1
3.000000000000e-06,100,720,1
2.000000000000e-06,100,720,1
2.500000000000e-05,100,740,1
1.000000000000e-05,100,740,1
5.000000000000e-06,100,740,1
3.000000000000e-06,100,740,1
2.000000000000e-06,100,740,1
2.500000000000e-05,100,760,1
1.000000000000e-05,100,760,1
5.000000000000e-06,100,760,1
3.000000000000e-06,100,760,1
2.000000000000e-06,100,760,1
2.500000000000e-05,100,780,1
1.000000000000e-05,100,780,1
5.000000000000e-06,100,780,1
3.000000000000e-06,100,780,1
2.000000000000e-06,100,780,1
2.500000000000e-05,100,800,1
1.000000000000e-05,100,800,1
5.000000000000e-06,100,800,1
3.000000000000e-06,100,800,1
2.000000000000e-06,100,800,1
2.500000000000e-05,100,820,1
1.000000000000e-05,100,820,1
5.000000000000e-06,100,820,1
3.000000000000e-06,100,820,1
2.000000000000e-06,100,820,1
2.500000000000e-05,100,840,1
1.000000000000e-05,100,840,1
5.000000000000e-06,100,840,1
3.000000000000e-06,100,840,1
2.000000000000e-06,100,840,1
2.500000000000e-05,100,860,1
1.000000000000e-05,100,860,1
5.000000000000e-06,100,860,1
3.000000000000e-06,100,860,1
2.000000000000e-06,100,860,1
2.500000000000e-05,100,880,1
1.000000000000e-05,100,880,1
5.000000000000e-06,100,880,1
3.000000000000e-06,100,880,1
2.000000000000e-06,100,880,1
2.500000000000e-05,100,900,1
1.000000000000e-05,100,900,1
5.000000000000e-06,100,900,1
3.000000000000e-06,100,900,1
2.000000000000e-06,100,900,1
2.500000000000e-05,100,920,1
1.000000000000e-05,100,920,1
5.000000000000e-06,100,920,1
3.000000000000e-06,100,920,1
2.000000000000e-06,100,920,1
2.500000000000e-05,100,940,1
1.000000000000e-05,100,940,1
5.000000000000e-06,100,940,1
3.000000000000e-06,100,940,1
2.000000000000e-06,100,940,1
2.500000000000e-05,100,960,1
1.000000000000e-05,100,960,1
5.000000000000e-06,100,960,1
3.000000000000e-06,100,960,1
2.000000000000e-06,100,960,1
2.500000000000e-05,100,980,1
1.000000000000e-05,100,980,1
5.000000000000e-06,100,980,1
3.000000000000e-06,100,980,1
2.000000000000e-06,100,980,1
2.500000000000e-05,100,1000,1
1.000000000000e-05,100,1000,1
5.000000000000e-06,100,1000,1
3.000000000000e-06,100,1000,1
2.000000000000e-06,100,1000,1
2.500000000000e-05,120,0,0
1.000000000000e-05,120,0,0
5.000000000000e-06,120,0,0
3.000000000000e-06,120,0,0
2.000000000000e-06,120,0,0
2.500000000000e-05,120,20,0
1.000000000000e-05,120,20,0
5.000000000000e-06,120,20,0
3.000000000000e-06,120,20,0
2.000000000000e-06,120,20,0
2.500000000000e-05,120,40,1
1.000000000000e-05,120,40,0
5.000000000000e-06,120,40,0
3.000000000000e-06,120,40,0
2.000000000000e-06,120,40,0
2.500000000000e-05,120,60,1
1.000000000000e-05,120,60,1
5.000000000000e-06,120,60,0
3.000000000000e-06,120,60,0
2.000000000000e-06,120,60,0
2.500000000000e-05,120,80,1
1.000000000000e-05,120,80,1
5.000000000000e-06,120,80,0
3.000000000000e-06,120,80,0
2.000000000000e-06,120,80,0
2.500000000000e-05,120,100,1
1.000000000000e-05,120,100,1
5.000000000000e-06,120,100,1
3.000000000000e-06,120,100,0
2.000000000000e-06,120,100,0
2.500000000000e-05,120,120,1
1.000000000000e-05,120,120,1
5.000000000000e-06,120,120,1
3.000000000000e-06,120,120,0
2.000000000000e-06,120,120,0
2.500000000000e-05,120,140,1
1.000000000000e-05,120,140,1
5.000000000000e-06,120,140,1
3.000000000000e-06,120,140,1
2.000000000000e-06,120,140,1
2.500000000000e-05,120,160,1
1.000000000000e-05,120,160,1
5.000000000000e-06,120,160,1
3.000000000000e-06,120,160,1
2.000000000000e-06,120,160,0
2.500000000000e-05,120,180,1
1.000000000000e-05,120,180,1
5.000000000000e-06,120,180,1
3.000000000000e-06,120,180,1
2.000000000000e-06,120,180,1
2.500000000000e-05,120,200,1
1.000000000000e-05,120,200,1
5.000000000000e-06,120,200,1
3.000000000000e-06,120,200,1
2.000000000000e-06,120,200,1
2.500000000000e-05,120,220,1
1.000000000000e-05,120,220,1
5.000000000000e-06,120,220,1
3.000000000000e-06,120,220,1
2.000000000000e-06,120,220,1
2.500000000000e-05,120,240,1
1.000000000000e-05,120,240,1
5.000000000000e-06,120,240,1
3.000000000000e-06,120,240,1
2.000000000000e-06,120,240,1
2.500000000000e-05,120,260,1
1.000000000000e-05,120,260,1
5.000000000000e-06,120,260,1
3.000000000000e-06,120,260,1
2.000000000000e-06,120,260,1
2.500000000000e-05,120,280,1
1.000000000000e-05,120,280,1
5.000000000000e-06,120,280,1
3.000000000000e-06,120,280,1
2.000000000000e-06,120,280,1
2.500000000000e-05,120,300,1
1.000000000000e-05,120,300,1
5.000000000000e-06,120,300,1
3.000000000000e-06,120,300,1
2.000000000000e-06,120,300,1
2.500000000000e-05,120,320,1
1.000000000000e-05,120,320,1
5.000000000000e-06,120,320,1
3.000000000000e-06,120,320,1
2.000000000000e-06,120,320,1
2.500000000000e-05,120,340,1
1.000000000000e-05,120,340,1
5.000000000000e-06,120,340,1
3.000000000000e-06,120,340,1
2.000000000000e-06,120,340,1
2.500000000000e-05,120,360,1
1.000000000000e-05,120,360,1
5.000000000000e-06,120,360,1
3.000000000000e-06,120,360,1
2.000000000000e-06,120,360,1
2.500000000000e-05,120,380,1
1.000000000000e-05,120,380,1
5.000000000000e-06,120,380,1
3.000000000000e-06,120,380,1
2.000000000000e-06,120,380,1
2.500000000000e-05,120,400,1
1.000000000000e-05,120,400,1
5.000000000000e-06,120,400,1
3.000000000000e-06,120,400,1
2.000000000000e-06,120,400,1
2.500000000000e-05,120,420,1
1.000000000000e-05,120,420,1
5.000000000000e-06,120,420,1
3.000000000000e-06,120,420,1
2.000000000000e-06,120,420,1
2.500000000000e-05,120,440,1
1.000000000000e-05,120,440,1
5.000000000000e-06,120,440,1
3.000000000000e-06,120,440,1
2.000000000000e-06,120,440,1
2.500000000000e-05,120,460,1
1.000000000000e-05,120,460,1
5.000000000000e-06,120,460,1
3.000000000000e-06,120,460,1
2.000000000000e-06,120,460,1
2.500000000000e-05,120,480,1
1.000000000000e-05,120,480,1
5.000000000000e-06,120,480,1
3.000000000000e-06,120,480,1
2.000000000000e-06,120,480,1
2.500000000000e-05,120,500,1
1.000000000000e-05,120,500,1
5.000000000000e-06,120,500,1
3.000000000000e-06,120,500,1
2.000000000000e-06,120,500,1
2.500000000000e-05,120,520,1
1.000000000000e-05,120,520,1
5.000000000000e-06,120,520,1
3.000000000000e-06,120,520,1
2.000000000000e-06,120,520,1
2.500000000000e-05,120,540,1
1.000000000000e-05,120,540,1
5.000000000000e-06,120,540,1
3.000000000000e-06,120,540,1
2.000000000000e-06,120,540,1
2.500000000000e-05,120,560,1
1.000000000000e-05,120,560,1
5.000000000000e-06,120,560,1
3.000000000000e-06,120,560,1
2.000000000000e-06,120,560,1
2.500000000000e-05,120,580,1
1.000000000000e-05,120,580,1
5.000000000000e-06,120,580,1
3.000000000000e-06,120,580,1
2.000000000000e-06,120,580,1
2.500000000000e-05,120,600,1
1.000000000000e-05,120,600,1
5.000000000000e-06,120,600,1
3.000000000000e-06,120,600,1
2.000000000000e-06,120,600,1
2.500000000000e-05,120,620,1
1.000000000000e-05,120,620,1
5.000000000000e-06,120,620,1
3.000000000000e-06,120,620,1
2.000000000000e-06,120,620,1
2.500000000000e-05,120,640,1
1.000000000000e-05,120,640,1
5.000000000000e-06,120,640,1
3.000000000000e-06,120,640,1
2.000000000000e-06,120,640,1
2.500000000000e-05,120,660,1
1.000000000000e-05,120,660,1
5.000000000000e-06,120,660,1
3.000000000000e-06,120,660,1
2.000000000000e-06,120,660,1
2.500000000000e-05,120,680,1
1.000000000000e-05,120,680,1
5.000000000000e-06,120,680,1
3.000000000000e-06,120,680,1
2.000000000000e-06,120,680,1
2.500000000000e-05,120,700,1
1.000000000000e-05,120,700,1
5.000000000000e-06,120,700,1
3.000000000000e-06,120,700,1
2.000000000000e-06,120,700,1
2.500000000000e-05,120,720,1
1.000000000000e-05,120,720,1
5.000000000000e-06,120,720,1
3.000000000000e-06,120,720,1
2.000000000000e-06,120,720,1
2.500000000000e-05,120,740,1
1.000000000000e-05,120,740,1
5.000000000000e-06,120,740,1
3.000000000000e-06,120,740,1
2.000000000000e-06,120,740,1
2.500000000000e-05,120,760,1
1.000000000000e-05,120,760,1
5.000000000000e-06,120,760,1
3.000000000000e-06,120,760,1
2.000000000000e-06,120,760,1
2.500000000000e-05,120,780,1
1.000000000000e-05,120,780,1
5.000000000000e-06,120,780,1
3.000000000000e-06,120,780,1
2.000000000000e-06,120,780,1
2.500000000000e-05,120,800,1
1.000000000000e-05,120,800,1
5.000000000000e-06,120,800,1
3.000000000000e-06,120,800,1
2.000000000000e-06,120,800,1
2.500000000000e-05,120,820,1
1.000000000000e-05,120,820,1
5.000000000000e-06,120,820,1
3.000000000000e-06,120,820,1
2.000000000000e-06,120,820,1
2.500000000000e-05,120,840,1
1.000000000000e-05,120,840,1
5.000000000000e-06,120,840,1
3.000000000000e-06,120,840,1
2.000000000000e-06,120,840,1
2.500000000000e-05,120,860,1
1.000000000000e-05,120,860,1
5.000000000000e-06,120,860,1
3.000000000000e-06,120,860,1
2.000000000000e-06,120,860,1
2.500000000000e-05,120,880,1
1.000000000000e-05,120,880,1
5.000000000000e-06,120,880,1
3.000000000000e-06,120,880,1
2.000000000000e-06,120,880,1
2.500000000000e-05,120,900,1
1.000000000000e-05,120,900,1
5.000000000000e-06,120,900,1
3.000000000000e-06,120,900,1
2.000000000000e-06,120,900,1
2.500000000000e-05,120,920,1
1.000000000000e-05,120,920,1
5.000000000000e-06,120,920,1
3.000000000000e-06,120,920,1
2.000000000000e-06,120,920,1
2.500000000000e-05,120,940,1
1.000000000000e-05,120,940,1
5.000000000000e-06,120,940,1
3.000000000000e-06,120,940,1
2.000000000000e-06,120,940,1
2.500000000000e-05,120,960,1
1.000000000000e-05,120,960,1
5.000000000000e-06,120,960,1
3.000000000000e-06,120,960,1
2.000000000000e-06,120,960,1
2.500000000000e-05,120,980,1
1.000000000000e-05,120,980,1
5.000000000000e-06,120,980,1
3.000000000000e-06,120,980,1
2.000000000000e-06,120,980,1
2.500000000000e-05,120,1000,1
1.000000000000e-05,120,1000,1
5.000000000000e-06,120,1000,1
3.000000000000e-06,120,1000,1
2.000000000000e-06,120,1000,1
2.500000000000e-05,140,0,1
1.000000000000e-05,140,0,0
5.000000000000e-06,140,0,0
3.000000000000e-06,140,0,0
2.000000000000e-06,140,0,0
2.500000000000e-05,140,20,1
1.000000000000e-05,140,20,0
5.000000000000e-06,140,20,0
3.000000000000e-06,140,20,0
2.000000000000e-06,140,20,0
2.500000000000e-05,140,40,1
1.000000000000e-05,140,40,1
5.000000000000e-06,140,40,0
3.000000000000e-06,140,40,0
2.000000000000e-06,140,40,0
2.500000000000e-05,140,60,1
1.000000000000e-05,140,60,1
5.000000000000e-06,140,60,0
3.000000000000e-06,140,60,0
2.000000000000e-06,140,60,0
2.500000000000e-05,140,80,1
1.000000000000e-05,140,80,1
5.000000000000e-06,140,80,0
3.000000000000e-06,140,80,0
2.000000000000e-06,140,80,0
2.500000000000e-05,140,100,1
1.000000000000e-05,140,100,1
5.000000000000e-06,140,100,1
3.000000000000e-06,140,100,1
2.000000000000e-06,140,100,0
2.500000000000e-05,140,120,1
1.000000000000e-05,140,120,1
5.000000000000e-06,140,120,1
3.000000000000e-06,140,120,0
2.000000000000e-06,140,120,0
2.500000000000e-05,140,140,1
1.000000000000e-05,140,140,1
5.000000000000e-06,140,140,1
3.000000000000e-06,140,140,1
2.000000000000e-06,140,140,0
2.500000000000e-05,140,160,1
1.000000000000e-05,140,160,1
5.000000000000e-06,140,160,1
3.000000000000e-06,140,160,1
2.000000000000e-06,140,160,0
2.500000000000e-05,140,180,1
1.000000000000e-05,140,180,1
5.000000000000e-06,140,180,1
3.000000000000e-06,140,180,1
2.000000000000e-06,140,180,1
2.500000000000e-05,140,200,1
1.000000000000e-05,140,200,1
5.000000000000e-06,140,200,1
3.000000000000e-06,140,200,1
2.000000000000e-06,140,200,1
2.500000000000e-05,140,220,1
1.000000000000e-05,140,220,1
5.000000000000e-06,140,220,1
3.000000000000e-06,140,220,1
2.000000000000e-06,140,220,1
2.500000000000e-05,140,240,1
1.000000000000e-05,140,240,1
5.000000000000e-06,140,240,1
3.000000000000e-06,140,240,1
2.000000000000e-06,140,240,1
2.500000000000e-05,140,260,1
1.000000000000e-05,140,260,1
5.000000000000e-06,140,260,1
3.000000000000e-06,140,260,1
2.000000000000e-06,140,260,1
2.500000000000e-05,140,280,1
1.000000000000e-05,140,280,1
5.000000000000e-06,140,280,1
3.000000000000e-06,140,280,1
2.000000000000e-06,140,280,1
2.500000000000e-05,140,300,1
1.000000000000e-05,140,300,1
5.000000000000e-06,140,300,1
3.000000000000e-06,140,300,1
2.000000000000e-06,140,300,1
2.500000000000e-05,140,320,1
1.000000000000e-05,140,320,1
5.000000000000e-06,140,320,1
3.000000000000e-06,140,320,1
2.000000000000e-06,140,320,1
2.500000000000e-05,140,340,1
1.000000000000e-05,140,340,1
5.000000000000e-06,140,340,1
3.000000000000e-06,140,340,1
2.000000000000e-06,140,340,1
2.500000000000e-05,140,360,1
1.000000000000e-05,140,360,1
5.000000000000e-06,140,360,1
3.000000000000e-06,140,360,1
2.000000000000e-06,140,360,1
2.500000000000e-05,140,380,1
1.000000000000e-05,140,380,1
5.000000000000e-06,140,380,1
3.000000000000e-06,140,380,1
2.000000000000e-06,140,380,1
2.500000000000e-05,140,400,1
1.000000000000e-05,140,400,1
5.000000000000e-06,140,400,1
3.000000000000e-06,140,400,1
2.000000000000e-06,140,400,1
2.500000000000e-05,140,420,1
1.000000000000e-05,140,420,1
5.000000000000e-06,140,420,1
3.000000000000e-06,140,420,1
2.000000000000e-06,140,420,1
2.500000000000e-05,140,440,1
1.000000000000e-05,140,440,1
5.000000000000e-06,140,440,1
3.000000000000e-06,140,440,1
2.000000000000e-06,140,440,1
2.500000000000e-05,140,460,1
1.000000000000e-05,140,460,1
5.000000000000e-06,140,460,1
3.000000000000e-06,140,460,1
2.000000000000e-06,140,460,1
2.500000000000e-05,140,480,1
1.000000000000e-05,140,480,1
5.000000000000e-06,140,480,1
3.000000000000e-06,140,480,1
2.000000000000e-06,140,480,1
2.500000000000e-05,140,500,1
1.000000000000e-05,140,500,1
5.000000000000e-06,140,500,1
3.000000000000e-06,140,500,1
2.000000000000e-06,140,500,1
2.500000000000e-05,140,520,1
1.000000000000e-05,140,520,1
5.000000000000e-06,140,520,1
3.000000000000e-06,140,520,1
2.000000000000e-06,140,520,1
2.500000000000e-05,140,540,1
1.000000000000e-05,140,540,1
5.000000000000e-06,140,540,1
3.000000000000e-06,140,540,1
2.000000000000e-06,140,540,1
2.500000000000e-05,140,560,1
1.000000000000e-05,140,560,1
5.000000000000e-06,140,560,1
3.000000000000e-06,140,560,1
2.000000000000e-06,140,560,1
2.500000000000e-05,140,580,1
1.000000000000e-05,140,580,1
5.000000000000e-06,140,580,1
3.000000000000e-06,140,580,1
2.000000000000e-06,140,580,1
2.500000000000e-05,140,600,1
1.000000000000e-05,140,600,1
5.000000000000e-06,140,600,1
3.000000000000e-06,140,600,1
2.000000000000e-06,140,600,1
2.500000000000e-05,140,620,1
1.000000000000e-05,140,620,1
5.000000000000e-06,140,620,1
3.000000000000e-06,140,620,1
2.000000000000e-06,140,620,1
2.500000000000e-05,140,640,1
1.000000000000e-05,140,640,1
5.000000000000e-06,140,640,1
3.000000000000e-06,140,640,1
2.000000000000e-06,140,640,1
2.500000000000e-05,140,660,1
1.000000000000e-05,140,660,1
5.000000000000e-06,140,660,1
3.000000000000e-06,140,660,1
2.000000000000e-06,140,660,1
2.500000000000e-05,140,680,1
1.000000000000e-05,140,680,1
5.000000000000e-06,140,680,1
3.000000000000e-06,140,680,1
2.000000000000e-06,140,680,1
2.500000000000e-05,140,700,1
1.000000000000e-05,140,700,1
5.000000000000e-06,140,700,1
3.000000000000e-06,140,700,1
2.000000000000e-06,140,700,1
2.500000000000e-05,140,720,1
1.000000000000e-05,140,720,1
5.000000000000e-06,140,720,1
3.000000000000e-06,140,720,1
2.000000000000e-06,140,720,1
2.500000000000e-05,140,740,1
1.000000000000e-05,140,740,1
5.000000000000e-06,140,740,1
3.000000000000e-06,140,740,1
2.000000000000e-06,140,740,1
2.500000000000e-05,140,760,1
1.000000000000e-05,140,760,1
5.000000000000e-06,140,760,1
3.000000000000e-06,140,760,1
2.000000000000e-06,140,760,1
2.500000000000e-05,140,780,1
1.000000000000e-05,140,780,1
5.000000000000e-06,140,780,1
3.000000000000e-06,140,780,1
2.000000000000e-06,140,780,1
2.500000000000e-05,140,800,1
1.000000000000e-05,140,800,1
5.000000000000e-06,140,800,1
3.000000000000e-06,140,800,1
2.000000000000e-06,140,800,1
2.500000000000e-05,140,820,1
1.000000000000e-05,140,820,1
5.000000000000e-06,140,820,1
3.000000000000e-06,140,820,1
2.000000000000e-06,140,820,1
2.500000000000e-05,140,840,1
1.000000000000e-05,140,840,1
5.000000000000e-06,140,840,1
3.000000000000e-06,140,840,1
2.000000000000e-06,140,840,1
2.500000000000e-05,140,860,1
1.000000000000e-05,140,860,1
5.000000000000e-06,140,860,1
3.000000000000e-06,140,860,1
2.000000000000e-06,140,860,1
2.500000000000e-05,140,880,1
1.000000000000e-05,140,880,1
5.000000000000e-06,140,880,1
3.000000000000e-06,140,880,1
2.000000000000e-06,140,880,1
2.500000000000e-05,140,900,1
1.000000000000e-05,140,900,1
5.000000000000e-06,140,900,1
3.000000000000e-06,140,900,1
2.000000000000e-06,140,900,1
2.500000000000e-05,140,920,1
1.000000000000e-05,140,920,1
5.000000000000e-06,140,920,1
3.000000000000e-06,140,920,1
2.000000000000e-06,140,920,1
2.500000000000e-05,140,940,1
1.000000000000e-05,140,940,1
5.000000000000e-06,140,940,1
3.000000000000e-06,140,940,1
2.000000000000e-06,140,940,1
2.500000000000e-05,140,960,1
1.000000000000e-05,140,960,1
5.000000000000e-06,140,960,1
3.000000000000e-06,140,960,1
2.000000000000e-06,140,960,1
2.500000000000e-05,140,980,1
1.000000000000e-05,140,980,1
5.000000000000e-06,140,980,1
3.000000000000e-06,140,980,1
2.000000000000e-06,140,980,1
2.500000000000e-05,140,1000,1
1.000000000000e-05,140,1000,1
5.000000000000e-06,140,1000,1
3.000000000000e-06,140,1000,1
2.000000000000e-06,140,1000,1
2.500000000000e-05,160,0,1
1.000000000000e-05,160,0,0
5.000000000000e-06,160,0,0
3.000000000000e-06,160,0,0
2.000000000000e-06,160,0,0
2.500000000000e-05,160,20,1
1.000000000000e-05,160,20,0
5.000000000000e-06,160,20,0
3.000000000000e-06,160,20,0
2.000000000000e-06,160,20,0
2.500000000000e-05,160,40,1
1.000000000000e-05,160,40,0
5.000000000000e-06,160,40,0
3.000000000000e-06,160,40,0
2.000000000000e-06,160,40,0
2.500000000000e-05,160,60,1
1.000000000000e-05,160,60,1
5.000000000000e-06,160,60,0
3.000000000000e-06,160,60,0
2.000000000000e-06,160,60,0
2.500000000000e-05,160,80,1
1.000000000000e-05,160,80,1
5.000000000000e-06,160,80,0
3.000000000000e-06,160,80,0
2.000000000000e-06,160,80,0
2.500000000000e-05,160,100,1
1.000000000000e-05,160,100,1
5.000000000000e-06,160,100,1
3.000000000000e-06,160,100,0
2.000000000000e-06,160,100,0
2.500000000000e-05,160,120,1
1.000000000000e-05,160,120,1
5.000000000000e-06,160,120,1
3.000000000000e-06,160,120,0
2.000000000000e-06,160,120,0
2.500000000000e-05,160,140,1
1.000000000000e-05,160,140,1
5.000000000000e-06,160,140,1
3.000000000000e-06,160,140,1
2.000000000000e-06,160,140,0
2.500000000000e-05,160,160,1
1.000000000000e-05,160,160,1
5.000000000000e-06,160,160,1
3.000000000000e-06,160,160,1
2.000000000000e-06,160,160,0
2.500000000000e-05,160,180,1
1.000000000000e-05,160,180,1
5.000000000000e-06,160,180,1
3.000000000000e-06,160,180,1
2.000000000000e-06,160,180,1
2.500000000000e-05,160,200,1
1.000000000000e-05,160,200,1
5.000000000000e-06,160,200,1
3.000000000000e-06,160,200,1
2.000000000000e-06,160,200,1
2.500000000000e-05,160,220,1
1.000000000000e-05,160,220,1
5.000000000000e-06,160,220,1
3.000000000000e-06,160,220,1
2.000000000000e-06,160,220,1
2.500000000000e-05,160,240,1
1.000000000000e-05,160,240,1
5.000000000000e-06,160,240,1
3.000000000000e-06,160,240,1
2.000000000000e-06,160,240,1
2.500000000000e-05,160,260,1
1.000000000000e-05,160,260,1
5.000000000000e-06,160,260,1
3.000000000000e-06,160,260,1
2.000000000000e-06,160,260,1
2.500000000000e-05,160,280,1
1.000000000000e-05,160,280,1
5.000000000000e-06,160,280,1
3.000000000000e-06,160,280,1
2.000000000000e-06,160,280,1
2.500000000000e-05,160,300,1
1.000000000000e-05,160,300,1
5.000000000000e-06,160,300,1
3.000000000000e-06,160,300,1
2.000000000000e-06,160,300,1
2.500000000000e-05,160,320,1
1.000000000000e-05,160,320,1
5.000000000000e-06,160,320,1
3.000000000000e-06,160,320,1
2.000000000000e-06,160,320,1
2.500000000000e-05,160,340,1
1.000000000000e-05,160,340,1
5.000000000000e-06,160,340,1
3.000000000000e-06,160,340,1
2.000000000000e-06,160,340,1
2.500000000000e-05,160,360,1
1.000000000000e-05,160,360,1
5.000000000000e-06,160,360,1
3.000000000000e-06,160,360,1
2.000000000000e-06,160,360,1
2.500000000000e-05,160,380,1
1.000000000000e-05,160,380,1
5.000000000000e-06,160,380,1
3.000000000000e-06,160,380,1
2.000000000000e-06,160,380,1
2.500000000000e-05,160,400,1
1.000000000000e-05,160,400,1
5.000000000000e-06,160,400,1
3.000000000000e-06,160,400,1
2.000000000000e-06,160,400,1
2.500000000000e-05,160,420,1
1.000000000000e-05,160,420,1
5.000000000000e-06,160,420,1
3.000000000000e-06,160,420,1
2.000000000000e-06,160,420,1
2.500000000000e-05,160,440,1
1.000000000000e-05,160,440,1
5.000000000000e-06,160,440,1
3.000000000000e-06,160,440,1
2.000000000000e-06,160,440,1
2.500000000000e-05,160,460,1
1.000000000000e-05,160,460,1
5.000000000000e-06,160,460,1
3.000000000000e-06,160,460,1
2.000000000000e-06,160,460,1
2.500000000000e-05,160,480,1
1.000000000000e-05,160,480,1
5.000000000000e-06,160,480,1
3.000000000000e-06,160,480,1
2.000000000000e-06,160,480,1
2.500000000000e-05,160,500,1
1.000000000000e-05,160,500,1
5.000000000000e-06,160,500,1
3.000000000000e-06,160,500,1
2.000000000000e-06,160,500,1
2.500000000000e-05,160,520,1
1.000000000000e-05,160,520,1
5.000000000000e-06,160,520,1
3.000000000000e-06,160,520,1
2.000000000000e-06,160,520,1
2.500000000000e-05,160,540,1
1.000000000000e-05,160,540,1
5.000000000000e-06,160,540,1
3.000000000000e-06,160,540,1
2.000000000000e-06,160,540,1
2.500000000000e-05,160,560,1
1.000000000000e-05,160,560,1
5.000000000000e-06,160,560,1
3.000000000000e-06,160,560,1
2.000000000000e-06,160,560,1
2.500000000000e-05,160,580,1
1.000000000000e-05,160,580,1
5.000000000000e-06,160,580,1
3.000000000000e-06,160,580,1
2.000000000000e-06,160,580,1
2.500000000000e-05,160,600,1
1.000000000000e-05,160,600,1
5.000000000000e-06,160,600,1
3.000000000000e-06,160,600,1
2.000000000000e-06,160,600,1
2.500000000000e-05,160,620,1
1.000000000000e-05,160,620,1
5.000000000000e-06,160,620,1
3.000000000000e-06,160,620,1
2.000000000000e-06,160,620,1
2.500000000000e-05,160,640,1
1.000000000000e-05,160,640,1
5.000000000000e-06,160,640,1
3.000000000000e-06,160,640,1
2.000000000000e-06,160,640,1
2.500000000000e-05,160,660,1
1.000000000000e-05,160,660,1
5.000000000000e-06,160,660,1
3.000000000000e-06,160,660,1
2.000000000000e-06,160,660,1
2.500000000000e-05,160,680,1
1.000000000000e-05,160,680,1
5.000000000000e-06,160,680,1
3.000000000000e-06,160,680,1
2.000000000000e-06,160,680,1
2.500000000000e-05,160,700,1
1.000000000000e-05,160,700,1
5.000000000000e-06,160,700,1
3.000000000000e-06,160,700,1
2.000000000000e-06,160,700,1
2.500000000000e-05,160,720,1
1.000000000000e-05,160,720,1
5.000000000000e-06,160,720,1
3.000000000000e-06,160,720,1
2.000000000000e-06,160,720,1
2.500000000000e-05,160,740,1
1.000000000000e-05,160,740,1
5.000000000000e-06,160,740,1
3.000000000000e-06,160,740,1
2.000000000000e-06,160,740,1
2.500000000000e-05,160,760,1
1.000000000000e-05,160,760,1
5.000000000000e-06,160,760,1
3.000000000000e-06,160,760,1
2.000000000000e-06,160,760,1
2.500000000000e-05,160,780,1
1.000000000000e-05,160,780,1
5.000000000000e-06,160,780,1
3.000000000000e-06,160,780,1
2.000000000000e-06,160,780,1
2.500000000000e-05,160,800,1
1.000000000000e-05,160,800,1
5.000000000000e-06,160,800,1
3.000000000000e-06,160,800,1
2.000000000000e-06,160,800,1
2.500000000000e-05,160,820,1
1.000000000000e-05,160,820,1
5.000000000000e-06,160,820,1
3.000000000000e-06,160,820,1
2.000000000000e-06,160,820,1
2.500000000000e-05,160,840,1
1.000000000000e-05,160,840,1
5.000000000000e-06,160,840,1
3.000000000000e-06,160,840,1
2.000000000000e-06,160,840,1
2.500000000000e-05,160,860,1
1.000000000000e-05,160,860,1
5.000000000000e-06,160,860,1
3.000000000000e-06,160,860,1
2.000000000000e-06,160,860,1
2.500000000000e-05,160,880,1
1.000000000000e-05,160,880,1
5.000000000000e-06,160,880,1
3.000000000000e-06,160,880,1
2.000000000000e-06,160,880,1
2.500000000000e-05,160,900,1
1.000000000000e-05,160,900,1
5.000000000000e-06,160,900,1
3.000000000000e-06,160,900,1
2.000000000000e-06,160,900,1
2.500000000000e-05,160,920,1
1.000000000000e-05,160,920,1
5.000000000000e-06,160,920,1
3.000000000000e-06,160,920,1
2.000000000000e-06,160,920,1
2.500000000000e-05,160,940,1
1.000000000000e-05,160,940,1
5.000000000000e-06,160,940,1
3.000000000000e-06,160,940,1
2.000000000000e-06,160,940,1
2.500000000000e-05,160,960,1
1.000000000000e-05,160,960,1
5.000000000000e-06,160,960,1
3.000000000000e-06,160,960,1
2.000000000000e-06,160,960,1
2.500000000000e-05,160,980,1
1.000000000000e-05,160,980,1
5.000000000000e-06,160,980,1
3.000000000000e-06,160,980,1
2.000000000000e-06,160,980,1
2.500000000000e-05,160,1000,1
1.000000000000e-05,160,1000,1
5.000000000000e-06,160,1000,1
3.000000000000e-06,160,1000,1
2.000000000000e-06,160,1000,1
2.500000000000e-05,180,0,1
1.000000000000e-05,180,0,0
5.000000000000e-06,180,0,0
3.000000000000e-06,180,0,0
2.000000000000e-06,180,0,0
2.500000000000e-05,180,20,1
1.000000000000e-05,180,20,1
5.000000000000e-06,180,20,0
3.000000000000e-06,180,20,0
2.000000000000e-06,180,20,0
2.500000000000e-05,180,40,1
1.000000000000e-05,180,40,0
5.000000000000e-06,180,40,0
3.000000000000e-06,180,40,0
2.000000000000e-06,180,40,0
2.500000000000e-05,180,60,1
1.000000000000e-05,180,60,1
5.000000000000e-06,180,60,0
3.000000000000e-06,180,60,0
2.000000000000e-06,180,60,0
2.500000000000e-05,180,80,1
1.000000000000e-05,180,80,1
5.000000000000e-06,180,80,0
3.000000000000e-06,180,80,0
2.000000000000e-06,180,80,0
2.500000000000e-05,180,100,1
1.000000000000e-05,180,100,1
5.000000000000e-06,180,100,1
3.000000000000e-06,180,100,0
2.000000000000e-06,180,100,0
2.500000000000e-05,180,120,1
1.000000000000e-05,180,120,1
5.000000000000e-06,180,120,1
3.000000000000e-06,180,120,0
2.000000000000e-06,180,120,0
2.500000000000e-05,180,140,1
1.000000000000e-05,180,140,1
5.000000000000e-06,180,140,1
3.000000000000e-06,180,140,1
2.000000000000e-06,180,140,0
2.500000000000e-05,180,160,1
1.000000000000e-05,180,160,1
5.000000000000e-06,180,160,1
3.000000000000e-06,180,160,1
2.000000000000e-06,180,160,0
2.500000000000e-05,180,180,1
1.000000000000e-05,180,180,1
5.000000000000e-06,180,180,1
3.000000000000e-06,180,180,1
2.000000000000e-06,180,180,1
2.500000000000e-05,180,200,1
1.000000000000e-05,180,200,1
5.000000000000e-06,180,200,1
3.000000000000e-06,180,200,1
2.000000000000e-06,180,200,1
2.500000000000e-05,180,220,1
1.000000000000e-05,180,220,1
5.000000000000e-06,180,220,1
3.000000000000e-06,180,220,1
2.000000000000e-06,180,220,1
2.500000000000e-05,180,240,1
1.000000000000e-05,180,240,1
5.000000000000e-06,180,240,1
3.000000000000e-06,180,240,1
2.000000000000e-06,180,240,1
2.500000000000e-05,180,260,1
1.000000000000e-05,180,260,1
5.000000000000e-06,180,260,1
3.000000000000e-06,180,260,1
2.000000000000e-06,180,260,1
2.500000000000e-05,180,280,1
1.000000000000e-05,180,280,1
5.000000000000e-06,180,280,1
3.000000000000e-06,180,280,1
2.000000000000e-06,180,280,1
2.500000000000e-05,180,300,1
1.000000000000e-05,180,300,1
5.000000000000e-06,180,300,1
3.000000000000e-06,180,300,1
2.000000000000e-06,180,300,1
2.500000000000e-05,180,320,1
1.000000000000e-05,180,320,1
5.000000000000e-06,180,320,1
3.000000000000e-06,180,320,1
2.000000000000e-06,180,320,1
2.500000000000e-05,180,340,1
1.000000000000e-05,180,340,1
5.000000000000e-06,180,340,1
3.000000000000e-06,180,340,1
2.000000000000e-06,180,340,1
2.500000000000e-05,180,360,1
1.000000000000e-05,180,360,1
5.000000000000e-06,180,360,1
3.000000000000e-06,180,360,1
2.000000000000e-06,180,360,1
2.500000000000e-05,180,380,1
1.000000000000e-05,180,380,1
5.000000000000e-06,180,380,1
3.000000000000e-06,180,380,1
2.000000000000e-06,180,380,1
2.500000000000e-05,180,400,1
1.000000000000e-05,180,400,1
5.000000000000e-06,180,400,1
3.000000000000e-06,180,400,1
2.000000000000e-06,180,400,1
2.500000000000e-05,180,420,1
1.000000000000e-05,180,420,1
5.000000000000e-06,180,420,1
3.000000000000e-06,180,420,1
2.000000000000e-06,180,420,1
2.500000000000e-05,180,440,1
1.000000000000e-05,180,440,1
5.000000000000e-06,180,440,1
3.000000000000e-06,180,440,1
2.000000000000e-06,180,440,1
2.500000000000e-05,180,460,1
1.000000000000e-05,180,460,1
5.000000000000e-06,180,460,1
3.000000000000e-06,180,460,1
2.000000000000e-06,180,460,1
2.500000000000e-05,180,480,1
1.000000000000e-05,180,480,1
5.000000000000e-06,180,480,1
3.000000000000e-06,180,480,1
2.000000000000e-06,180,480,1
2.500000000000e-05,180,500,1
1.000000000000e-05,180,500,1
5.000000000000e-06,180,500,1
3.000000000000e-06,180,500,1
2.000000000000e-06,180,500,1
2.500000000000e-05,180,520,1
1.000000000000e-05,180,520,1
5.000000000000e-06,180,520,1
3.000000000000e-06,180,520,1
2.000000000000e-06,180,520,1
2.500000000000e-05,180,540,1
1.000000000000e-05,180,540,1
5.000000000000e-06,180,540,1
3.000000000000e-06,180,540,1
2.000000000000e-06,180,540,1
2.500000000000e-05,180,560,1
1.000000000000e-05,180,560,1
5.000000000000e-06,180,560,1
3.000000000000e-06,180,560,1
2.000000000000e-06,180,560,1
2.500000000000e-05,180,580,1
1.000000000000e-05,180,580,1
5.000000000000e-06,180,580,1
3.000000000000e-06,180,580,1
2.000000000000e-06,180,580,1
2.500000000000e-05,180,600,1
1.000000000000e-05,180,600,1
5.000000000000e-06,180,600,1
3.000000000000e-06,180,600,1
2.000000000000e-06,180,600,1
2.500000000000e-05,180,620,1
1.000000000000e-05,180,620,1
5.000000000000e-06,180,620,1
3.000000000000e-06,180,620,1
2.000000000000e-06,180,620,1
2.500000000000e-05,180,640,1
1.000000000000e-05,180,640,1
5.000000000000e-06,180,640,1
3.000000000000e-06,180,640,1
2.000000000000e-06,180,640,1
2.500000000000e-05,180,660,1
1.000000000000e-05,180,660,1
5.000000000000e-06,180,660,1
3.000000000000e-06,180,660,1
2.000000000000e-06,180,660,1
2.500000000000e-05,180,680,1
1.000000000000e-05,180,680,1
5.000000000000e-06,180,680,1
3.000000000000e-06,180,680,1
2.000000000000e-06,180,680,1
2.500000000000e-05,180,700,1
1.000000000000e-05,180,700,1
5.000000000000e-06,180,700,1
3.000000000000e-06,180,700,1
2.000000000000e-06,180,700,1
2.500000000000e-05,180,720,1
1.000000000000e-05,180,720,1
5.000000000000e-06,180,720,1
3.000000000000e-06,180,720,1
2.000000000000e-06,180,720,1
2.500000000000e-05,180,740,1
1.000000000000e-05,180,740,1
5.000000000000e-06,180,740,1
3.000000000000e-06,180,740,1
2.000000000000e-06,180,740,1
2.500000000000e-05,180,760,1
1.000000000000e-05,180,760,1
5.000000000000e-06,180,760,1
3.000000000000e-06,180,760,1
2.000000000000e-06,180,760,1
2.500000000000e-05,180,780,1
1.000000000000e-05,180,780,1
5.000000000000e-06,180,780,1
3.000000000000e-06,180,780,1
2.000000000000e-06,180,780,1
2.500000000000e-05,180,800,1
1.000000000000e-05,180,800,1
5.000000000000e-06,180,800,1
3.000000000000e-06,180,800,1
2.000000000000e-06,180,800,1
2.500000000000e-05,180,820,1
1.000000000000e-05,180,820,1
5.000000000000e-06,180,820,1
3.000000000000e-06,180,820,1
2.000000000000e-06,180,820,1
2.500000000000e-05,180,840,1
1.000000000000e-05,180,840,1
5.000000000000e-06,180,840,1
3.000000000000e-06,180,840,1
2.000000000000e-06,180,840,1
2.500000000000e-05,180,860,1
1.000000000000e-05,180,860,1
5.000000000000e-06,180,860,1
3.000000000000e-06,180,860,1
2.000000000000e-06,180,860,1
2.500000000000e-05,180,880,1
1.000000000000e-05,180,880,1
5.000000000000e-06,180,880,1
3.000000000000e-06,180,880,1
2.000000000000e-06,180,880,1
2.500000000000e-05,180,900,1
1.000000000000e-05,180,900,1
5.000000000000e-06,180,900,1
3.000000000000e-06,180,900,1
2.000000000000e-06,180,900,1
2.500000000000e-05,180,920,1
1.000000000000e-05,180,920,1
5.000000000000e-06,180,920,1
3.000000000000e-06,180,920,1
2.000000000000e-06,180,920,1
2.500000000000e-05,180,940,1
1.000000000000e-05,180,940,1
5.000000000000e-06,180,940,1
3.000000000000e-06,180,940,1
2.000000000000e-06,180,940,1
2.500000000000e-05,180,960,1
1.000000000000e-05,180,960,1
5.000000000000e-06,180,960,1
3.000000000000e-06,180,960,1
2.000000000000e-06,180,960,1
2.500000000000e-05,180,980,1
1.000000000000e-05,180,980,1
5.000000000000e-06,180,980,1
3.000000000000e-06,180,980,1
2.000000000000e-06,180,980,1
2.500000000000e-05,180,1000,1
1.000000000000e-05,180,1000,1
5.000000000000e-06,180,1000,1
3.000000000000e-06,180,1000,1
2.000000000000e-06,180,1000,1
2.500000000000e-05,200,0,1
1.000000000000e-05,200,0,0
5.000000000000e-06,200,0,0
3.000000000000e-06,200,0,0
2.000000000000e-06,200,0,0
2.500000000000e-05,200,20,1
1.000000000000e-05,200,20,0
5.000000000000e-06,200,20,0
3.000000000000e-06,200,20,0
2.000000000000e-06,200,20,0
2.500000000000e-05,200,40,1
1.000000000000e-05,200,40,0
5.000000000000e-06,200,40,0
3.000000000000e-06,200,40,0
2.000000000000e-06,200,40,0
2.500000000000e-05,200,60,1
1.000000000000e-05,200,60,1
5.000000000000e-06,200,60,0
3.000000000000e-06,200,60,0
2.000000000000e-06,200,60,0
2.500000000000e-05,200,80,1
1.000000000000e-05,200,80,1
5.000000000000e-06,200,80,0
3.000000000000e-06,200,80,0
2.000000000000e-06,200,80,0
2.500000000000e-05,200,100,1
1.000000000000e-05,200,100,1
5.000000000000e-06,200,100,1
3.000000000000e-06,200,100,0
2.000000000000e-06,200,100,0
2.500000000000e-05,200,120,1
1.000000000000e-05,200,120,1
5.000000000000e-06,200,120,1
3.000000000000e-06,200,120,0
2.000000000000e-06,200,120,0
2.500000000000e-05,200,140,1
1.000000000000e-05,200,140,1
5.000000000000e-06,200,140,1
3.000000000000e-06,200,140,1
2.000000000000e-06,200,140,0
2.500000000000e-05,200,160,1
1.000000000000e-05,200,160,1
5.000000000000e-06,200,160,1
3.000000000000e-06,200,160,1
2.000000000000e-06,200,160,0
2.500000000000e-05,200,180,1
1.000000000000e-05,200,180,1
5.000000000000e-06,200,180,1
3.000000000000e-06,200,180,1
2.000000000000e-06,200,180,1
2.500000000000e-05,200,200,1
1.000000000000e-05,200,200,1
5.000000000000e-06,200,200,1
3.000000000000e-06,200,200,1
2.000000000000e-06,200,200,1
2.500000000000e-05,200,220,1
1.000000000000e-05,200,220,1
5.000000000000e-06,200,220,1
3.000000000000e-06,200,220,1
2.000000000000e-06,200,220,1
2.500000000000e-05,200,240,1
1.000000000000e-05,200,240,1
5.000000000000e-06,200,240,1
3.000000000000e-06,200,240,1
2.000000000000e-06,200,240,1
2.500000000000e-05,200,260,1
1.000000000000e-05,200,260,1
5.000000000000e-06,200,260,1
3.000000000000e-06,200,260,1
2.000000000000e-06,200,260,1
2.500000000000e-05,200,280,1
1.000000000000e-05,200,280,1
5.000000000000e-06,200,280,1
3.000000000000e-06,200,280,1
2.000000000000e-06,200,280,1
2.500000000000e-05,200,300,1
1.000000000000e-05,200,300,1
5.000000000000e-06,200,300,1
3.000000000000e-06,200,300,1
2.000000000000e-06,200,300,1
2.500000000000e-05,200,320,1
1.000000000000e-05,200,320,1
5.000000000000e-06,200,320,1
3.000000000000e-06,200,320,1
2.000000000000e-06,200,320,1
2.500000000000e-05,200,340,1
1.000000000000e-05,200,340,1
5.000000000000e-06,200,340,1
3.000000000000e-06,200,340,1
2.000000000000e-06,200,340,1
2.500000000000e-05,200,360,1
1.000000000000e-05,200,360,1
5.000000000000e-06,200,360,1
3.000000000000e-06,200,360,1
2.000000000000e-06,200,360,1
2.500000000000e-05,200,380,1
1.000000000000e-05,200,380,1
5.000000000000e-06,200,380,1
3.000000000000e-06,200,380,1
2.000000000000e-06,200,380,1
2.500000000000e-05,200,400,1
1.000000000000e-05,200,400,1
5.000000000000e-06,200,400,1
3.000000000000e-06,200,400,1
2.000000000000e-06,200,400,1
2.500000000000e-05,200,420,1
1.000000000000e-05,200,420,1
5.000000000000e-06,200,420,1
3.000000000000e-06,200,420,1
2.000000000000e-06,200,420,1
2.500000000000e-05,200,440,1
1.000000000000e-05,200,440,1
5.000000000000e-06,200,440,1
3.000000000000e-06,200,440,1
2.000000000000e-06,200,440,1
2.500000000000e-05,200,460,1
1.000000000000e-05,200,460,1
5.000000000000e-06,200,460,1
3.000000000000e-06,200,460,1
2.000000000000e-06,200,460,1
2.500000000000e-05,200,480,1
1.000000000000e-05,200,480,1
5.000000000000e-06,200,480,1
3.000000000000e-06,200,480,1
2.000000000000e-06,200,480,1
2.500000000000e-05,200,500,1
1.000000000000e-05,200,500,1
5.000000000000e-06,200,500,1
3.000000000000e-06,200,500,1
2.000000000000e-06,200,500,1
2.500000000000e-05,200,520,1
1.000000000000e-05,200,520,1
5.000000000000e-06,200,520,1
3.000000000000e-06,200,520,1
2.000000000000e-06,200,520,1
2.500000000000e-05,200,540,1
1.000000000000e-05,200,540,1
5.000000000000e-06,200,540,1
3.000000000000e-06,200,540,1
2.000000000000e-06,200,540,1
2.500000000000e-05,200,560,1
1.000000000000e-05,200,560,1
5.000000000000e-06,200,560,1
3.000000000000e-06,200,560,1
2.000000000000e-06,200,560,1
2.500000000000e-05,200,580,1
1.000000000000e-05,200,580,1
5.000000000000e-06,200,580,1
3.000000000000e-06,200,580,1
2.000000000000e-06,200,580,1
2.500000000000e-05,200,600,1
1.000000000000e-05,200,600,1
5.000000000000e-06,200,600,1
3.000000000000e-06,200,600,1
2.000000000000e-06,200,600,1
2.500000000000e-05,200,620,1
1.000000000000e-05,200,620,1
5.000000000000e-06,200,620,1
3.000000000000e-06,200,620,1
2.000000000000e-06,200,620,1
2.500000000000e-05,200,640,1
1.000000000000e-05,200,640,1
5.000000000000e-06,200,640,1
3.000000000000e-06,200,640,1
2.000000000000e-06,200,640,1
2.500000000000e-05,200,660,1
1.000000000000e-05,200,660,1
5.000000000000e-06,200,660,1
3.000000000000e-06,200,660,1
2.000000000000e-06,200,660,1
2.500000000000e-05,200,680,1
1.000000000000e-05,200,680,1
5.000000000000e-06,200,680,1
3.000000000000e-06,200,680,1
2.000000000000e-06,200,680,1
2.500000000000e-05,200,700,1
1.000000000000e-05,200,700,1
5.000000000000e-06,200,700,1
3.000000000000e-06,200,700,1
2.000000000000e-06,200,700,1
2.500000000000e-05,200,720,1
1.000000000000e-05,200,720,1
5.000000000000e-06,200,720,1
3.000000000000e-06,200,720,1
2.000000000000e-06,200,720,1
2.500000000000e-05,200,740,1
1.000000000000e-05,200,740,1
5.000000000000e-06,200,740,1
3.000000000000e-06,200,740,1
2.000000000000e-06,200,740,1
2.500000000000e-05,200,760,1
1.000000000000e-05,200,760,1
5.000000000000e-06,200,760,1
3.000000000000e-06,200,760,1
2.000000000000e-06,200,760,1
2.500000000000e-05,200,780,1
1.000000000000e-05,200,780,1
5.000000000000e-06,200,780,1
3.000000000000e-06,200,780,1
2.000000000000e-06,200,780,1
2.500000000000e-05,200,800,1
1.000000000000e-05,200,800,1
5.000000000000e-06,200,800,1
3.000000000000e-06,200,800,1
2.000000000000e-06,200,800,1
2.500000000000e-05,200,820,1
1.000000000000e-05,200,820,1
5.000000000000e-06,200,820,1
3.000000000000e-06,200,820,1
2.000000000000e-06,200,820,1
2.500000000000e-05,200,840,1
1.000000000000e-05,200,840,1
5.000000000000e-06,200,840,1
3.000000000000e-06,200,840,1
2.000000000000e-06,200,840,1
2.500000000000e-05,200,860,1
1.000000000000e-05,200,860,1
5.000000000000e-06,200,860,1
3.000000000000e-06,200,860,1
2.000000000000e-06,200,860,1
2.500000000000e-05,200,880,1
1.000000000000e-05,200,880,1
5.000000000000e-06,200,880,1
3.000000000000e-06,200,880,1
2.000000000000e-06,200,880,1
2.500000000000e-05,200,900,1
1.000000000000e-05,200,900,1
5.000000000000e-06,200,900,1
3.000000000000e-06,200,900,1
2.000000000000e-06,200,900,1
2.500000000000e-05,200,920,1
1.000000000000e-05,200,920,1
5.000000000000e-06,200,920,1
3.000000000000e-06,200,920,1
2.000000000000e-06,200,920,1
2.500000000000e-05,200,940,1
1.000000000000e-05,200,940,1
5.000000000000e-06,200,940,1
3.000000000000e-06,200,940,1
2.000000000000e-06,200,940,1
2.500000000000e-05,200,960,1
1.000000000000e-05,200,960,1
5.000000000000e-06,200,960,1
3.000000000000e-06,200,960,1
2.000000000000e-06,200,960,1
2.500000000000e-05,200,980,1
1.000000000000e-05,200,980,1
5.000000000000e-06,200,980,1
3.000000000000e-06,200,980,1
2.000000000000e-06,200,980,1
2.500000000000e-05,200,1000,1
1.000000000000e-05,200,1000,1
5.000000000000e-06,200,1000,1
3.000000000000e-06,200,1000,1
2.000000000000e-06,200,1000,1
2.500000000000e-05,220,0,1
1.000000000000e-05,220,0,0
5.000000000000e-06,220,0,0
3.000000000000e-06,220,0,0
2.000000000000e-06,220,0,0
2.500000000000e-05,220,20,1
1.000000000000e-05,220,20,0
5.000000000000e-06,220,20,0
3.000000000000e-06,220,20,0
2.000000000000e-06,220,20,0
2.500000000000e-05,220,40,1
1.000000000000e-05,220,40,0
5.000000000000e-06,220,40,0
3.000000000000e-06,220,40,0
2.000000000000e-06,220,40,0
2.500000000000e-05,220,60,1
1.000000000000e-05,220,60,1
5.000000000000e-06,220,60,0
3.000000000000e-06,220,60,0
2.000000000000e-06,220,60,0
2.500000000000e-05,220,80,1
1.000000000000e-05,220,80,1
5.000000000000e-06,220,80,0
3.000000000000e-06,220,80,0
2.000000000000e-06,220,80,0
2.500000000000e-05,220,100,1
1.000000000000e-05,220,100,1
5.000000000000e-06,220,100,1
3.000000000000e-06,220,100,0
2.000000000000e-06,220,100,0
2.500000000000e-05,220,120,1
1.000000000000e-05,220,120,1
5.000000000000e-06,220,120,1
3.000000000000e-06,220,120,0
2.000000000000e-06,220,120,0
2.500000000000e-05,220,140,1
1.000000000000e-05,220,140,1
5.000000000000e-06,220,140,1
3.000000000000e-06,220,140,1
2.000000000000e-06,220,140,0
2.500000000000e-05,220,160,1
1.000000000000e-05,220,160,1
5.000000000000e-06,220,160,1
3.000000000000e-06,220,160,1
2.000000000000e-06,220,160,0
2.500000000000e-05,220,180,1
1.000000000000e-05,220,180,1
5.000000000000e-06,220,180,1
3.000000000000e-06,220,180,1
2.000000000000e-06,220,180,1
2.500000000000e-05,220,200,1
1.000000000000e-05,220,200,1
5.000000000000e-06,220,200,1
3.000000000000e-06,220,200,1
2.000000000000e-06,220,200,1
2.500000000000e-05,220,220,1
1.000000000000e-05,220,220,1
5.000000000000e-06,220,220,1
3.000000000000e-06,220,220,1
2.000000000000e-06,220,220,1
2.500000000000e-05,220,240,1
1.000000000000e-05,220,240,1
5.000000000000e-06,220,240,1
3.000000000000e-06,220,240,1
2.000000000000e-06,220,240,1
2.500000000000e-05,220,260,1
1.000000000000e-05,220,260,1
5.000000000000e-06,220,260,1
3.000000000000e-06,220,260,1
2.000000000000e-06,220,260,1
2.500000000000e-05,220,280,1
1.000000000000e-05,220,280,1
5.000000000000e-06,220,280,1
3.000000000000e-06,220,280,1
2.000000000000e-06,220,280,1
2.500000000000e-05,220,300,1
1.000000000000e-05,220,300,1
5.000000000000e-06,220,300,1
3.000000000000e-06,220,300,1
2.000000000000e-06,220,300,1
2.500000000000e-05,220,320,1
1.000000000000e-05,220,320,1
5.000000000000e-06,220,320,1
3.000000000000e-06,220,320,1
2.000000000000e-06,220,320,1
2.500000000000e-05,220,340,1
1.000000000000e-05,220,340,1
5.000000000000e-06,220,340,1
3.000000000000e-06,220,340,1
2.000000000000e-06,220,340,1
2.500000000000e-05,220,360,1
1.000000000000e-05,220,360,1
5.000000000000e-06,220,360,1
3.000000000000e-06,220,360,1
2.000000000000e-06,220,360,1
2.500000000000e-05,220,380,1
1.000000000000e-05,220,380,1
5.000000000000e-06,220,380,1
3.000000000000e-06,220,380,1
2.000000000000e-06,220,380,1
2.500000000000e-05,220,400,1
1.000000000000e-05,220,400,1
5.000000000000e-06,220,400,1
3.000000000000e-06,220,400,1
2.000000000000e-06,220,400,1
2.500000000000e-05,220,420,1
1.000000000000e-05,220,420,1
5.000000000000e-06,220,420,1
3.000000000000e-06,220,420,1
2.000000000000e-06,220,420,1
2.500000000000e-05,220,440,1
1.000000000000e-05,220,440,1
5.000000000000e-06,220,440,1
3.000000000000e-06,220,440,1
2.000000000000e-06,220,440,1
2.500000000000e-05,220,460,1
1.000000000000e-05,220,460,1
5.000000000000e-06,220,460,1
3.000000000000e-06,220,460,1
2.000000000000e-06,220,460,1
2.500000000000e-05,220,480,1
1.000000000000e-05,220,480,1
5.000000000000e-06,220,480,1
3.000000000000e-06,220,480,1
2.000000000000e-06,220,480,1
2.500000000000e-05,220,500,1
1.000000000000e-05,220,500,1
5.000000000000e-06,220,500,1
3.000000000000e-06,220,500,1
2.000000000000e-06,220,500,1
2.500000000000e-05,220,520,1
1.000000000000e-05,220,520,1
5.000000000000e-06,220,520,1
3.000000000000e-06,220,520,1
2.000000000000e-06,220,520,1
2.500000000000e-05,220,540,1
1.000000000000e-05,220,540,1
5.000000000000e-06,220,540,1
3.000000000000e-06,220,540,1
2.000000000000e-06,220,540,1
2.500000000000e-05,220,560,1
1.000000000000e-05,220,560,1
5.000000000000e-06,220,560,1
3.000000000000e-06,220,560,1
2.000000000000e-06,220,560,1
2.500000000000e-05,220,580,1
1.000000000000e-05,220,580,1
5.000000000000e-06,220,580,1
3.000000000000e-06,220,580,1
2.000000000000e-06,220,580,1
2.500000000000e-05,220,600,1
1.000000000000e-05,220,600,1
5.000000000000e-06,220,600,1
3.000000000000e-06,220,600,1
2.000000000000e-06,220,600,1
2.500000000000e-05,220,620,1
1.000000000000e-05,220,620,1
5.000000000000e-06,220,620,1
3.000000000000e-06,220,620,1
2.000000000000e-06,220,620,1
2.500000000000e-05,220,640,1
1.000000000000e-05,220,640,1
5.000000000000e-06,220,640,1
3.000000000000e-06,220,640,1
2.000000000000e-06,220,640,1
2.500000000000e-05,220,660,1
1.000000000000e-05,220,660,1
5.000000000000e-06,220,660,1
3.000000000000e-06,220,660,1
2.000000000000e-06,220,660,1
2.500000000000e-05,220,680,1
1.000000000000e-05,220,680,1
5.000000000000e-06,220,680,1
3.000000000000e-06,220,680,1
2.000000000000e-06,220,680,1
2.500000000000e-05,220,700,1
1.000000000000e-05,220,700,1
5.000000000000e-06,220,700,1
3.000000000000e-06,220,700,1
2.000000000000e-06,220,700,1
2.500000000000e-05,220,720,1
1.000000000000e-05,220,720,1
5.000000000000e-06,220,720,1
3.000000000000e-06,220,720,1
2.000000000000e-06,220,720,1
2.500000000000e-05,220,740,1
1.000000000000e-05,220,740,1
5.000000000000e-06,220,740,1
3.000000000000e-06,220,740,1
2.000000000000e-06,220,740,1
2.500000000000e-05,220,760,1
1.000000000000e-05,220,760,1
5.000000000000e-06,220,760,1
3.000000000000e-06,220,760,1
2.000000000000e-06,220,760,1
2.500000000000e-05,220,780,1
1.000000000000e-05,220,780,1
5.000000000000e-06,220,780,1
3.000000000000e-06,220,780,1
2.000000000000e-06,220,780,1
2.500000000000e-05,220,800,1
1.000000000000e-05,220,800,1
5.000000000000e-06,220,800,1
3.000000000000e-06,220,800,1
2.000000000000e-06,220,800,1
2.500000000000e-05,220,820,1
1.000000000000e-05,220,820,1
5.000000000000e-06,220,820,1
3.000000000000e-06,220,820,1
2.000000000000e-06,220,820,1
2.500000000000e-05,220,840,1
1.000000000000e-05,220,840,1
5.000000000000e-06,220,840,1
3.000000000000e-06,220,840,1
2.000000000000e-06,220,840,1
2.500000000000e-05,220,860,1
1.000000000000e-05,220,860,1
5.000000000000e-06,220,860,1
3.000000000000e-06,220,860,1
2.000000000000e-06,220,860,1
2.500000000000e-05,220,880,1
1.000000000000e-05,220,880,1
5.000000000000e-06,220,880,1
3.000000000000e-06,220,880,1
2.000000000000e-06,220,880,1
2.500000000000e-05,220,900,1
1.000000000000e-05,220,900,1
5.000000000000e-06,220,900,1
3.000000000000e-06,220,900,1
2.000000000000e-06,220,900,1
2.500000000000e-05,220,920,1
1.000000000000e-05,220,920,1
5.000000000000e-06,220,920,1
3.000000000000e-06,220,920,1
2.000000000000e-06,220,920,1
2.500000000000e-05,220,940,1
1.000000000000e-05,220,940,1
5.000000000000e-06,220,940,1
3.000000000000e-06,220,940,1
2.000000000000e-06,220,940,1
2.500000000000e-05,220,960,1
1.000000000000e-05,220,960,1
5.000000000000e-06,220,960,1
3.000000000000e-06,220,960,1
2.000000000000e-06,220,960,1
2.500000000000e-05,220,980,1
1.000000000000e-05,220,980,1
5.000000000000e-06,220,980,1
3.000000000000e-06,220,980,1
2.000000000000e-06,220,980,1
2.500000000000e-05,220,1000,1
1.000000000000e-05,220,1000,1
5.000000000000e-06,220,1000,1
3.000000000000e-06,220,1000,1
2.000000000000e-06,220,1000,1
2.500000000000e-05,240,0,1
1.000000000000e-05,240,0,0
5.000000000000e-06,240,0,0
3.000000000000e-06,240,0,0
2.000000000000e-06,240,0,0
2.500000000000e-05,240,20,1
1.000000000000e-05,240,20,0
5.000000000000e-06,240,20,0
3.000000000000e-06,240,20,0
2.000000000000e-06,240,20,0
2.500000000000e-05,240,40,1
1.000000000000e-05,240,40,1
5.000000000000e-06,240,40,1
3.000000000000e-06,240,40,1
2.000000000000e-06,240,40,1
2.500000000000e-05,240,60,1
1.000000000000e-05,240,60,1
5.000000000000e-06,240,60,0
3.000000000000e-06,240,60,0
2.000000000000e-06,240,60,0
2.500000000000e-05,240,80,1
1.000000000000e-05,240,80,1
5.000000000000e-06,240,80,0
3.000000000000e-06,240,80,0
2.000000000000e-06,240,80,0
2.500000000000e-05,240,100,1
1.000000000000e-05,240,100,1
5.000000000000e-06,240,100,1
3.000000000000e-06,240,100,0
2.000000000000e-06,240,100,0
2.500000000000e-05,240,120,1
1.000000000000e-05,240,120,1
5.000000000000e-06,240,120,1
3.000000000000e-06,240,120,0
2.000000000000e-06,240,120,0
2.500000000000e-05,240,140,1
1.000000000000e-05,240,140,1
5.000000000000e-06,240,140,1
3.000000000000e-06,240,140,1
2.000000000000e-06,240,140,0
2.500000000000e-05,240,160,1
1.000000000000e-05,240,160,1
5.000000000000e-06,240,160,1
3.000000000000e-06,240,160,1
2.000000000000e-06,240,160,0
2.500000000000e-05,240,180,1
1.000000000000e-05,240,180,1
5.000000000000e-06,240,180,1
3.000000000000e-06,240,180,1
2.000000000000e-06,240,180,1
2.500000000000e-05,240,200,1
1.000000000000e-05,240,200,1
5.000000000000e-06,240,200,1
3.000000000000e-06,240,200,1
2.000000000000e-06,240,200,1
2.500000000000e-05,240,220,1
1.000000000000e-05,240,220,1
5.000000000000e-06,240,220,1
3.000000000000e-06,240,220,1
2.000000000000e-06,240,220,1
2.500000000000e-05,240,240,1
1.000000000000e-05,240,240,1
5.000000000000e-06,240,240,1
3.000000000000e-06,240,240,1
2.000000000000e-06,240,240,1
2.500000000000e-05,240,260,1
1.000000000000e-05,240,260,1
5.000000000000e-06,240,260,1
3.000000000000e-06,240,260,1
2.000000000000e-06,240,260,1
2.500000000000e-05,240,280,1
1.000000000000e-05,240,280,1
5.000000000000e-06,240,280,1
3.000000000000e-06,240,280,1
2.000000000000e-06,240,280,1
2.500000000000e-05,240,300,1
1.000000000000e-05,240,300,1
5.000000000000e-06,240,300,1
3.000000000000e-06,240,300,1
2.000000000000e-06,240,300,1
2.500000000000e-05,240,320,1
1.000000000000e-05,240,320,1
5.000000000000e-06,240,320,1
3.000000000000e-06,240,320,1
2.000000000000e-06,240,320,1
2.500000000000e-05,240,340,1
1.000000000000e-05,240,340,1
5.000000000000e-06,240,340,1
3.000000000000e-06,240,340,1
2.000000000000e-06,240,340,1
2.500000000000e-05,240,360,1
1.000000000000e-05,240,360,1
5.000000000000e-06,240,360,1
3.000000000000e-06,240,360,1
2.000000000000e-06,240,360,1
2.500000000000e-05,240,380,1
1.000000000000e-05,240,380,1
5.000000000000e-06,240,380,1
3.000000000000e-06,240,380,1
2.000000000000e-06,240,380,1
2.500000000000e-05,240,400,1
1.000000000000e-05,240,400,1
5.000000000000e-06,240,400,1
3.000000000000e-06,240,400,1
2.000000000000e-06,240,400,1
2.500000000000e-05,240,420,1
1.000000000000e-05,240,420,1
5.000000000000e-06,240,420,1
3.000000000000e-06,240,420,1
2.000000000000e-06,240,420,1
2.500000000000e-05,240,440,1
1.000000000000e-05,240,440,1
5.000000000000e-06,240,440,1
3.000000000000e-06,240,440,1
2.000000000000e-06,240,440,1
2.500000000000e-05,240,460,1
1.000000000000e-05,240,460,1
5.000000000000e-06,240,460,1
3.000000000000e-06,240,460,1
2.000000000000e-06,240,460,1
2.500000000000e-05,240,480,1
1.000000000000e-05,240,480,1
5.000000000000e-06,240,480,1
3.000000000000e-06,240,480,1
2.000000000000e-06,240,480,1
2.500000000000e-05,240,500,1
1.000000000000e-05,240,500,1
5.000000000000e-06,240,500,1
3.000000000000e-06,240,500,1
2.000000000000e-06,240,500,1
2.500000000000e-05,240,520,1
1.000000000000e-05,240,520,1
5.000000000000e-06,240,520,1
3.000000000000e-06,240,520,1
2.000000000000e-06,240,520,1
2.500000000000e-05,240,540,1
1.000000000000e-05,240,540,1
5.000000000000e-06,240,540,1
3.000000000000e-06,240,540,1
2.000000000000e-06,240,540,1
2.500000000000e-05,240,560,1
1.000000000000e-05,240,560,1
5.000000000000e-06,240,560,1
3.000000000000e-06,240,560,1
2.000000000000e-06,240,560,1
2.500000000000e-05,240,580,1
1.000000000000e-05,240,580,1
5.000000000000e-06,240,580,1
3.000000000000e-06,240,580,1
2.000000000000e-06,240,580,1
2.500000000000e-05,240,600,1
1.000000000000e-05,240,600,1
5.000000000000e-06,240,600,1
3.000000000000e-06,240,600,1
2.000000000000e-06,240,600,1
2.500000000000e-05,240,620,1
1.000000000000e-05,240,620,1
5.000000000000e-06,240,620,1
3.000000000000e-06,240,620,1
2.000000000000e-06,240,620,1
2.500000000000e-05,240,640,1
1.000000000000e-05,240,640,1
5.000000000000e-06,240,640,1
3.000000000000e-06,240,640,1
2.000000000000e-06,240,640,1
2.500000000000e-05,240,660,1
1.000000000000e-05,240,660,1
5.000000000000e-06,240,660,1
3.000000000000e-06,240,660,1
2.000000000000e-06,240,660,1
2.500000000000e-05,240,680,1
1.000000000000e-05,240,680,1
5.000000000000e-06,240,680,1
3.000000000000e-06,240,680,1
2.000000000000e-06,240,680,1
2.500000000000e-05,240,700,1
1.000000000000e-05,240,700,1
5.000000000000e-06,240,700,1
3.000000000000e-06,240,700,1
2.000000000000e-06,240,700,1
2.500000000000e-05,240,720,1
1.000000000000e-05,240,720,1
5.000000000000e-06,240,720,1
3.000000000000e-06,240,720,1
2.000000000000e-06,240,720,1
2.500000000000e-05,240,740,1
1.000000000000e-05,240,740,1
5.000000000000e-06,240,740,1
3.000000000000e-06,240,740,1
2.000000000000e-06,240,740,1
2.500000000000e-05,240,760,1
1.000000000000e-05,240,760,1
5.000000000000e-06,240,760,1
3.000000000000e-06,240,760,1
2.000000000000e-06,240,760,1
2.500000000000e-05,240,780,1
1.000000000000e-05,240,780,1
5.000000000000e-06,240,780,1
3.000000000000e-06,240,780,1
2.000000000000e-06,240,780,1
2.500000000000e-05,240,800,1
1.000000000000e-05,240,800,1
5.000000000000e-06,240,800,1
3.000000000000e-06,240,800,1
2.000000000000e-06,240,800,1
2.500000000000e-05,240,820,1
1.000000000000e-05,240,820,1
5.000000000000e-06,240,820,1
3.000000000000e-06,240,820,1
2.000000000000e-06,240,820,1
2.500000000000e-05,240,840,1
1.000000000000e-05,240,840,1
5.000000000000e-06,240,840,1
3.000000000000e-06,240,840,1
2.000000000000e-06,240,840,1
2.500000000000e-05,240,860,1
1.000000000000e-05,240,860,1
5.000000000000e-06,240,860,1
3.000000000000e-06,240,860,1
2.000000000000e-06,240,860,1
2.500000000000e-05,240,880,1
1.000000000000e-05,240,880,1
5.000000000000e-06,240,880,1
3.000000000000e-06,240,880,1
2.000000000000e-06,240,880,1
2.500000000000e-05,240,900,1
1.000000000000e-05,240,900,1
5.000000000000e-06,240,900,1
3.000000000000e-06,240,900,1
2.000000000000e-06,240,900,1
2.500000000000e-05,240,920,1
1.000000000000e-05,240,920,1
5.000000000000e-06,240,920,1
3.000000000000e-06,240,920,1
2.000000000000e-06,240,920,1
2.500000000000e-05,240,940,1
1.000000000000e-05,240,940,1
5.000000000000e-06,240,940,1
3.000000000000e-06,240,940,1
2.000000000000e-06,240,940,1
2.500000000000e-05,240,960,1
1.000000000000e-05,240,960,1
5.000000000000e-06,240,960,1
3.000000000000e-06,240,960,1
2.000000000000e-06,240,960,1
2.500000000000e-05,240,980,1
1.000000000000e-05,240,980,1
5.000000000000e-06,240,980,1
3.000000000000e-06,240,980,1
2.000000000000e-06,240,980,1
2.500000000000e-05,240,1000,1
1.000000000000e-05,240,1000,1
5.000000000000e-06,240,1000,1
3.000000000000e-06,240,1000,1
2.000000000000e-06,240,1000,1
2.500000000000e-05,260,0,1
1.000000000000e-05,260,0,0
5.000000000000e-06,260,0,0
3.000000000000e-06,260,0,0
2.000000000000e-06,260,0,0
2.500000000000e-05,260,20,1
1.000000000000e-05,260,20,0
5.000000000000e-06,260,20,0
3.000000000000e-06,260,20,0
2.000000000000e-06,260,20,0
2.500000000000e-05,260,40,1
1.000000000000e-05,260,40,0
5.000000000000e-06,260,40,0
3.000000000000e-06,260,40,0
2.000000000000e-06,260,40,0
2.500000000000e-05,260,60,1
1.000000000000e-05,260,60,1
5.000000000000e-06,260,60,0
3.000000000000e-06,260,60,0
2.000000000000e-06,260,60,0
2.500000000000e-05,260,80,1
1.000000000000e-05,260,80,1
5.000000000000e-06,260,80,0
3.000000000000e-06,260,80,0
2.000000000000e-06,260,80,0
2.500000000000e-05,260,100,1
1.000000000000e-05,260,100,1
5.000000000000e-06,260,100,1
3.000000000000e-06,260,100,0
2.000000000000e-06,260,100,0
2.500000000000e-05,260,120,1
1.000000000000e-05,260,120,1
5.000000000000e-06,260,120,1
3.000000000000e-06,260,120,0
2.000000000000e-06,260,120,0
2.500000000000e-05,260,140,1
1.000000000000e-05,260,140,1
5.000000000000e-06,260,140,1
3.000000000000e-06,260,140,1
2.000000000000e-06,260,140,0
2.500000000000e-05,260,160,1
1.000000000000e-05,260,160,1
5.000000000000e-06,260,160,1
3.000000000000e-06,260,160,1
2.000000000000e-06,260,160,0
2.500000000000e-05,260,180,1
1.000000000000e-05,260,180,1
5.000000000000e-06,260,180,1
3.000000000000e-06,260,180,1
2.000000000000e-06,260,180,1
2.500000000000e-05,260,200,1
1.000000000000e-05,260,200,1
5.000000000000e-06,260,200,1
3.000000000000e-06,260,200,1
2.000000000000e-06,260,200,1
2.500000000000e-05,260,220,1
1.000000000000e-05,260,220,1
5.000000000000e-06,260,220,1
3.000000000000e-06,260,220,1
2.000000000000e-06,260,220,1
2.500000000000e-05,260,240,1
1.000000000000e-05,260,240,1
5.000000000000e-06,260,240,1
3.000000000000e-06,260,240,1
2.000000000000e-06,260,240,1
2.500000000000e-05,260,260,1
1.000000000000e-05,260,260,1
5.000000000000e-06,260,260,1
3.000000000000e-06,260,260,1
2.000000000000e-06,260,260,1
2.500000000000e-05,260,280,1
1.000000000000e-05,260,280,1
5.000000000000e-06,260,280,1
3.000000000000e-06,260,280,1
2.000000000000e-06,260,280,1
2.500000000000e-05,260,300,1
1.000000000000e-05,260,300,1
5.000000000000e-06,260,300,1
3.000000000000e-06,260,300,1
2.000000000000e-06,260,300,1
2.500000000000e-05,260,320,1
1.000000000000e-05,260,320,1
5.000000000000e-06,260,320,1
3.000000000000e-06,260,320,1
2.000000000000e-06,260,320,1
2.500000000000e-05,260,340,1
1.000000000000e-05,260,340,1
5.000000000000e-06,260,340,1
3.000000000000e-06,260,340,1
2.000000000000e-06,260,340,1
2.500000000000e-05,260,360,1
1.000000000000e-05,260,360,1
5.000000000000e-06,260,360,1
3.000000000000e-06,260,360,1
2.000000000000e-06,260,360,1
2.500000000000e-05,260,380,1
1.000000000000e-05,260,380,1
5.000000000000e-06,260,380,1
3.000000000000e-06,260,380,1
2.000000000000e-06,260,380,1
2.500000000000e-05,260,400,1
1.000000000000e-05,260,400,1
5.000000000000e-06,260,400,1
3.000000000000e-06,260,400,1
2.000000000000e-06,260,400,1
2.500000000000e-05,260,420,1
1.000000000000e-05,260,420,1
5.000000000000e-06,260,420,1
3.000000000000e-06,260,420,1
2.000000000000e-06,260,420,1
2.500000000000e-05,260,440,1
1.000000000000e-05,260,440,1
5.000000000000e-06,260,440,1
3.000000000000e-06,260,440,1
2.000000000000e-06,260,440,1
2.500000000000e-05,260,460,1
1.000000000000e-05,260,460,1
5.000000000000e-06,260,460,1
3.000000000000e-06,260,460,1
2.000000000000e-06,260,460,1
2.500000000000e-05,260,480,1
1.000000000000e-05,260,480,1
5.000000000000e-06,260,480,1
3.000000000000e-06,260,480,1
2.000000000000e-06,260,480,1
2.500000000000e-05,260,500,1
1.000000000000e-05,260,500,1
5.000000000000e-06,260,500,1
3.000000000000e-06,260,500,1
2.000000000000e-06,260,500,1
2.500000000000e-05,260,520,1
1.000000000000e-05,260,520,1
5.000000000000e-06,260,520,1
3.000000000000e-06,260,520,1
2.000000000000e-06,260,520,1
2.500000000000e-05,260,540,1
1.000000000000e-05,260,540,1
5.000000000000e-06,260,540,1
3.000000000000e-06,260,540,1
2.000000000000e-06,260,540,1
2.500000000000e-05,260,560,1
1.000000000000e-05,260,560,1
5.000000000000e-06,260,560,1
3.000000000000e-06,260,560,1
2.000000000000e-06,260,560,1
2.500000000000e-05,260,580,1
1.000000000000e-05,260,580,1
5.000000000000e-06,260,580,1
3.000000000000e-06,260,580,1
2.000000000000e-06,260,580,1
2.500000000000e-05,260,600,1
1.000000000000e-05,260,600,1
5.000000000000e-06,260,600,1
3.000000000000e-06,260,600,1
2.000000000000e-06,260,600,1
2.500000000000e-05,260,620,1
1.000000000000e-05,260,620,1
5.000000000000e-06,260,620,1
3.000000000000e-06,260,620,1
2.000000000000e-06,260,620,1
2.500000000000e-05,260,640,1
1.000000000000e-05,260,640,1
5.000000000000e-06,260,640,1
3.000000000000e-06,260,640,1
2.000000000000e-06,260,640,1
2.500000000000e-05,260,660,1
1.000000000000e-05,260,660,1
5.000000000000e-06,260,660,1
3.000000000000e-06,260,660,1
2.000000000000e-06,260,660,1
2.500000000000e-05,260,680,1
1.000000000000e-05,260,680,1
5.000000000000e-06,260,680,1
3.000000000000e-06,260,680,1
2.000000000000e-06,260,680,1
2.500000000000e-05,260,700,1
1.000000000000e-05,260,700,1
5.000000000000e-06,260,700,1
3.000000000000e-06,260,700,1
2.000000000000e-06,260,700,1
2.500000000000e-05,260,720,1
1.000000000000e-05,260,720,1
5.000000000000e-06,260,720,1
3.000000000000e-06,260,720,1
2.000000000000e-06,260,720,1
2.500000000000e-05,260,740,1
1.000000000000e-05,260,740,1
5.000000000000e-06,260,740,1
3.000000000000e-06,260,740,1
2.000000000000e-06,260,740,1
2.500000000000e-05,260,760,1
1.000000000000e-05,260,760,1
5.000000000000e-06,260,760,1
3.000000000000e-06,260,760,1
2.000000000000e-06,260,760,1
2.500000000000e-05,260,780,1
1.000000000000e-05,260,780,1
5.000000000000e-06,260,780,1
3.000000000000e-06,260,780,1
2.000000000000e-06,260,780,1
2.500000000000e-05,260,800,1
1.000000000000e-05,260,800,1
5.000000000000e-06,260,800,1
3.000000000000e-06,260,800,1
2.000000000000e-06,260,800,1
2.500000000000e-05,260,820,1
1.000000000000e-05,260,820,1
5.000000000000e-06,260,820,1
3.000000000000e-06,260,820,1
2.000000000000e-06,260,820,1
2.500000000000e-05,260,840,1
1.000000000000e-05,260,840,1
5.000000000000e-06,260,840,1
3.000000000000e-06,260,840,1
2.000000000000e-06,260,840,1
2.500000000000e-05,260,860,1
1.000000000000e-05,260,860,1
5.000000000000e-06,260,860,1
3.000000000000e-06,260,860,1
2.000000000000e-06,260,860,1
2.500000000000e-05,260,880,1
1.000000000000e-05,260,880,1
5.000000000000e-06,260,880,1
3.000000000000e-06,260,880,1
2.000000000000e-06,260,880,1
2.500000000000e-05,260,900,1
1.000000000000e-05,260,900,1
5.000000000000e-06,260,900,1
3.000000000000e-06,260,900,1
2.000000000000e-06,260,900,1
2.500000000000e-05,260,920,1
1.000000000000e-05,260,920,1
5.000000000000e-06,260,920,1
3.000000000000e-06,260,920,1
2.000000000000e-06,260,920,1
2.500000000000e-05,260,940,1
1.000000000000e-05,260,940,1
5.000000000000e-06,260,940,1
3.000000000000e-06,260,940,1
2.000000000000e-06,260,940,1
2.500000000000e-05,260,960,1
1.000000000000e-05,260,960,1
5.000000000000e-06,260,960,1
3.000000000000e-06,260,960,1
2.000000000000e-06,260,960,1
2.500000000000e-05,260,980,1
1.000000000000e-05,260,980,1
5.000000000000e-06,260,980,1
3.000000000000e-06,260,980,1
2.000000000000e-06,260,980,1
2.500000000000e-05,260,1000,1
1.000000000000e-05,260,1000,1
5.000000000000e-06,260,1000,1
3.000000000000e-06,260,1000,1
2.000000000000e-06,260,1000,1
2.500000000000e-05,280,0,1
1.000000000000e-05,280,0,0
5.000000000000e-06,280,0,0
3.000000000000e-06,280,0,0
2.000000000000e-06,280,0,0
2.500000000000e-05,280,20,1
1.000000000000e-05,280,20,0
5.000000000000e-06,280,20,0
3.000000000000e-06,280,20,0
2.000000000000e-06,280,20,0
2.500000000000e-05,280,40,1
1.000000000000e-05,280,40,0
5.000000000000e-06,280,40,0
3.000000000000e-06,280,40,0
2.000000000000e-06,280,40,0
2.500000000000e-05,280,60,1
1.000000000000e-05,280,60,1
5.000000000000e-06,280,60,1
3.000000000000e-06,280,60,0
2.000000000000e-06,280,60,0
2.500000000000e-05,280,80,1
1.000000000000e-05,280,80,1
5.000000000000e-06,280,80,1
3.000000000000e-06,280,80,0
2.000000000000e-06,280,80,0
2.500000000000e-05,280,100,1
1.000000000000e-05,280,100,1
5.000000000000e-06,280,100,1
3.000000000000e-06,280,100,0
2.000000000000e-06,280,100,0
2.500000000000e-05,280,120,1
1.000000000000e-05,280,120,1
5.000000000000e-06,280,120,1
3.000000000000e-06,280,120,1
2.000000000000e-06,280,120,1
2.500000000000e-05,280,140,1
1.000000000000e-05,280,140,1
5.000000000000e-06,280,140,1
3.000000000000e-06,280,140,1
2.000000000000e-06,280,140,0
2.500000000000e-05,280,160,1
1.000000000000e-05,280,160,1
5.000000000000e-06,280,160,1
3.000000000000e-06,280,160,1
2.000000000000e-06,280,160,0
2.500000000000e-05,280,180,1
1.000000000000e-05,280,180,1
5.000000000000e-06,280,180,1
3.000000000000e-06,280,180,1
2.000000000000e-06,280,180,1
2.500000000000e-05,280,200,1
1.000000000000e-05,280,200,1
5.000000000000e-06,280,200,1
3.000000000000e-06,280,200,1
2.000000000000e-06,280,200,1
2.500000000000e-05,280,220,1
1.000000000000e-05,280,220,1
5.000000000000e-06,280,220,1
3.000000000000e-06,280,220,1
2.000000000000e-06,280,220,1
2.500000000000e-05,280,240,1
1.000000000000e-05,280,240,1
5.000000000000e-06,280,240,1
3.000000000000e-06,280,240,1
2.000000000000e-06,280,240,1
2.500000000000e-05,280,260,1
1.000000000000e-05,280,260,1
5.000000000000e-06,280,260,1
3.000000000000e-06,280,260,1
2.000000000000e-06,280,260,1
2.500000000000e-05,280,280,1
1.000000000000e-05,280,280,1
5.000000000000e-06,280,280,1
3.000000000000e-06,280,280,1
2.000000000000e-06,280,280,1
2.500000000000e-05,280,300,1
1.000000000000e-05,280,300,1
5.000000000000e-06,280,300,1
3.000000000000e-06,280,300,1
2.000000000000e-06,280,300,1
2.500000000000e-05,280,320,1
1.000000000000e-05,280,320,1
5.000000000000e-06,280,320,1
3.000000000000e-06,280,320,1
2.000000000000e-06,280,320,1
2.500000000000e-05,280,340,1
1.000000000000e-05,280,340,1
5.000000000000e-06,280,340,1
3.000000000000e-06,280,340,1
2.000000000000e-06,280,340,1
2.500000000000e-05,280,360,1
1.000000000000e-05,280,360,1
5.000000000000e-06,280,360,1
3.000000000000e-06,280,360,1
2.000000000000e-06,280,360,1
2.500000000000e-05,280,380,1
1.000000000000e-05,280,380,1
5.000000000000e-06,280,380,1
3.000000000000e-06,280,380,1
2.000000000000e-06,280,380,1
2.500000000000e-05,280,400,1
1.000000000000e-05,280,400,1
5.000000000000e-06,280,400,1
3.000000000000e-06,280,400,1
2.000000000000e-06,280,400,1
2.500000000000e-05,280,420,1
1.000000000000e-05,280,420,1
5.000000000000e-06,280,420,1
3.000000000000e-06,280,420,1
2.000000000000e-06,280,420,1
2.500000000000e-05,280,440,1
1.000000000000e-05,280,440,1
5.000000000000e-06,280,440,1
3.000000000000e-06,280,440,1
2.000000000000e-06,280,440,1
2.500000000000e-05,280,460,1
1.000000000000e-05,280,460,1
5.000000000000e-06,280,460,1
3.000000000000e-06,280,460,1
2.000000000000e-06,280,460,1
2.500000000000e-05,280,480,1
1.000000000000e-05,280,480,1
5.000000000000e-06,280,480,1
3.000000000000e-06,280,480,1
2.000000000000e-06,280,480,1
2.500000000000e-05,280,500,1
1.000000000000e-05,280,500,1
5.000000000000e-06,280,500,1
3.000000000000e-06,280,500,1
2.000000000000e-06,280,500,1
2.500000000000e-05,280,520,1
1.000000000000e-05,280,520,1
5.000000000000e-06,280,520,1
3.000000000000e-06,280,520,1
2.000000000000e-06,280,520,1
2.500000000000e-05,280,540,1
1.000000000000e-05,280,540,1
5.000000000000e-06,280,540,1
3.000000000000e-06,280,540,1
2.000000000000e-06,280,540,1
2.500000000000e-05,280,560,1
1.000000000000e-05,280,560,1
5.000000000000e-06,280,560,1
3.000000000000e-06,280,560,1
2.000000000000e-06,280,560,1
2.500000000000e-05,280,580,1
1.000000000000e-05,280,580,1
5.000000000000e-06,280,580,1
3.000000000000e-06,280,580,1
2.000000000000e-06,280,580,1
2.500000000000e-05,280,600,1
1.000000000000e-05,280,600,1
5.000000000000e-06,280,600,1
3.000000000000e-06,280,600,1
2.000000000000e-06,280,600,1
2.500000000000e-05,280,620,1
1.000000000000e-05,280,620,1
5.000000000000e-06,280,620,1
3.000000000000e-06,280,620,1
2.000000000000e-06,280,620,1
2.500000000000e-05,280,640,1
1.000000000000e-05,280,640,1
5.000000000000e-06,280,640,1
3.000000000000e-06,280,640,1
2.000000000000e-06,280,640,1
2.500000000000e-05,280,660,1
1.000000000000e-05,280,660,1
5.000000000000e-06,280,660,1
3.000000000000e-06,280,660,1
2.000000000000e-06,280,660,1
2.500000000000e-05,280,680,1
1.000000000000e-05,280,680,1
5.000000000000e-06,280,680,1
3.000000000000e-06,280,680,1
2.000000000000e-06,280,680,1
2.500000000000e-05,280,700,1
1.000000000000e-05,280,700,1
5.000000000000e-06,280,700,1
3.000000000000e-06,280,700,1
2.000000000000e-06,280,700,1
2.500000000000e-05,280,720,1
1.000000000000e-05,280,720,1
5.000000000000e-06,280,720,1
3.000000000000e-06,280,720,1
2.000000000000e-06,280,720,1
2.500000000000e-05,280,740,1
1.000000000000e-05,280,740,1
5.000000000000e-06,280,740,1
3.000000000000e-06,280,740,1
2.000000000000e-06,280,740,1
2.500000000000e-05,280,760,1
1.000000000000e-05,280,760,1
5.000000000000e-06,280,760,1
3.000000000000e-06,280,760,1
2.000000000000e-06,280,760,1
2.500000000000e-05,280,780,1
1.000000000000e-05,280,780,1
5.000000000000e-06,280,780,1
3.000000000000e-06,280,780,1
2.000000000000e-06,280,780,1
2.500000000000e-05,280,800,1
1.000000000000e-05,280,800,1
5.000000000000e-06,280,800,1
3.000000000000e-06,280,800,1
2.000000000000e-06,280,800,1
2.500000000000e-05,280,820,1
1.000000000000e-05,280,820,1
5.000000000000e-06,280,820,1
3.000000000000e-06,280,820,1
2.000000000000e-06,280,820,1
2.500000000000e-05,280,840,1
1.000000000000e-05,280,840,1
5.000000000000e-06,280,840,1
3.000000000000e-06,280,840,1
2.000000000000e-06,280,840,1
2.500000000000e-05,280,860,1
1.000000000000e-05,280,860,1
5.000000000000e-06,280,860,1
3.000000000000e-06,280,860,1
2.000000000000e-06,280,860,1
2.500000000000e-05,280,880,1
1.000000000000e-05,280,880,1
5.000000000000e-06,280,880,1
3.000000000000e-06,280,880,1
2.000000000000e-06,280,880,1
2.500000000000e-05,280,900,1
1.000000000000e-05,280,900,1
5.000000000000e-06,280,900,1
3.000000000000e-06,280,900,1
2.000000000000e-06,280,900,1
2.500000000000e-05,280,920,1
1.000000000000e-05,280,920,1
5.000000000000e-06,280,920,1
3.000000000000e-06,280,920,1
2.000000000000e-06,280,920,1
2.500000000000e-05,280,940,1
1.000000000000e-05,280,940,1
5.000000000000e-06,280,940,1
3.000000000000e-06,280,940,1
2.000000000000e-06,280,940,1
2.500000000000e-05,280,960,1
1.000000000000e-05,280,960,1
5.000000000000e-06,280,960,1
3.000000000000e-06,280,960,1
2.000000000000e-06,280,960,1
2.500000000000e-05,280,980,1
1.000000000000e-05,280,980,1
5.000000000000e-06,280,980,1
3.000000000000e-06,280,980,1
2.000000000000e-06,280,980,1
2.500000000000e-05,280,1000,1
1.000000000000e-05,280,1000,1
5.000000000000e-06,280,1000,1
3.000000000000e-06,280,1000,1
2.000000000000e-06,280,1000,1
2.500000000000e-05,300,0,1
1.000000000000e-05,300,0,1
5.000000000000e-06,300,0,0
3.000000000000e-06,300,0,0
2.000000000000e-06,300,0,0
2.500000000000e-05,300,20,1
1.000000000000e-05,300,20,1
5.000000000000e-06,300,20,0
3.000000000000e-06,300,20,0
2.000000000000e-06,300,20,0
2.500000000000e-05,300,40,1
1.000000000000e-05,300,40,1
5.000000000000e-06,300,40,0
3.000000000000e-06,300,40,0
2.000000000000e-06,300,40,0
2.500000000000e-05,300,60,1
1.000000000000e-05,300,60,1
5.000000000000e-06,300,60,0
3.000000000000e-06,300,60,0
2.000000000000e-06,300,60,0
2.500000000000e-05,300,80,1
1.000000000000e-05,300,80,1
5.000000000000e-06,300,80,0
3.000000000000e-06,300,80,0
2.000000000000e-06,300,80,0
2.500000000000e-05,300,100,1
1.000000000000e-05,300,100,1
5.000000000000e-06,300,100,1
3.000000000000e-06,300,100,0
2.000000000000e-06,300,100,0
2.500000000000e-05,300,120,1
1.000000000000e-05,300,120,1
5.000000000000e-06,300,120,1
3.000000000000e-06,300,120,0
2.000000000000e-06,300,120,0
2.500000000000e-05,300,140,1
1.000000000000e-05,300,140,1
5.000000000000e-06,300,140,1
3.000000000000e-06,300,140,1
2.000000000000e-06,300,140,0
2.500000000000e-05,300,160,1
1.000000000000e-05,300,160,1
5.000000000000e-06,300,160,1
3.000000000000e-06,300,160,1
2.000000000000e-06,300,160,0
2.500000000000e-05,300,180,1
1.000000000000e-05,300,180,1
5.000000000000e-06,300,180,1
3.000000000000e-06,300,180,1
2.000000000000e-06,300,180,1
2.500000000000e-05,300,200,1
1.000000000000e-05,300,200,1
5.000000000000e-06,300,200,1
3.000000000000e-06,300,200,1
2.000000000000e-06,300,200,1
2.500000000000e-05,300,220,1
1.000000000000e-05,300,220,1
5.000000000000e-06,300,220,1
3.000000000000e-06,300,220,1
2.000000000000e-06,300,220,1
2.500000000000e-05,300,240,1
1.000000000000e-05,300,240,1
5.000000000000e-06,300,240,1
3.000000000000e-06,300,240,1
2.000000000000e-06,300,240,1
2.500000000000e-05,300,260,1
1.000000000000e-05,300,260,1
5.000000000000e-06,300,260,1
3.000000000000e-06,300,260,1
2.000000000000e-06,300,260,1
2.500000000000e-05,300,280,1
1.000000000000e-05,300,280,1
5.000000000000e-06,300,280,1
3.000000000000e-06,300,280,1
2.000000000000e-06,300,280,1
2.500000000000e-05,300,300,1
1.000000000000e-05,300,300,1
5.000000000000e-06,300,300,1
3.000000000000e-06,300,300,1
2.000000000000e-06,300,300,1
2.500000000000e-05,300,320,1
1.000000000000e-05,300,320,1
5.000000000000e-06,300,320,1
3.000000000000e-06,300,320,1
2.000000000000e-06,300,320,1
2.500000000000e-05,300,340,1
1.000000000000e-05,300,340,1
5.000000000000e-06,300,340,1
3.000000000000e-06,300,340,1
2.000000000000e-06,300,340,1
2.500000000000e-05,300,360,1
1.000000000000e-05,300,360,1
5.000000000000e-06,300,360,1
3.000000000000e-06,300,360,1
2.000000000000e-06,300,360,1
2.500000000000e-05,300,380,1
1.000000000000e-05,300,380,1
5.000000000000e-06,300,380,1
3.000000000000e-06,300,380,1
2.000000000000e-06,300,380,1
2.500000000000e-05,300,400,1
1.000000000000e-05,300,400,1
5.000000000000e-06,300,400,1
3.000000000000e-06,300,400,1
2.000000000000e-06,300,400,1
2.500000000000e-05,300,420,1
1.000000000000e-05,300,420,1
5.000000000000e-06,300,420,1
3.000000000000e-06,300,420,1
2.000000000000e-06,300,420,1
2.500000000000e-05,300,440,1
1.000000000000e-05,300,440,1
5.000000000000e-06,300,440,1
3.000000000000e-06,300,440,1
2.000000000000e-06,300,440,1
2.500000000000e-05,300,460,1
1.000000000000e-05,300,460,1
5.000000000000e-06,300,460,1
3.000000000000e-06,300,460,1
2.000000000000e-06,300,460,1
2.500000000000e-05,300,480,1
1.000000000000e-05,300,480,1
5.000000000000e-06,300,480,1
3.000000000000e-06,300,480,1
2.000000000000e-06,300,480,1
2.500000000000e-05,300,500,1
1.000000000000e-05,300,500,1
5.000000000000e-06,300,500,1
3.000000000000e-06,300,500,1
2.000000000000e-06,300,500,1
2.500000000000e-05,300,520,1
1.000000000000e-05,300,520,1
5.000000000000e-06,300,520,1
3.000000000000e-06,300,520,1
2.000000000000e-06,300,520,1
2.500000000000e-05,300,540,1
1.000000000000e-05,300,540,1
5.000000000000e-06,300,540,1
3.000000000000e-06,300,540,1
2.000000000000e-06,300,540,1
2.500000000000e-05,300,560,1
1.000000000000e-05,300,560,1
5.000000000000e-06,300,560,1
3.000000000000e-06,300,560,1
2.000000000000e-06,300,560,1
2.500000000000e-05,300,580,1
1.000000000000e-05,300,580,1
5.000000000000e-06,300,580,1
3.000000000000e-06,300,580,1
2.000000000000e-06,300,580,1
2.500000000000e-05,300,600,1
1.000000000000e-05,300,600,1
5.000000000000e-06,300,600,1
3.000000000000e-06,300,600,1
2.000000000000e-06,300,600,1
2.500000000000e-05,300,620,1
1.000000000000e-05,300,620,1
5.000000000000e-06,300,620,1
3.000000000000e-06,300,620,1
2.000000000000e-06,300,620,1
2.500000000000e-05,300,640,1
1.000000000000e-05,300,640,1
5.000000000000e-06,300,640,1
3.000000000000e-06,300,640,1
2.000000000000e-06,300,640,1
2.500000000000e-05,300,660,1
1.000000000000e-05,300,660,1
5.000000000000e-06,300,660,1
3.000000000000e-06,300,660,1
2.000000000000e-06,300,660,1
2.500000000000e-05,300,680,1
1.000000000000e-05,300,680,1
5.000000000000e-06,300,680,1
3.000000000000e-06,300,680,1
2.000000000000e-06,300,680,1
2.500000000000e-05,300,700,1
1.000000000000e-05,300,700,1
5.000000000000e-06,300,700,1
3.000000000000e-06,300,700,1
2.000000000000e-06,300,700,1
2.500000000000e-05,300,720,1
1.000000000000e-05,300,720,1
5.000000000000e-06,300,720,1
3.000000000000e-06,300,720,1
2.000000000000e-06,300,720,1
2.500000000000e-05,300,740,1
1.000000000000e-05,300,740,1
5.000000000000e-06,300,740,1
3.000000000000e-06,300,740,1
2.000000000000e-06,300,740,1
2.500000000000e-05,300,760,1
1.000000000000e-05,300,760,1
5.000000000000e-06,300,760,1
3.000000000000e-06,300,760,1
2.000000000000e-06,300,760,1
2.500000000000e-05,300,780,1
1.000000000000e-05,300,780,1
5.000000000000e-06,300,780,1
3.000000000000e-06,300,780,1
2.000000000000e-06,300,780,1
2.500000000000e-05,300,800,1
1.000000000000e-05,300,800,1
5.000000000000e-06,300,800,1
3.000000000000e-06,300,800,1
2.000000000000e-06,300,800,1
2.500000000000e-05,300,820,1
1.000000000000e-05,300,820,1
5.000000000000e-06,300,820,1
3.000000000000e-06,300,820,1
2.000000000000e-06,300,820,1
2.500000000000e-05,300,840,1
1.000000000000e-05,300,840,1
5.000000000000e-06,300,840,1
3.000000000000e-06,300,840,1
2.000000000000e-06,300,840,1
2.500000000000e-05,300,860,1
1.000000000000e-05,300,860,1
5.000000000000e-06,300,860,1
3.000000000000e-06,300,860,1
2.000000000000e-06,300,860,1
2.500000000000e-05,300,880,1
1.000000000000e-05,300,880,1
5.000000000000e-06,300,880,1
3.000000000000e-06,300,880,1
2.000000000000e-06,300,880,1
2.500000000000e-05,300,900,1
1.000000000000e-05,300,900,1
5.000000000000e-06,300,900,1
3.000000000000e-06,300,900,1
2.000000000000e-06,300,900,1
2.500000000000e-05,300,920,1
1.000000000000e-05,300,920,1
5.000000000000e-06,300,920,1
3.000000000000e-06,300,920,1
2.000000000000e-06,300,920,1
2.500000000000e-05,300,940,1
1.000000000000e-05,300,940,1
5.000000000000e-06,300,940,1
3.000000000000e-06,300,940,1
2.000000000000e-06,300,940,1
2.500000000000e-05,300,960,1
1.000000000000e-05,300,960,1
5.000000000000e-06,300,960,1
3.000000000000e-06,300,960,1
2.000000000000e-06,300,960,1
2.500000000000e-05,300,980,1
1.000000000000e-05,300,980,1
5.000000000000e-06,300,980,1
3.000000000000e-06,300,980,1
2.000000000000e-06,300,980,1
2.500000000000e-05,300,1000,1
1.000000000000e-05,300,1000,1
5.000000000000e-06,300,1000,1
3.000000000000e-06,300,1000,1
2.000000000000e-06,300,1000,1
2.500000000000e-05,320,0,1
1.000000000000e-05,320,0,1
5.000000000000e-06,320,0,0
3.000000000000e-06,320,0,0
2.000000000000e-06,320,0,0
2.500000000000e-05,320,20,1
1.000000000000e-05,320,20,1
5.000000000000e-06,320,20,0
3.000000000000e-06,320,20,0
2.000000000000e-06,320,20,0
2.500000000000e-05,320,40,1
1.000000000000e-05,320,40,1
5.000000000000e-06,320,40,0
3.000000000000e-06,320,40,0
2.000000000000e-06,320,40,0
2.500000000000e-05,320,60,1
1.000000000000e-05,320,60,1
5.000000000000e-06,320,60,0
3.000000000000e-06,320,60,0
2.000000000000e-06,320,60,0
2.500000000000e-05,320,80,1
1.000000000000e-05,320,80,1
5.000000000000e-06,320,80,0
3.000000000000e-06,320,80,0
2.000000000000e-06,320,80,0
2.500000000000e-05,320,100,1
1.000000000000e-05,320,100,1
5.000000000000e-06,320,100,1
3.000000000000e-06,320,100,0
2.000000000000e-06,320,100,0
2.500000000000e-05,320,120,1
1.000000000000e-05,320,120,1
5.000000000000e-06,320,120,1
3.000000000000e-06,320,120,0
2.000000000000e-06,320,120,0
2.500000000000e-05,320,140,1
1.000000000000e-05,320,140,1
5.000000000000e-06,320,140,1
3.000000000000e-06,320,140,1
2.000000000000e-06,320,140,0
2.500000000000e-05,320,160,1
1.000000000000e-05,320,160,1
5.000000000000e-06,320,160,1
3.000000000000e-06,320,160,1
2.000000000000e-06,320,160,0
2.500000000000e-05,320,180,1
1.000000000000e-05,320,180,1
5.000000000000e-06,320,180,1
3.000000000000e-06,320,180,1
2.000000000000e-06,320,180,1
2.500000000000e-05,320,200,1
1.000000000000e-05,320,200,1
5.000000000000e-06,320,200,1
3.000000000000e-06,320,200,1
2.000000000000e-06,320,200,1
2.500000000000e-05,320,220,1
1.000000000000e-05,320,220,1
5.000000000000e-06,320,220,1
3.000000000000e-06,320,220,1
2.000000000000e-06,320,220,1
2.500000000000e-05,320,240,1
1.000000000000e-05,320,240,1
5.000000000000e-06,320,240,1
3.000000000000e-06,320,240,1
2.000000000000e-06,320,240,1
2.500000000000e-05,320,260,1
1.000000000000e-05,320,260,1
5.000000000000e-06,320,260,1
3.000000000000e-06,320,260,1
2.000000000000e-06,320,260,1
2.500000000000e-05,320,280,1
1.000000000000e-05,320,280,1
5.000000000000e-06,320,280,1
3.000000000000e-06,320,280,1
2.000000000000e-06,320,280,1
2.500000000000e-05,320,300,1
1.000000000000e-05,320,300,1
5.000000000000e-06,320,300,1
3.000000000000e-06,320,300,1
2.000000000000e-06,320,300,1
2.500000000000e-05,320,320,1
1.000000000000e-05,320,320,1
5.000000000000e-06,320,320,1
3.000000000000e-06,320,320,1
2.000000000000e-06,320,320,1
2.500000000000e-05,320,340,1
1.000000000000e-05,320,340,1
5.000000000000e-06,320,340,1
3.000000000000e-06,320,340,1
2.000000000000e-06,320,340,1
2.500000000000e-05,320,360,1
1.000000000000e-05,320,360,1
5.000000000000e-06,320,360,1
3.000000000000e-06,320,360,1
2.000000000000e-06,320,360,1
2.500000000000e-05,320,380,1
1.000000000000e-05,320,380,1
5.000000000000e-06,320,380,1
3.000000000000e-06,320,380,1
2.000000000000e-06,320,380,1
2.500000000000e-05,320,400,1
1.000000000000e-05,320,400,1
5.000000000000e-06,320,400,1
3.000000000000e-06,320,400,1
2.000000000000e-06,320,400,1
2.500000000000e-05,320,420,1
1.000000000000e-05,320,420,1
5.000000000000e-06,320,420,1
3.000000000000e-06,320,420,1
2.000000000000e-06,320,420,1
2.500000000000e-05,320,440,1
1.000000000000e-05,320,440,1
5.000000000000e-06,320,440,1
3.000000000000e-06,320,440,1
2.000000000000e-06,320,440,1
2.500000000000e-05,320,460,1
1.000000000000e-05,320,460,1
5.000000000000e-06,320,460,1
3.000000000000e-06,320,460,1
2.000000000000e-06,320,460,1
2.500000000000e-05,320,480,1
1.000000000000e-05,320,480,1
5.000000000000e-06,320,480,1
3.000000000000e-06,320,480,1
2.000000000000e-06,320,480,1
2.500000000000e-05,320,500,1
1.000000000000e-05,320,500,1
5.000000000000e-06,320,500,1
3.000000000000e-06,320,500,1
2.000000000000e-06,320,500,1
2.500000000000e-05,320,520,1
1.000000000000e-05,320,520,1
5.000000000000e-06,320,520,1
3.000000000000e-06,320,520,1
2.000000000000e-06,320,520,1
2.500000000000e-05,320,540,1
1.000000000000e-05,320,540,1
5.000000000000e-06,320,540,1
3.000000000000e-06,320,540,1
2.000000000000e-06,320,540,1
2.500000000000e-05,320,560,1
1.000000000000e-05,320,560,1
5.000000000000e-06,320,560,1
3.000000000000e-06,320,560,1
2.000000000000e-06,320,560,1
2.500000000000e-05,320,580,1
1.000000000000e-05,320,580,1
5.000000000000e-06,320,580,1
3.000000000000e-06,320,580,1
2.000000000000e-06,320,580,1
2.500000000000e-05,320,600,1
1.000000000000e-05,320,600,1
5.000000000000e-06,320,600,1
3.000000000000e-06,320,600,1
2.000000000000e-06,320,600,1
2.500000000000e-05,320,620,1
1.000000000000e-05,320,620,1
5.000000000000e-06,320,620,1
3.000000000000e-06,320,620,1
2.000000000000e-06,320,620,1
2.500000000000e-05,320,640,1
1.000000000000e-05,320,640,1
5.000000000000e-06,320,640,1
3.000000000000e-06,320,640,1
2.000000000000e-06,320,640,1
2.500000000000e-05,320,660,1
1.000000000000e-05,320,660,1
5.000000000000e-06,320,660,1
3.000000000000e-06,320,660,1
2.000000000000e-06,320,660,1
2.500000000000e-05,320,680,1
1.000000000000e-05,320,680,1
5.000000000000e-06,320,680,1
3.000000000000e-06,320,680,1
2.000000000000e-06,320,680,1
2.500000000000e-05,320,700,1
1.000000000000e-05,320,700,1
5.000000000000e-06,320,700,1
3.000000000000e-06,320,700,1
2.000000000000e-06,320,700,1
2.500000000000e-05,320,720,1
1.000000000000e-05,320,720,1
5.000000000000e-06,320,720,1
3.000000000000e-06,320,720,1
2.000000000000e-06,320,720,1
2.500000000000e-05,320,740,1
1.000000000000e-05,320,740,1
5.000000000000e-06,320,740,1
3.000000000000e-06,320,740,1
2.000000000000e-06,320,740,1
2.500000000000e-05,320,760,1
1.000000000000e-05,320,760,1
5.000000000000e-06,320,760,1
3.000000000000e-06,320,760,1
2.000000000000e-06,320,760,1
2.500000000000e-05,320,780,1
1.000000000000e-05,320,780,1
5.000000000000e-06,320,780,1
3.000000000000e-06,320,780,1
2.000000000000e-06,320,780,1
2.500000000000e-05,320,800,1
1.000000000000e-05,320,800,1
5.000000000000e-06,320,800,1
3.000000000000e-06,320,800,1
2.000000000000e-06,320,800,1
2.500000000000e-05,320,820,1
1.000000000000e-05,320,820,1
5.000000000000e-06,320,820,1
3.000000000000e-06,320,820,1
2.000000000000e-06,320,820,1
2.500000000000e-05,320,840,1
1.000000000000e-05,320,840,1
5.000000000000e-06,320,840,1
3.000000000000e-06,320,840,1
2.000000000000e-06,320,840,1
2.500000000000e-05,320,860,1
1.000000000000e-05,320,860,1
5.000000000000e-06,320,860,1
3.000000000000e-06,320,860,1
2.000000000000e-06,320,860,1
2.500000000000e-05,320,880,1
1.000000000000e-05,320,880,1
5.000000000000e-06,320,880,1
3.000000000000e-06,320,880,1
2.000000000000e-06,320,880,1
2.500000000000e-05,320,900,1
1.000000000000e-05,320,900,1
5.000000000000e-06,320,900,1
3.000000000000e-06,320,900,1
2.000000000000e-06,320,900,1
2.500000000000e-05,320,920,1
1.000000000000e-05,320,920,1
5.000000000000e-06,320,920,1
3.000000000000e-06,320,920,1
2.000000000000e-06,320,920,1
2.500000000000e-05,320,940,1
1.000000000000e-05,320,940,1
5.000000000000e-06,320,940,1
3.000000000000e-06,320,940,1
2.000000000000e-06,320,940,1
2.500000000000e-05,320,960,1
1.000000000000e-05,320,960,1
5.000000000000e-06,320,960,1
3.000000000000e-06,320,960,1
2.000000000000e-06,320,960,1
2.500000000000e-05,320,980,1
1.000000000000e-05,320,980,1
5.000000000000e-06,320,980,1
3.000000000000e-06,320,980,1
2.000000000000e-06,320,980,1
2.500000000000e-05,320,1000,1
1.000000000000e-05,320,1000,1
5.000000000000e-06,320,1000,1
3.000000000000e-06,320,1000,1
2.000000000000e-06,320,1000,1
2.500000000000e-05,340,0,1
1.000000000000e-05,340,0,1
5.000000000000e-06,340,0,0
3.000000000000e-06,340,0,0
2.000000000000e-06,340,0,0
2.500000000000e-05,340,20,1
1.000000000000e-05,340,20,1
5.000000000000e-06,340,20,0
3.000000000000e-06,340,20,0
2.000000000000e-06,340,20,0
2.500000000000e-05,340,40,1
1.000000000000e-05,340,40,1
5.000000000000e-06,340,40,0
3.000000000000e-06,340,40,0
2.000000000000e-06,340,40,0
2.500000000000e-05,340,60,1
1.000000000000e-05,340,60,1
5.000000000000e-06,340,60,0
3.000000000000e-06,340,60,0
2.000000000000e-06,340,60,0
2.500000000000e-05,340,80,1
1.000000000000e-05,340,80,1
5.000000000000e-06,340,80,0
3.000000000000e-06,340,80,0
2.000000000000e-06,340,80,0
2.500000000000e-05,340,100,1
1.000000000000e-05,340,100,1
5.000000000000e-06,340,100,1
3.000000000000e-06,340,100,0
2.000000000000e-06,340,100,0
2.500000000000e-05,340,120,1
1.000000000000e-05,340,120,1
5.000000000000e-06,340,120,1
3.000000000000e-06,340,120,0
2.000000000000e-06,340,120,0
2.500000000000e-05,340,140,1
1.000000000000e-05,340,140,1
5.000000000000e-06,340,140,1
3.000000000000e-06,340,140,1
2.000000000000e-06,340,140,1
2.500000000000e-05,340,160,1
1.000000000000e-05,340,160,1
5.000000000000e-06,340,160,1
3.000000000000e-06,340,160,1
2.000000000000e-06,340,160,1
2.500000000000e-05,340,180,1
1.000000000000e-05,340,180,1
5.000000000000e-06,340,180,1
3.000000000000e-06,340,180,1
2.000000000000e-06,340,180,1
2.500000000000e-05,340,200,1
1.000000000000e-05,340,200,1
5.000000000000e-06,340,200,1
3.000000000000e-06,340,200,1
2.000000000000e-06,340,200,1
2.500000000000e-05,340,220,1
1.000000000000e-05,340,220,1
5.000000000000e-06,340,220,1
3.000000000000e-06,340,220,1
2.000000000000e-06,340,220,1
2.500000000000e-05,340,240,1
1.000000000000e-05,340,240,1
5.000000000000e-06,340,240,1
3.000000000000e-06,340,240,1
2.000000000000e-06,340,240,1
2.500000000000e-05,340,260,1
1.000000000000e-05,340,260,1
5.000000000000e-06,340,260,1
3.000000000000e-06,340,260,1
2.000000000000e-06,340,260,1
2.500000000000e-05,340,280,1
1.000000000000e-05,340,280,1
5.000000000000e-06,340,280,1
3.000000000000e-06,340,280,1
2.000000000000e-06,340,280,1
2.500000000000e-05,340,300,1
1.000000000000e-05,340,300,1
5.000000000000e-06,340,300,1
3.000000000000e-06,340,300,1
2.000000000000e-06,340,300,1
2.500000000000e-05,340,320,1
1.000000000000e-05,340,320,1
5.000000000000e-06,340,320,1
3.000000000000e-06,340,320,1
2.000000000000e-06,340,320,1
2.500000000000e-05,340,340,1
1.000000000000e-05,340,340,1
5.000000000000e-06,340,340,1
3.000000000000e-06,340,340,1
2.000000000000e-06,340,340,1
2.500000000000e-05,340,360,1
1.000000000000e-05,340,360,1
5.000000000000e-06,340,360,1
3.000000000000e-06,340,360,1
2.000000000000e-06,340,360,1
2.500000000000e-05,340,380,1
1.000000000000e-05,340,380,1
5.000000000000e-06,340,380,1
3.000000000000e-06,340,380,1
2.000000000000e-06,340,380,1
2.500000000000e-05,340,400,1
1.000000000000e-05,340,400,1
5.000000000000e-06,340,400,1
3.000000000000e-06,340,400,1
2.000000000000e-06,340,400,1
2.500000000000e-05,340,420,1
1.000000000000e-05,340,420,1
5.000000000000e-06,340,420,1
3.000000000000e-06,340,420,1
2.000000000000e-06,340,420,1
2.500000000000e-05,340,440,1
1.000000000000e-05,340,440,1
5.000000000000e-06,340,440,1
3.000000000000e-06,340,440,1
2.000000000000e-06,340,440,1
2.500000000000e-05,340,460,1
1.000000000000e-05,340,460,1
5.000000000000e-06,340,460,1
3.000000000000e-06,340,460,1
2.000000000000e-06,340,460,1
2.500000000000e-05,340,480,1
1.000000000000e-05,340,480,1
5.000000000000e-06,340,480,1
3.000000000000e-06,340,480,1
2.000000000000e-06,340,480,1
2.500000000000e-05,340,500,1
1.000000000000e-05,340,500,1
5.000000000000e-06,340,500,1
3.000000000000e-06,340,500,1
2.000000000000e-06,340,500,1
2.500000000000e-05,340,520,1
1.000000000000e-05,340,520,1
5.000000000000e-06,340,520,1
3.000000000000e-06,340,520,1
2.000000000000e-06,340,520,1
2.500000000000e-05,340,540,1
1.000000000000e-05,340,540,1
5.000000000000e-06,340,540,1
3.000000000000e-06,340,540,1
2.000000000000e-06,340,540,1
2.500000000000e-05,340,560,1
1.000000000000e-05,340,560,1
5.000000000000e-06,340,560,1
3.000000000000e-06,340,560,1
2.000000000000e-06,340,560,1
2.500000000000e-05,340,580,1
1.000000000000e-05,340,580,1
5.000000000000e-06,340,580,1
3.000000000000e-06,340,580,1
2.000000000000e-06,340,580,1
2.500000000000e-05,340,600,1
1.000000000000e-05,340,600,1
5.000000000000e-06,340,600,1
3.000000000000e-06,340,600,1
2.000000000000e-06,340,600,1
2.500000000000e-05,340,620,1
1.000000000000e-05,340,620,1
5.000000000000e-06,340,620,1
3.000000000000e-06,340,620,1
2.000000000000e-06,340,620,1
2.500000000000e-05,340,640,1
1.000000000000e-05,340,640,1
5.000000000000e-06,340,640,1
3.000000000000e-06,340,640,1
2.000000000000e-06,340,640,1
2.500000000000e-05,340,660,1
1.000000000000e-05,340,660,1
5.000000000000e-06,340,660,1
3.000000000000e-06,340,660,1
2.000000000000e-06,340,660,1
2.500000000000e-05,340,680,1
1.000000000000e-05,340,680,1
5.000000000000e-06,340,680,1
3.000000000000e-06,340,680,1
2.000000000000e-06,340,680,1
2.500000000000e-05,340,700,1
1.000000000000e-05,340,700,1
5.000000000000e-06,340,700,1
3.000000000000e-06,340,700,1
2.000000000000e-06,340,700,1
2.500000000000e-05,340,720,1
1.000000000000e-05,340,720,1
5.000000000000e-06,340,720,1
3.000000000000e-06,340,720,1
2.000000000000e-06,340,720,1
2.500000000000e-05,340,740,1
1.000000000000e-05,340,740,1
5.000000000000e-06,340,740,1
3.000000000000e-06,340,740,1
2.000000000000e-06,340,740,1
2.500000000000e-05,340,760,1
1.000000000000e-05,340,760,1
5.000000000000e-06,340,760,1
3.000000000000e-06,340,760,1
2.000000000000e-06,340,760,1
2.500000000000e-05,340,780,1
1.000000000000e-05,340,780,1
5.000000000000e-06,340,780,1
3.000000000000e-06,340,780,1
2.000000000000e-06,340,780,1
2.500000000000e-05,340,800,1
1.000000000000e-05,340,800,1
5.000000000000e-06,340,800,1
3.000000000000e-06,340,800,1
2.000000000000e-06,340,800,1
2.500000000000e-05,340,820,1
1.000000000000e-05,340,820,1
5.000000000000e-06,340,820,1
3.000000000000e-06,340,820,1
2.000000000000e-06,340,820,1
2.500000000000e-05,340,840,1
1.000000000000e-05,340,840,1
5.000000000000e-06,340,840,1
3.000000000000e-06,340,840,1
2.000000000000e-06,340,840,1
2.500000000000e-05,340,860,1
1.000000000000e-05,340,860,1
5.000000000000e-06,340,860,1
3.000000000000e-06,340,860,1
2.000000000000e-06,340,860,1
2.500000000000e-05,340,880,1
1.000000000000e-05,340,880,1
5.000000000000e-06,340,880,1
3.000000000000e-06,340,880,1
2.000000000000e-06,340,880,1
2.500000000000e-05,340,900,1
1.000000000000e-05,340,900,1
5.000000000000e-06,340,900,1
3.000000000000e-06,340,900,1
2.000000000000e-06,340,900,1
2.500000000000e-05,340,920,1
1.000000000000e-05,340,920,1
5.000000000000e-06,340,920,1
3.000000000000e-06,340,920,1
2.000000000000e-06,340,920,1
2.500000000000e-05,340,940,1
1.000000000000e-05,340,940,1
5.000000000000e-06,340,940,1
3.000000000000e-06,340,940,1
2.000000000000e-06,340,940,1
2.500000000000e-05,340,960,1
1.000000000000e-05,340,960,1
5.000000000000e-06,340,960,1
3.000000000000e-06,340,960,1
2.000000000000e-06,340,960,1
2.500000000000e-05,340,980,1
1.000000000000e-05,340,980,1
5.000000000000e-06,340,980,1
3.000000000000e-06,340,980,1
2.000000000000e-06,340,980,1
2.500000000000e-05,340,1000,1
1.000000000000e-05,340,1000,1
5.000000000000e-06,340,1000,1
3.000000000000e-06,340,1000,1
2.000000000000e-06,340,1000,1
2.500000000000e-05,360,0,1
1.000000000000e-05,360,0,1
5.000000000000e-06,360,0,1
3.000000000000e-06,360,0,1
2.000000000000e-06,360,0,0
2.500000000000e-05,360,20,1
1.000000000000e-05,360,20,1
5.000000000000e-06,360,20,1
3.000000000000e-06,360,20,1
2.000000000000e-06,360,20,0
2.500000000000e-05,360,40,1
1.000000000000e-05,360,40,1
5.000000000000e-06,360,40,1
3.000000000000e-06,360,40,1
2.000000000000e-06,360,40,0
2.500000000000e-05,360,60,1
1.000000000000e-05,360,60,1
5.000000000000e-06,360,60,1
3.000000000000e-06,360,60,1
2.000000000000e-06,360,60,1
2.500000000000e-05,360,80,1
1.000000000000e-05,360,80,1
5.000000000000e-06,360,80,1
3.000000000000e-06,360,80,1
2.000000000000e-06,360,80,0
2.500000000000e-05,360,100,1
1.000000000000e-05,360,100,1
5.000000000000e-06,360,100,1
3.000000000000e-06,360,100,1
2.000000000000e-06,360,100,0
2.500000000000e-05,360,120,1
1.000000000000e-05,360,120,1
5.000000000000e-06,360,120,1
3.000000000000e-06,360,120,1
2.000000000000e-06,360,120,0
2.500000000000e-05,360,140,1
1.000000000000e-05,360,140,1
5.000000000000e-06,360,140,1
3.000000000000e-06,360,140,1
2.000000000000e-06,360,140,0
2.500000000000e-05,360,160,1
1.000000000000e-05,360,160,1
5.000000000000e-06,360,160,1
3.000000000000e-06,360,160,1
2.000000000000e-06,360,160,0
2.500000000000e-05,360,180,1
1.000000000000e-05,360,180,1
5.000000000000e-06,360,180,1
3.000000000000e-06,360,180,1
2.000000000000e-06,360,180,1
2.500000000000e-05,360,200,1
1.000000000000e-05,360,200,1
5.000000000000e-06,360,200,1
3.000000000000e-06,360,200,1
2.000000000000e-06,360,200,1
2.500000000000e-05,360,220,1
1.000000000000e-05,360,220,1
5.000000000000e-06,360,220,1
3.000000000000e-06,360,220,1
2.000000000000e-06,360,220,1
2.500000000000e-05,360,240,1
1.000000000000e-05,360,240,1
5.000000000000e-06,360,240,1
3.000000000000e-06,360,240,1
2.000000000000e-06,360,240,1
2.500000000000e-05,360,260,1
1.000000000000e-05,360,260,1
5.000000000000e-06,360,260,1
3.000000000000e-06,360,260,1
2.000000000000e-06,360,260,1
2.500000000000e-05,360,280,1
1.000000000000e-05,360,280,1
5.000000000000e-06,360,280,1
3.000000000000e-06,360,280,1
2.000000000000e-06,360,280,1
2.500000000000e-05,360,300,1
1.000000000000e-05,360,300,1
5.000000000000e-06,360,300,1
3.000000000000e-06,360,300,1
2.000000000000e-06,360,300,1
2.500000000000e-05,360,320,1
1.000000000000e-05,360,320,1
5.000000000000e-06,360,320,1
3.000000000000e-06,360,320,1
2.000000000000e-06,360,320,1
2.500000000000e-05,360,340,1
1.000000000000e-05,360,340,1
5.000000000000e-06,360,340,1
3.000000000000e-06,360,340,1
2.000000000000e-06,360,340,1
2.500000000000e-05,360,360,1
1.000000000000e-05,360,360,1
5.000000000000e-06,360,360,1
3.000000000000e-06,360,360,1
2.000000000000e-06,360,360,1
2.500000000000e-05,360,380,1
1.000000000000e-05,360,380,1
5.000000000000e-06,360,380,1
3.000000000000e-06,360,380,1
2.000000000000e-06,360,380,1
2.500000000000e-05,360,400,1
1.000000000000e-05,360,400,1
5.000000000000e-06,360,400,1
3.000000000000e-06,360,400,1
2.000000000000e-06,360,400,1
2.500000000000e-05,360,420,1
1.000000000000e-05,360,420,1
5.000000000000e-06,360,420,1
3.000000000000e-06,360,420,1
2.000000000000e-06,360,420,1
2.500000000000e-05,360,440,1
1.000000000000e-05,360,440,1
5.000000000000e-06,360,440,1
3.000000000000e-06,360,440,1
2.000000000000e-06,360,440,1
2.500000000000e-05,360,460,1
1.000000000000e-05,360,460,1
5.000000000000e-06,360,460,1
3.000000000000e-06,360,460,1
2.000000000000e-06,360,460,1
2.500000000000e-05,360,480,1
1.000000000000e-05,360,480,1
5.000000000000e-06,360,480,1
3.000000000000e-06,360,480,1
2.000000000000e-06,360,480,1
2.500000000000e-05,360,500,1
1.000000000000e-05,360,500,1
5.000000000000e-06,360,500,1
3.000000000000e-06,360,500,1
2.000000000000e-06,360,500,1
2.500000000000e-05,360,520,1
1.000000000000e-05,360,520,1
5.000000000000e-06,360,520,1
3.000000000000e-06,360,520,1
2.000000000000e-06,360,520,1
2.500000000000e-05,360,540,1
1.000000000000e-05,360,540,1
5.000000000000e-06,360,540,1
3.000000000000e-06,360,540,1
2.000000000000e-06,360,540,1
2.500000000000e-05,360,560,1
1.000000000000e-05,360,560,1
5.000000000000e-06,360,560,1
3.000000000000e-06,360,560,1
2.000000000000e-06,360,560,1
2.500000000000e-05,360,580,1
1.000000000000e-05,360,580,1
5.000000000000e-06,360,580,1
3.000000000000e-06,360,580,1
2.000000000000e-06,360,580,1
2.500000000000e-05,360,600,1
1.000000000000e-05,360,600,1
5.000000000000e-06,360,600,1
3.000000000000e-06,360,600,1
2.000000000000e-06,360,600,1
2.500000000000e-05,360,620,1
1.000000000000e-05,360,620,1
5.000000000000e-06,360,620,1
3.000000000000e-06,360,620,1
2.000000000000e-06,360,620,1
2.500000000000e-05,360,640,1
1.000000000000e-05,360,640,1
5.000000000000e-06,360,640,1
3.000000000000e-06,360,640,1
2.000000000000e-06,360,640,1
2.500000000000e-05,360,660,1
1.000000000000e-05,360,660,1
5.000000000000e-06,360,660,1
3.000000000000e-06,360,660,1
2.000000000000e-06,360,660,1
2.500000000000e-05,360,680,1
1.000000000000e-05,360,680,1
5.000000000000e-06,360,680,1
3.000000000000e-06,360,680,1
2.000000000000e-06,360,680,1
2.500000000000e-05,360,700,1
1.000000000000e-05,360,700,1
5.000000000000e-06,360,700,1
3.000000000000e-06,360,700,1
2.000000000000e-06,360,700,1
2.500000000000e-05,360,720,1
1.000000000000e-05,360,720,1
5.000000000000e-06,360,720,1
3.000000000000e-06,360,720,1
2.000000000000e-06,360,720,1
2.500000000000e-05,360,740,1
1.000000000000e-05,360,740,1
5.000000000000e-06,360,740,1
3.000000000000e-06,360,740,1
2.000000000000e-06,360,740,1
2.500000000000e-05,360,760,1
1.000000000000e-05,360,760,1
5.000000000000e-06,360,760,1
3.000000000000e-06,360,760,1
2.000000000000e-06,360,760,1
2.500000000000e-05,360,780,1
1.000000000000e-05,360,780,1
5.000000000000e-06,360,780,1
3.000000000000e-06,360,780,1
2.000000000000e-06,360,780,1
2.500000000000e-05,360,800,1
1.000000000000e-05,360,800,1
5.000000000000e-06,360,800,1
3.000000000000e-06,360,800,1
2.000000000000e-06,360,800,1
2.500000000000e-05,360,820,1
1.000000000000e-05,360,820,1
5.000000000000e-06,360,820,1
3.000000000000e-06,360,820,1
2.000000000000e-06,360,820,1
2.500000000000e-05,360,840,1
1.000000000000e-05,360,840,1
5.000000000000e-06,360,840,1
3.000000000000e-06,360,840,1
2.000000000000e-06,360,840,1
2.500000000000e-05,360,860,1
1.000000000000e-05,360,860,1
5.000000000000e-06,360,860,1
3.000000000000e-06,360,860,1
2.000000000000e-06,360,860,1
2.500000000000e-05,360,880,1
1.000000000000e-05,360,880,1
5.000000000000e-06,360,880,1
3.000000000000e-06,360,880,1
2.000000000000e-06,360,880,1
2.500000000000e-05,360,900,1
1.000000000000e-05,360,900,1
5.000000000000e-06,360,900,1
3.000000000000e-06,360,900,1
2.000000000000e-06,360,900,1
2.500000000000e-05,360,920,1
1.000000000000e-05,360,920,1
5.000000000000e-06,360,920,1
3.000000000000e-06,360,920,1
2.000000000000e-06,360,920,1
2.500000000000e-05,360,940,1
1.000000000000e-05,360,940,1
5.000000000000e-06,360,940,1
3.000000000000e-06,360,940,1
2.000000000000e-06,360,940,1
2.500000000000e-05,360,960,1
1.000000000000e-05,360,960,1
5.000000000000e-06,360,960,1
3.000000000000e-06,360,960,1
2.000000000000e-06,360,960,1
2.500000000000e-05,360,980,1
1.000000000000e-05,360,980,1
5.000000000000e-06,360,980,1
3.000000000000e-06,360,980,1
2.000000000000e-06,360,980,1
2.500000000000e-05,360,1000,1
1.000000000000e-05,360,1000,1
5.000000000000e-06,360,1000,1
3.000000000000e-06,360,1000,1
2.000000000000e-06,360,1000,1
2.500000000000e-05,380,0,1
1.000000000000e-05,380,0,1
5.000000000000e-06,380,0,1
3.000000000000e-06,380,0,1
2.000000000000e-06,380,0,0
2.500000000000e-05,380,20,1
1.000000000000e-05,380,20,1
5.000000000000e-06,380,20,1
3.000000000000e-06,380,20,1
2.000000000000e-06,380,20,0
2.500000000000e-05,380,40,1
1.000000000000e-05,380,40,1
5.000000000000e-06,380,40,1
3.000000000000e-06,380,40,1
2.000000000000e-06,380,40,0
2.500000000000e-05,380,60,1
1.000000000000e-05,380,60,1
5.000000000000e-06,380,60,1
3.000000000000e-06,380,60,1
2.000000000000e-06,380,60,0
2.500000000000e-05,380,80,1
1.000000000000e-05,380,80,1
5.000000000000e-06,380,80,1
3.000000000000e-06,380,80,1
2.000000000000e-06,380,80,1
2.500000000000e-05,380,100,1
1.000000000000e-05,380,100,1
5.000000000000e-06,380,100,1
3.000000000000e-06,380,100,1
2.000000000000e-06,380,100,0
2.500000000000e-05,380,120,1
1.000000000000e-05,380,120,1
5.000000000000e-06,380,120,1
3.000000000000e-06,380,120,1
2.000000000000e-06,380,120,0
2.500000000000e-05,380,140,1
1.000000000000e-05,380,140,1
5.000000000000e-06,380,140,1
3.000000000000e-06,380,140,1
2.000000000000e-06,380,140,1
2.500000000000e-05,380,160,1
1.000000000000e-05,380,160,1
5.000000000000e-06,380,160,1
3.000000000000e-06,380,160,1
2.000000000000e-06,380,160,1
2.500000000000e-05,380,180,1
1.000000000000e-05,380,180,1
5.000000000000e-06,380,180,1
3.000000000000e-06,380,180,1
2.000000000000e-06,380,180,1
2.500000000000e-05,380,200,1
1.000000000000e-05,380,200,1
5.000000000000e-06,380,200,1
3.000000000000e-06,380,200,1
2.000000000000e-06,380,200,1
2.500000000000e-05,380,220,1
1.000000000000e-05,380,220,1
5.000000000000e-06,380,220,1
3.000000000000e-06,380,220,1
2.000000000000e-06,380,220,1
2.500000000000e-05,380,240,1
1.000000000000e-05,380,240,1
5.000000000000e-06,380,240,1
3.000000000000e-06,380,240,1
2.000000000000e-06,380,240,1
2.500000000000e-05,380,260,1
1.000000000000e-05,380,260,1
5.000000000000e-06,380,260,1
3.000000000000e-06,380,260,1
2.000000000000e-06,380,260,1
2.500000000000e-05,380,280,1
1.000000000000e-05,380,280,1
5.000000000000e-06,380,280,1
3.000000000000e-06,380,280,1
2.000000000000e-06,380,280,1
2.500000000000e-05,380,300,1
1.000000000000e-05,380,300,1
5.000000000000e-06,380,300,1
3.000000000000e-06,380,300,1
2.000000000000e-06,380,300,1
2.500000000000e-05,380,320,1
1.000000000000e-05,380,320,1
5.000000000000e-06,380,320,1
3.000000000000e-06,380,320,1
2.000000000000e-06,380,320,1
2.500000000000e-05,380,340,1
1.000000000000e-05,380,340,1
5.000000000000e-06,380,340,1
3.000000000000e-06,380,340,1
2.000000000000e-06,380,340,1
2.500000000000e-05,380,360,1
1.000000000000e-05,380,360,1
5.000000000000e-06,380,360,1
3.000000000000e-06,380,360,1
2.000000000000e-06,380,360,1
2.500000000000e-05,380,380,1
1.000000000000e-05,380,380,1
5.000000000000e-06,380,380,1
3.000000000000e-06,380,380,1
2.000000000000e-06,380,380,1
2.500000000000e-05,380,400,1
1.000000000000e-05,380,400,1
5.000000000000e-06,380,400,1
3.000000000000e-06,380,400,1
2.000000000000e-06,380,400,1
2.500000000000e-05,380,420,1
1.000000000000e-05,380,420,1
5.000000000000e-06,380,420,1
3.000000000000e-06,380,420,1
2.000000000000e-06,380,420,1
2.500000000000e-05,380,440,1
1.000000000000e-05,380,440,1
5.000000000000e-06,380,440,1
3.000000000000e-06,380,440,1
2.000000000000e-06,380,440,1
2.500000000000e-05,380,460,1
1.000000000000e-05,380,460,1
5.000000000000e-06,380,460,1
3.000000000000e-06,380,460,1
2.000000000000e-06,380,460,1
2.500000000000e-05,380,480,1
1.000000000000e-05,380,480,1
5.000000000000e-06,380,480,1
3.000000000000e-06,380,480,1
2.000000000000e-06,380,480,1
2.500000000000e-05,380,500,1
1.000000000000e-05,380,500,1
5.000000000000e-06,380,500,1
3.000000000000e-06,380,500,1
2.000000000000e-06,380,500,1
2.500000000000e-05,380,520,1
1.000000000000e-05,380,520,1
5.000000000000e-06,380,520,1
3.000000000000e-06,380,520,1
2.000000000000e-06,380,520,1
2.500000000000e-05,380,540,1
1.000000000000e-05,380,540,1
5.000000000000e-06,380,540,1
3.000000000000e-06,380,540,1
2.000000000000e-06,380,540,1
2.500000000000e-05,380,560,1
1.000000000000e-05,380,560,1
5.000000000000e-06,380,560,1
3.000000000000e-06,380,560,1
2.000000000000e-06,380,560,1
2.500000000000e-05,380,580,1
1.000000000000e-05,380,580,1
5.000000000000e-06,380,580,1
3.000000000000e-06,380,580,1
2.000000000000e-06,380,580,1
2.500000000000e-05,380,600,1
1.000000000000e-05,380,600,1
5.000000000000e-06,380,600,1
3.000000000000e-06,380,600,1
2.000000000000e-06,380,600,1
2.500000000000e-05,380,620,1
1.000000000000e-05,380,620,1
5.000000000000e-06,380,620,1
3.000000000000e-06,380,620,1
2.000000000000e-06,380,620,1
2.500000000000e-05,380,640,1
1.000000000000e-05,380,640,1
5.000000000000e-06,380,640,1
3.000000000000e-06,380,640,1
2.000000000000e-06,380,640,1
2.500000000000e-05,380,660,1
1.000000000000e-05,380,660,1
5.000000000000e-06,380,660,1
3.000000000000e-06,380,660,1
2.000000000000e-06,380,660,1
2.500000000000e-05,380,680,1
1.000000000000e-05,380,680,1
5.000000000000e-06,380,680,1
3.000000000000e-06,380,680,1
2.000000000000e-06,380,680,1
2.500000000000e-05,380,700,1
1.000000000000e-05,380,700,1
5.000000000000e-06,380,700,1
3.000000000000e-06,380,700,1
2.000000000000e-06,380,700,1
2.500000000000e-05,380,720,1
1.000000000000e-05,380,720,1
5.000000000000e-06,380,720,1
3.000000000000e-06,380,720,1
2.000000000000e-06,380,720,1
2.500000000000e-05,380,740,1
1.000000000000e-05,380,740,1
5.000000000000e-06,380,740,1
3.000000000000e-06,380,740,1
2.000000000000e-06,380,740,1
2.500000000000e-05,380,760,1
1.000000000000e-05,380,760,1
5.000000000000e-06,380,760,1
3.000000000000e-06,380,760,1
2.000000000000e-06,380,760,1
2.500000000000e-05,380,780,1
1.000000000000e-05,380,780,1
5.000000000000e-06,380,780,1
3.000000000000e-06,380,780,1
2.000000000000e-06,380,780,1
2.500000000000e-05,380,800,1
1.000000000000e-05,380,800,1
5.000000000000e-06,380,800,1
3.000000000000e-06,380,800,1
2.000000000000e-06,380,800,1
2.500000000000e-05,380,820,1
1.000000000000e-05,380,820,1
5.000000000000e-06,380,820,1
3.000000000000e-06,380,820,1
2.000000000000e-06,380,820,1
2.500000000000e-05,380,840,1
1.000000000000e-05,380,840,1
5.000000000000e-06,380,840,1
3.000000000000e-06,380,840,1
2.000000000000e-06,380,840,1
2.500000000000e-05,380,860,1
1.000000000000e-05,380,860,1
5.000000000000e-06,380,860,1
3.000000000000e-06,380,860,1
2.000000000000e-06,380,860,1
2.500000000000e-05,380,880,1
1.000000000000e-05,380,880,1
5.000000000000e-06,380,880,1
3.000000000000e-06,380,880,1
2.000000000000e-06,380,880,1
2.500000000000e-05,380,900,1
1.000000000000e-05,380,900,1
5.000000000000e-06,380,900,1
3.000000000000e-06,380,900,1
2.000000000000e-06,380,900,1
2.500000000000e-05,380,920,1
1.000000000000e-05,380,920,1
5.000000000000e-06,380,920,1
3.000000000000e-06,380,920,1
2.000000000000e-06,380,920,1
2.500000000000e-05,380,940,1
1.000000000000e-05,380,940,1
5.000000000000e-06,380,940,1
3.000000000000e-06,380,940,1
2.000000000000e-06,380,940,1
2.500000000000e-05,380,960,1
1.000000000000e-05,380,960,1
5.000000000000e-06,380,960,1
3.000000000000e-06,380,960,1
2.000000000000e-06,380,960,1
2.500000000000e-05,380,980,1
1.000000000000e-05,380,980,1
5.000000000000e-06,380,980,1
3.000000000000e-06,380,980,1
2.000000000000e-06,380,980,1
2.500000000000e-05,380,1000,1
1.000000000000e-05,380,1000,1
5.000000000000e-06,380,1000,1
3.000000000000e-06,380,1000,1
2.000000000000e-06,380,1000,1
2.500000000000e-05,400,0,1
1.000000000000e-05,400,0,1
5.000000000000e-06,400,0,1
3.000000000000e-06,400,0,1
2.000000000000e-06,400,0,1
2.500000000000e-05,400,20,1
1.000000000000e-05,400,20,1
5.000000000000e-06,400,20,1
3.000000000000e-06,400,20,1
2.000000000000e-06,400,20,1
2.500000000000e-05,400,40,1
1.000000000000e-05,400,40,1
5.000000000000e-06,400,40,1
3.000000000000e-06,400,40,1
2.000000000000e-06,400,40,1
2.500000000000e-05,400,60,1
1.000000000000e-05,400,60,1
5.000000000000e-06,400,60,1
3.000000000000e-06,400,60,1
2.000000000000e-06,400,60,1
2.500000000000e-05,400,80,1
1.000000000000e-05,400,80,1
5.000000000000e-06,400,80,1
3.000000000000e-06,400,80,1
2.000000000000e-06,400,80,1
2.500000000000e-05,400,100,1
1.000000000000e-05,400,100,1
5.000000000000e-06,400,100,1
3.000000000000e-06,400,100,1
2.000000000000e-06,400,100,1
2.500000000000e-05,400,120,1
1.000000000000e-05,400,120,1
5.000000000000e-06,400,120,1
3.000000000000e-06,400,120,1
2.000000000000e-06,400,120,1
2.500000000000e-05,400,140,1
1.000000000000e-05,400,140,1
5.000000000000e-06,400,140,1
3.000000000000e-06,400,140,1
2.000000000000e-06,400,140,1
2.500000000000e-05,400,160,1
1.000000000000e-05,400,160,1
5.000000000000e-06,400,160,1
3.000000000000e-06,400,160,1
2.000000000000e-06,400,160,1
2.500000000000e-05,400,180,1
1.000000000000e-05,400,180,1
5.000000000000e-06,400,180,1
3.000000000000e-06,400,180,1
2.000000000000e-06,400,180,1
2.500000000000e-05,400,200,1
1.000000000000e-05,400,200,1
5.000000000000e-06,400,200,1
3.000000000000e-06,400,200,1
2.000000000000e-06,400,200,1
2.500000000000e-05,400,220,1
1.000000000000e-05,400,220,1
5.000000000000e-06,400,220,1
3.000000000000e-06,400,220,1
2.000000000000e-06,400,220,1
2.500000000000e-05,400,240,1
1.000000000000e-05,400,240,1
5.000000000000e-06,400,240,1
3.000000000000e-06,400,240,1
2.000000000000e-06,400,240,1
2.500000000000e-05,400,260,1
1.000000000000e-05,400,260,1
5.000000000000e-06,400,260,1
3.000000000000e-06,400,260,1
2.000000000000e-06,400,260,1
2.500000000000e-05,400,280,1
1.000000000000e-05,400,280,1
5.000000000000e-06,400,280,1
3.000000000000e-06,400,280,1
2.000000000000e-06,400,280,1
2.500000000000e-05,400,300,1
1.000000000000e-05,400,300,1
5.000000000000e-06,400,300,1
3.000000000000e-06,400,300,1
2.000000000000e-06,400,300,1
2.500000000000e-05,400,320,1
1.000000000000e-05,400,320,1
5.000000000000e-06,400,320,1
3.000000000000e-06,400,320,1
2.000000000000e-06,400,320,1
2.500000000000e-05,400,340,1
1.000000000000e-05,400,340,1
5.000000000000e-06,400,340,1
3.000000000000e-06,400,340,1
2.000000000000e-06,400,340,1
2.500000000000e-05,400,360,1
1.000000000000e-05,400,360,1
5.000000000000e-06,400,360,1
3.000000000000e-06,400,360,1
2.000000000000e-06,400,360,1
2.500000000000e-05,400,380,1
1.000000000000e-05,400,380,1
5.000000000000e-06,400,380,1
3.000000000000e-06,400,380,1
2.000000000000e-06,400,380,1
2.500000000000e-05,400,400,1
1.000000000000e-05,400,400,1
5.000000000000e-06,400,400,1
3.000000000000e-06,400,400,1
2.000000000000e-06,400,400,1
2.500000000000e-05,400,420,1
1.000000000000e-05,400,420,1
5.000000000000e-06,400,420,1
3.000000000000e-06,400,420,1
2.000000000000e-06,400,420,1
2.500000000000e-05,400,440,1
1.000000000000e-05,400,440,1
5.000000000000e-06,400,440,1
3.000000000000e-06,400,440,1
2.000000000000e-06,400,440,1
2.500000000000e-05,400,460,1
1.000000000000e-05,400,460,1
5.000000000000e-06,400,460,1
3.000000000000e-06,400,460,1
2.000000000000e-06,400,460,1
2.500000000000e-05,400,480,1
1.000000000000e-05,400,480,1
5.000000000000e-06,400,480,1
3.000000000000e-06,400,480,1
2.000000000000e-06,400,480,1
2.500000000000e-05,400,500,1
1.000000000000e-05,400,500,1
5.000000000000e-06,400,500,1
3.000000000000e-06,400,500,1
2.000000000000e-06,400,500,1
2.500000000000e-05,400,520,1
1.000000000000e-05,400,520,1
5.000000000000e-06,400,520,1
3.000000000000e-06,400,520,1
2.000000000000e-06,400,520,1
2.500000000000e-05,400,540,1
1.000000000000e-05,400,540,1
5.000000000000e-06,400,540,1
3.000000000000e-06,400,540,1
2.000000000000e-06,400,540,1
2.500000000000e-05,400,560,1
1.000000000000e-05,400,560,1
5.000000000000e-06,400,560,1
3.000000000000e-06,400,560,1
2.000000000000e-06,400,560,1
2.500000000000e-05,400,580,1
1.000000000000e-05,400,580,1
5.000000000000e-06,400,580,1
3.000000000000e-06,400,580,1
2.000000000000e-06,400,580,1
2.500000000000e-05,400,600,1
1.000000000000e-05,400,600,1
5.000000000000e-06,400,600,1
3.000000000000e-06,400,600,1
2.000000000000e-06,400,600,1
2.500000000000e-05,400,620,1
1.000000000000e-05,400,620,1
5.000000000000e-06,400,620,1
3.000000000000e-06,400,620,1
2.000000000000e-06,400,620,1
2.500000000000e-05,400,640,1
1.000000000000e-05,400,640,1
5.000000000000e-06,400,640,1
3.000000000000e-06,400,640,1
2.000000000000e-06,400,640,1
2.500000000000e-05,400,660,1
1.000000000000e-05,400,660,1
5.000000000000e-06,400,660,1
3.000000000000e-06,400,660,1
2.000000000000e-06,400,660,1
2.500000000000e-05,400,680,1
1.000000000000e-05,400,680,1
5.000000000000e-06,400,680,1
3.000000000000e-06,400,680,1
2.000000000000e-06,400,680,1
2.500000000000e-05,400,700,1
1.000000000000e-05,400,700,1
5.000000000000e-06,400,700,1
3.000000000000e-06,400,700,1
2.000000000000e-06,400,700,1
2.500000000000e-05,400,720,1
1.000000000000e-05,400,720,1
5.000000000000e-06,400,720,1
3.000000000000e-06,400,720,1
2.000000000000e-06,400,720,1
2.500000000000e-05,400,740,1
1.000000000000e-05,400,740,1
5.000000000000e-06,400,740,1
3.000000000000e-06,400,740,1
2.000000000000e-06,400,740,1
2.500000000000e-05,400,760,1
1.000000000000e-05,400,760,1
5.000000000000e-06,400,760,1
3.000000000000e-06,400,760,1
2.000000000000e-06,400,760,1
2.500000000000e-05,400,780,1
1.000000000000e-05,400,780,1
5.000000000000e-06,400,780,1
3.000000000000e-06,400,780,1
2.000000000000e-06,400,780,1
2.500000000000e-05,400,800,1
1.000000000000e-05,400,800,1
5.000000000000e-06,400,800,1
3.000000000000e-06,400,800,1
2.000000000000e-06,400,800,1
2.500000000000e-05,400,820,1
1.000000000000e-05,400,820,1
5.000000000000e-06,400,820,1
3.000000000000e-06,400,820,1
2.000000000000e-06,400,820,1
2.500000000000e-05,400,840,1
1.000000000000e-05,400,840,1
5.000000000000e-06,400,840,1
3.000000000000e-06,400,840,1
2.000000000000e-06,400,840,1
2.500000000000e-05,400,860,1
1.000000000000e-05,400,860,1
5.000000000000e-06,400,860,1
3.000000000000e-06,400,860,1
2.000000000000e-06,400,860,1
2.500000000000e-05,400,880,1
1.000000000000e-05,400,880,1
5.000000000000e-06,400,880,1
3.000000000000e-06,400,880,1
2.000000000000e-06,400,880,1
2.500000000000e-05,400,900,1
1.000000000000e-05,400,900,1
5.000000000000e-06,400,900,1
3.000000000000e-06,400,900,1
2.000000000000e-06,400,900,1
2.500000000000e-05,400,920,1
1.000000000000e-05,400,920,1
5.000000000000e-06,400,920,1
3.000000000000e-06,400,920,1
2.000000000000e-06,400,920,1
2.500000000000e-05,400,940,1
1.000000000000e-05,400,940,1
5.000000000000e-06,400,940,1
3.000000000000e-06,400,940,1
2.000000000000e-06,400,940,1
2.500000000000e-05,400,960,1
1.000000000000e-05,400,960,1
5.000000000000e-06,400,960,1
3.000000000000e-06,400,960,1
2.000000000000e-06,400,960,1
2.500000000000e-05,400,980,1
1.000000000000e-05,400,980,1
5.000000000000e-06,400,980,1
3.000000000000e-06,400,980,1
2.000000000000e-06,400,980,1
2.500000000000e-05,400,1000,1
1.000000000000e-05,400,1000,1
5.000000000000e-06,400,1000,1
3.000000000000e-06,400,1000,1
2.000000000000e-06,400,1000,1
2.500000000000e-05,420,0,1
1.000000000000e-05,420,0,1
5.000000000000e-06,420,0,1
3.000000000000e-06,420,0,1
2.000000000000e-06,420,0,1
2.500000000000e-05,420,20,1
1.000000000000e-05,420,20,1
5.000000000000e-06,420,20,1
3.000000000000e-06,420,20,1
2.000000000000e-06,420,20,1
2.500000000000e-05,420,40,1
1.000000000000e-05,420,40,1
5.000000000000e-06,420,40,1
3.000000000000e-06,420,40,1
2.000000000000e-06,420,40,1
2.500000000000e-05,420,60,1
1.000000000000e-05,420,60,1
5.000000000000e-06,420,60,1
3.000000000000e-06,420,60,1
2.000000000000e-06,420,60,1
2.500000000000e-05,420,80,1
1.000000000000e-05,420,80,1
5.000000000000e-06,420,80,1
3.000000000000e-06,420,80,1
2.000000000000e-06,420,80,1
2.500000000000e-05,420,100,1
1.000000000000e-05,420,100,1
5.000000000000e-06,420,100,1
3.000000000000e-06,420,100,1
2.000000000000e-06,420,100,1
2.500000000000e-05,420,120,1
1.000000000000e-05,420,120,1
5.000000000000e-06,420,120,1
3.000000000000e-06,420,120,1
2.000000000000e-06,420,120,1
2.500000000000e-05,420,140,1
1.000000000000e-05,420,140,1
5.000000000000e-06,420,140,1
3.000000000000e-06,420,140,1
2.000000000000e-06,420,140,1
2.500000000000e-05,420,160,1
1.000000000000e-05,420,160,1
5.000000000000e-06,420,160,1
3.000000000000e-06,420,160,1
2.000000000000e-06,420,160,1
2.500000000000e-05,420,180,1
1.000000000000e-05,420,180,1
5.000000000000e-06,420,180,1
3.000000000000e-06,420,180,1
2.000000000000e-06,420,180,1
2.500000000000e-05,420,200,1
1.000000000000e-05,420,200,1
5.000000000000e-06,420,200,1
3.000000000000e-06,420,200,1
2.000000000000e-06,420,200,1
2.500000000000e-05,420,220,1
1.000000000000e-05,420,220,1
5.000000000000e-06,420,220,1
3.000000000000e-06,420,220,1
2.000000000000e-06,420,220,1
2.500000000000e-05,420,240,1
1.000000000000e-05,420,240,1
5.000000000000e-06,420,240,1
3.000000000000e-06,420,240,1
2.000000000000e-06,420,240,1
2.500000000000e-05,420,260,1
1.000000000000e-05,420,260,1
5.000000000000e-06,420,260,1
3.000000000000e-06,420,260,1
2.000000000000e-06,420,260,1
2.500000000000e-05,420,280,1
1.000000000000e-05,420,280,1
5.000000000000e-06,420,280,1
3.000000000000e-06,420,280,1
2.000000000000e-06,420,280,1
2.500000000000e-05,420,300,1
1.000000000000e-05,420,300,1
5.000000000000e-06,420,300,1
3.000000000000e-06,420,300,1
2.000000000000e-06,420,300,1
2.500000000000e-05,420,320,1
1.000000000000e-05,420,320,1
5.000000000000e-06,420,320,1
3.000000000000e-06,420,320,1
2.000000000000e-06,420,320,1
2.500000000000e-05,420,340,1
1.000000000000e-05,420,340,1
5.000000000000e-06,420,340,1
3.000000000000e-06,420,340,1
2.000000000000e-06,420,340,1
2.500000000000e-05,420,360,1
1.000000000000e-05,420,360,1
5.000000000000e-06,420,360,1
3.000000000000e-06,420,360,1
2.000000000000e-06,420,360,1
2.500000000000e-05,420,380,1
1.000000000000e-05,420,380,1
5.000000000000e-06,420,380,1
3.000000000000e-06,420,380,1
2.000000000000e-06,420,380,1
2.500000000000e-05,420,400,1
1.000000000000e-05,420,400,1
5.000000000000e-06,420,400,1
3.000000000000e-06,420,400,1
2.000000000000e-06,420,400,1
2.500000000000e-05,420,420,1
1.000000000000e-05,420,420,1
5.000000000000e-06,420,420,1
3.000000000000e-06,420,420,1
2.000000000000e-06,420,420,1
2.500000000000e-05,420,440,1
1.000000000000e-05,420,440,1
5.000000000000e-06,420,440,1
3.000000000000e-06,420,440,1
2.000000000000e-06,420,440,1
2.500000000000e-05,420,460,1
1.000000000000e-05,420,460,1
5.000000000000e-06,420,460,1
3.000000000000e-06,420,460,1
2.000000000000e-06,420,460,1
2.500000000000e-05,420,480,1
1.000000000000e-05,420,480,1
5.000000000000e-06,420,480,1
3.000000000000e-06,420,480,1
2.000000000000e-06,420,480,1
2.500000000000e-05,420,500,1
1.000000000000e-05,420,500,1
5.000000000000e-06,420,500,1
3.000000000000e-06,420,500,1
2.000000000000e-06,420,500,1
2.500000000000e-05,420,520,1
1.000000000000e-05,420,520,1
5.000000000000e-06,420,520,1
3.000000000000e-06,420,520,1
2.000000000000e-06,420,520,1
2.500000000000e-05,420,540,1
1.000000000000e-05,420,540,1
5.000000000000e-06,420,540,1
3.000000000000e-06,420,540,1
2.000000000000e-06,420,540,1
2.500000000000e-05,420,560,1
1.000000000000e-05,420,560,1
5.000000000000e-06,420,560,1
3.000000000000e-06,420,560,1
2.000000000000e-06,420,560,1
2.500000000000e-05,420,580,1
1.000000000000e-05,420,580,1
5.000000000000e-06,420,580,1
3.000000000000e-06,420,580,1
2.000000000000e-06,420,580,1
2.500000000000e-05,420,600,1
1.000000000000e-05,420,600,1
5.000000000000e-06,420,600,1
3.000000000000e-06,420,600,1
2.000000000000e-06,420,600,1
2.500000000000e-05,420,620,1
1.000000000000e-05,420,620,1
5.000000000000e-06,420,620,1
3.000000000000e-06,420,620,1
2.000000000000e-06,420,620,1
2.500000000000e-05,420,640,1
1.000000000000e-05,420,640,1
5.000000000000e-06,420,640,1
3.000000000000e-06,420,640,1
2.000000000000e-06,420,640,1
2.500000000000e-05,420,660,1
1.000000000000e-05,420,660,1
5.000000000000e-06,420,660,1
3.000000000000e-06,420,660,1
2.000000000000e-06,420,660,1
2.500000000000e-05,420,680,1
1.000000000000e-05,420,680,1
5.000000000000e-06,420,680,1
3.000000000000e-06,420,680,1
2.000000000000e-06,420,680,1
2.500000000000e-05,420,700,1
1.000000000000e-05,420,700,1
5.000000000000e-06,420,700,1
3.000000000000e-06,420,700,1
2.000000000000e-06,420,700,1
2.500000000000e-05,420,720,1
1.000000000000e-05,420,720,1
5.000000000000e-06,420,720,1
3.000000000000e-06,420,720,1
2.000000000000e-06,420,720,1
2.500000000000e-05,420,740,1
1.000000000000e-05,420,740,1
5.000000000000e-06,420,740,1
3.000000000000e-06,420,740,1
2.000000000000e-06,420,740,1
2.500000000000e-05,420,760,1
1.000000000000e-05,420,760,1
5.000000000000e-06,420,760,1
3.000000000000e-06,420,760,1
2.000000000000e-06,420,760,1
2.500000000000e-05,420,780,1
1.000000000000e-05,420,780,1
5.000000000000e-06,420,780,1
3.000000000000e-06,420,780,1
2.000000000000e-06,420,780,1
2.500000000000e-05,420,800,1
1.000000000000e-05,420,800,1
5.000000000000e-06,420,800,1
3.000000000000e-06,420,800,1
2.000000000000e-06,420,800,1
2.500000000000e-05,420,820,1
1.000000000000e-05,420,820,1
5.000000000000e-06,420,820,1
3.000000000000e-06,420,820,1
2.000000000000e-06,420,820,1
2.500000000000e-05,420,840,1
1.000000000000e-05,420,840,1
5.000000000000e-06,420,840,1
3.000000000000e-06,420,840,1
2.000000000000e-06,420,840,1
2.500000000000e-05,420,860,1
1.000000000000e-05,420,860,1
5.000000000000e-06,420,860,1
3.000000000000e-06,420,860,1
2.000000000000e-06,420,860,1
2.500000000000e-05,420,880,1
1.000000000000e-05,420,880,1
5.000000000000e-06,420,880,1
3.000000000000e-06,420,880,1
2.000000000000e-06,420,880,1
2.500000000000e-05,420,900,1
1.000000000000e-05,420,900,1
5.000000000000e-06,420,900,1
3.000000000000e-06,420,900,1
2.000000000000e-06,420,900,1
2.500000000000e-05,420,920,1
1.000000000000e-05,420,920,1
5.000000000000e-06,420,920,1
3.000000000000e-06,420,920,1
2.000000000000e-06,420,920,1
2.500000000000e-05,420,940,1
1.000000000000e-05,420,940,1
5.000000000000e-06,420,940,1
3.000000000000e-06,420,940,1
2.000000000000e-06,420,940,1
2.500000000000e-05,420,960,1
1.000000000000e-05,420,960,1
5.000000000000e-06,420,960,1
3.000000000000e-06,420,960,1
2.000000000000e-06,420,960,1
2.500000000000e-05,420,980,1
1.000000000000e-05,420,980,1
5.000000000000e-06,420,980,1
3.000000000000e-06,420,980,1
2.000000000000e-06,420,980,1
2.500000000000e-05,420,1000,1
1.000000000000e-05,420,1000,1
5.000000000000e-06,420,1000,1
3.000000000000e-06,420,1000,1
2.000000000000e-06,420,1000,1
2.500000000000e-05,440,0,1
1.000000000000e-05,440,0,1
5.000000000000e-06,440,0,1
3.000000000000e-06,440,0,1
2.000000000000e-06,440,0,1
2.500000000000e-05,440,20,1
1.000000000000e-05,440,20,1
5.000000000000e-06,440,20,1
3.000000000000e-06,440,20,1
2.000000000000e-06,440,20,1
2.500000000000e-05,440,40,1
1.000000000000e-05,440,40,1
5.000000000000e-06,440,40,1
3.000000000000e-06,440,40,1
2.000000000000e-06,440,40,1
2.500000000000e-05,440,60,1
1.000000000000e-05,440,60,1
5.000000000000e-06,440,60,1
3.000000000000e-06,440,60,1
2.000000000000e-06,440,60,1
2.500000000000e-05,440,80,1
1.000000000000e-05,440,80,1
5.000000000000e-06,440,80,1
3.000000000000e-06,440,80,1
2.000000000000e-06,440,80,1
2.500000000000e-05,440,100,1
1.000000000000e-05,440,100,1
5.000000000000e-06,440,100,1
3.000000000000e-06,440,100,1
2.000000000000e-06,440,100,1
2.500000000000e-05,440,120,1
1.000000000000e-05,440,120,1
5.000000000000e-06,440,120,1
3.000000000000e-06,440,120,1
2.000000000000e-06,440,120,1
2.500000000000e-05,440,140,1
1.000000000000e-05,440,140,1
5.000000000000e-06,440,140,1
3.000000000000e-06,440,140,1
2.000000000000e-06,440,140,1
2.500000000000e-05,440,160,1
1.000000000000e-05,440,160,1
5.000000000000e-06,440,160,1
3.000000000000e-06,440,160,1
2.000000000000e-06,440,160,1
2.500000000000e-05,440,180,1
1.000000000000e-05,440,180,1
5.000000000000e-06,440,180,1
3.000000000000e-06,440,180,1
2.000000000000e-06,440,180,1
2.500000000000e-05,440,200,1
1.000000000000e-05,440,200,1
5.000000000000e-06,440,200,1
3.000000000000e-06,440,200,1
2.000000000000e-06,440,200,1
2.500000000000e-05,440,220,1
1.000000000000e-05,440,220,1
5.000000000000e-06,440,220,1
3.000000000000e-06,440,220,1
2.000000000000e-06,440,220,1
2.500000000000e-05,440,240,1
1.000000000000e-05,440,240,1
5.000000000000e-06,440,240,1
3.000000000000e-06,440,240,1
2.000000000000e-06,440,240,1
2.500000000000e-05,440,260,1
1.000000000000e-05,440,260,1
5.000000000000e-06,440,260,1
3.000000000000e-06,440,260,1
2.000000000000e-06,440,260,1
2.500000000000e-05,440,280,1
1.000000000000e-05,440,280,1
5.000000000000e-06,440,280,1
3.000000000000e-06,440,280,1
2.000000000000e-06,440,280,1
2.500000000000e-05,440,300,1
1.000000000000e-05,440,300,1
5.000000000000e-06,440,300,1
3.000000000000e-06,440,300,1
2.000000000000e-06,440,300,1
2.500000000000e-05,440,320,1
1.000000000000e-05,440,320,1
5.000000000000e-06,440,320,1
3.000000000000e-06,440,320,1
2.000000000000e-06,440,320,1
2.500000000000e-05,440,340,1
1.000000000000e-05,440,340,1
5.000000000000e-06,440,340,1
3.000000000000e-06,440,340,1
2.000000000000e-06,440,340,1
2.500000000000e-05,440,360,1
1.000000000000e-05,440,360,1
5.000000000000e-06,440,360,1
3.000000000000e-06,440,360,1
2.000000000000e-06,440,360,1
2.500000000000e-05,440,380,1
1.000000000000e-05,440,380,1
5.000000000000e-06,440,380,1
3.000000000000e-06,440,380,1
2.000000000000e-06,440,380,1
2.500000000000e-05,440,400,1
1.000000000000e-05,440,400,1
5.000000000000e-06,440,400,1
3.000000000000e-06,440,400,1
2.000000000000e-06,440,400,1
2.500000000000e-05,440,420,1
1.000000000000e-05,440,420,1
5.000000000000e-06,440,420,1
3.000000000000e-06,440,420,1
2.000000000000e-06,440,420,1
2.500000000000e-05,440,440,1
1.000000000000e-05,440,440,1
5.000000000000e-06,440,440,1
3.000000000000e-06,440,440,1
2.000000000000e-06,440,440,1
2.500000000000e-05,440,460,1
1.000000000000e-05,440,460,1
5.000000000000e-06,440,460,1
3.000000000000e-06,440,460,1
2.000000000000e-06,440,460,1
2.500000000000e-05,440,480,1
1.000000000000e-05,440,480,1
5.000000000000e-06,440,480,1
3.000000000000e-06,440,480,1
2.000000000000e-06,440,480,1
2.500000000000e-05,440,500,1
1.000000000000e-05,440,500,1
5.000000000000e-06,440,500,1
3.000000000000e-06,440,500,1
2.000000000000e-06,440,500,1
2.500000000000e-05,440,520,1
1.000000000000e-05,440,520,1
5.000000000000e-06,440,520,1
3.000000000000e-06,440,520,1
2.000000000000e-06,440,520,1
2.500000000000e-05,440,540,1
1.000000000000e-05,440,540,1
5.000000000000e-06,440,540,1
3.000000000000e-06,440,540,1
2.000000000000e-06,440,540,1
2.500000000000e-05,440,560,1
1.000000000000e-05,440,560,1
5.000000000000e-06,440,560,1
3.000000000000e-06,440,560,1
2.000000000000e-06,440,560,1
2.500000000000e-05,440,580,1
1.000000000000e-05,440,580,1
5.000000000000e-06,440,580,1
3.000000000000e-06,440,580,1
2.000000000000e-06,440,580,1
2.500000000000e-05,440,600,1
1.000000000000e-05,440,600,1
5.000000000000e-06,440,600,1
3.000000000000e-06,440,600,1
2.000000000000e-06,440,600,1
2.500000000000e-05,440,620,1
1.000000000000e-05,440,620,1
5.000000000000e-06,440,620,1
3.000000000000e-06,440,620,1
2.000000000000e-06,440,620,1
2.500000000000e-05,440,640,1
1.000000000000e-05,440,640,1
5.000000000000e-06,440,640,1
3.000000000000e-06,440,640,1
2.000000000000e-06,440,640,1
2.500000000000e-05,440,660,1
1.000000000000e-05,440,660,1
5.000000000000e-06,440,660,1
3.000000000000e-06,440,660,1
2.000000000000e-06,440,660,1
2.500000000000e-05,440,680,1
1.000000000000e-05,440,680,1
5.000000000000e-06,440,680,1
3.000000000000e-06,440,680,1
2.000000000000e-06,440,680,1
2.500000000000e-05,440,700,1
1.000000000000e-05,440,700,1
5.000000000000e-06,440,700,1
3.000000000000e-06,440,700,1
2.000000000000e-06,440,700,1
2.500000000000e-05,440,720,1
1.000000000000e-05,440,720,1
5.000000000000e-06,440,720,1
3.000000000000e-06,440,720,1
2.000000000000e-06,440,720,1
2.500000000000e-05,440,740,1
1.000000000000e-05,440,740,1
5.000000000000e-06,440,740,1
3.000000000000e-06,440,740,1
2.000000000000e-06,440,740,1
2.500000000000e-05,440,760,1
1.000000000000e-05,440,760,1
5.000000000000e-06,440,760,1
3.000000000000e-06,440,760,1
2.000000000000e-06,440,760,1
2.500000000000e-05,440,780,1
1.000000000000e-05,440,780,1
5.000000000000e-06,440,780,1
3.000000000000e-06,440,780,1
2.000000000000e-06,440,780,1
2.500000000000e-05,440,800,1
1.000000000000e-05,440,800,1
5.000000000000e-06,440,800,1
3.000000000000e-06,440,800,1
2.000000000000e-06,440,800,1
2.500000000000e-05,440,820,1
1.000000000000e-05,440,820,1
5.000000000000e-06,440,820,1
3.000000000000e-06,440,820,1
2.000000000000e-06,440,820,1
2.500000000000e-05,440,840,1
1.000000000000e-05,440,840,1
5.000000000000e-06,440,840,1
3.000000000000e-06,440,840,1
2.000000000000e-06,440,840,1
2.500000000000e-05,440,860,1
1.000000000000e-05,440,860,1
5.000000000000e-06,440,860,1
3.000000000000e-06,440,860,1
2.000000000000e-06,440,860,1
2.500000000000e-05,440,880,1
1.000000000000e-05,440,880,1
5.000000000000e-06,440,880,1
3.000000000000e-06,440,880,1
2.000000000000e-06,440,880,1
2.500000000000e-05,440,900,1
1.000000000000e-05,440,900,1
5.000000000000e-06,440,900,1
3.000000000000e-06,440,900,1
2.000000000000e-06,440,900,1
2.500000000000e-05,440,920,1
1.000000000000e-05,440,920,1
5.000000000000e-06,440,920,1
3.000000000000e-06,440,920,1
2.000000000000e-06,440,920,1
2.500000000000e-05,440,940,1
1.000000000000e-05,440,940,1
5.000000000000e-06,440,940,1
3.000000000000e-06,440,940,1
2.000000000000e-06,440,940,1
2.500000000000e-05,440,960,1
1.000000000000e-05,440,960,1
5.000000000000e-06,440,960,1
3.000000000000e-06,440,960,1
2.000000000000e-06,440,960,1
2.500000000000e-05,440,980,1
1.000000000000e-05,440,980,1
5.000000000000e-06,440,980,1
3.000000000000e-06,440,980,1
2.000000000000e-06,440,980,1
2.500000000000e-05,440,1000,1
1.000000000000e-05,440,1000,1
5.000000000000e-06,440,1000,1
3.000000000000e-06,440,1000,1
2.000000000000e-06,440,1000,1
2.500000000000e-05,460,0,1
1.000000000000e-05,460,0,1
5.000000000000e-06,460,0,1
3.000000000000e-06,460,0,1
2.000000000000e-06,460,0,1
2.500000000000e-05,460,20,1
1.000000000000e-05,460,20,1
5.000000000000e-06,460,20,1
3.000000000000e-06,460,20,1
2.000000000000e-06,460,20,1
2.500000000000e-05,460,40,1
1.000000000000e-05,460,40,1
5.000000000000e-06,460,40,1
3.000000000000e-06,460,40,1
2.000000000000e-06,460,40,1
2.500000000000e-05,460,60,1
1.000000000000e-05,460,60,1
5.000000000000e-06,460,60,1
3.000000000000e-06,460,60,1
2.000000000000e-06,460,60,1
2.500000000000e-05,460,80,1
1.000000000000e-05,460,80,1
5.000000000000e-06,460,80,1
3.000000000000e-06,460,80,1
2.000000000000e-06,460,80,1
2.500000000000e-05,460,100,1
1.000000000000e-05,460,100,1
5.000000000000e-06,460,100,1
3.000000000000e-06,460,100,1
2.000000000000e-06,460,100,1
2.500000000000e-05,460,120,1
1.000000000000e-05,460,120,1
5.000000000000e-06,460,120,1
3.000000000000e-06,460,120,1
2.000000000000e-06,460,120,1
2.500000000000e-05,460,140,1
1.000000000000e-05,460,140,1
5.000000000000e-06,460,140,1
3.000000000000e-06,460,140,1
2.000000000000e-06,460,140,1
2.500000000000e-05,460,160,1
1.000000000000e-05,460,160,1
5.000000000000e-06,460,160,1
3.000000000000e-06,460,160,1
2.000000000000e-06,460,160,1
2.500000000000e-05,460,180,1
1.000000000000e-05,460,180,1
5.000000000000e-06,460,180,1
3.000000000000e-06,460,180,1
2.000000000000e-06,460,180,1
2.500000000000e-05,460,200,1
1.000000000000e-05,460,200,1
5.000000000000e-06,460,200,1
3.000000000000e-06,460,200,1
2.000000000000e-06,460,200,1
2.500000000000e-05,460,220,1
1.000000000000e-05,460,220,1
5.000000000000e-06,460,220,1
3.000000000000e-06,460,220,1
2.000000000000e-06,460,220,1
2.500000000000e-05,460,240,1
1.000000000000e-05,460,240,1
5.000000000000e-06,460,240,1
3.000000000000e-06,460,240,1
2.000000000000e-06,460,240,1
2.500000000000e-05,460,260,1
1.000000000000e-05,460,260,1
5.000000000000e-06,460,260,1
3.000000000000e-06,460,260,1
2.000000000000e-06,460,260,1
2.500000000000e-05,460,280,1
1.000000000000e-05,460,280,1
5.000000000000e-06,460,280,1
3.000000000000e-06,460,280,1
2.000000000000e-06,460,280,1
2.500000000000e-05,460,300,1
1.000000000000e-05,460,300,1
5.000000000000e-06,460,300,1
3.000000000000e-06,460,300,1
2.000000000000e-06,460,300,1
2.500000000000e-05,460,320,1
1.000000000000e-05,460,320,1
5.000000000000e-06,460,320,1
3.000000000000e-06,460,320,1
2.000000000000e-06,460,320,1
2.500000000000e-05,460,340,1
1.000000000000e-05,460,340,1
5.000000000000e-06,460,340,1
3.000000000000e-06,460,340,1
2.000000000000e-06,460,340,1
2.500000000000e-05,460,360,1
1.000000000000e-05,460,360,1
5.000000000000e-06,460,360,1
3.000000000000e-06,460,360,1
2.000000000000e-06,460,360,1
2.500000000000e-05,460,380,1
1.000000000000e-05,460,380,1
5.000000000000e-06,460,380,1
3.000000000000e-06,460,380,1
2.000000000000e-06,460,380,1
2.500000000000e-05,460,400,1
1.000000000000e-05,460,400,1
5.000000000000e-06,460,400,1
3.000000000000e-06,460,400,1
2.000000000000e-06,460,400,1
2.500000000000e-05,460,420,1
1.000000000000e-05,460,420,1
5.000000000000e-06,460,420,1
3.000000000000e-06,460,420,1
2.000000000000e-06,460,420,1
2.500000000000e-05,460,440,1
1.000000000000e-05,460,440,1
5.000000000000e-06,460,440,1
3.000000000000e-06,460,440,1
2.000000000000e-06,460,440,1
2.500000000000e-05,460,460,1
1.000000000000e-05,460,460,1
5.000000000000e-06,460,460,1
3.000000000000e-06,460,460,1
2.000000000000e-06,460,460,1
2.500000000000e-05,460,480,1
1.000000000000e-05,460,480,1
5.000000000000e-06,460,480,1
3.000000000000e-06,460,480,1
2.000000000000e-06,460,480,1
2.500000000000e-05,460,500,1
1.000000000000e-05,460,500,1
5.000000000000e-06,460,500,1
3.000000000000e-06,460,500,1
2.000000000000e-06,460,500,1
2.500000000000e-05,460,520,1
1.000000000000e-05,460,520,1
5.000000000000e-06,460,520,1
3.000000000000e-06,460,520,1
2.000000000000e-06,460,520,1
2.500000000000e-05,460,540,1
1.000000000000e-05,460,540,1
5.000000000000e-06,460,540,1
3.000000000000e-06,460,540,1
2.000000000000e-06,460,540,1
2.500000000000e-05,460,560,1
1.000000000000e-05,460,560,1
5.000000000000e-06,460,560,1
3.000000000000e-06,460,560,1
2.000000000000e-06,460,560,1
2.500000000000e-05,460,580,1
1.000000000000e-05,460,580,1
5.000000000000e-06,460,580,1
3.000000000000e-06,460,580,1
2.000000000000e-06,460,580,1
2.500000000000e-05,460,600,1
1.000000000000e-05,460,600,1
5.000000000000e-06,460,600,1
3.000000000000e-06,460,600,1
2.000000000000e-06,460,600,1
2.500000000000e-05,460,620,1
1.000000000000e-05,460,620,1
5.000000000000e-06,460,620,1
3.000000000000e-06,460,620,1
2.000000000000e-06,460,620,1
2.500000000000e-05,460,640,1
1.000000000000e-05,460,640,1
5.000000000000e-06,460,640,1
3.000000000000e-06,460,640,1
2.000000000000e-06,460,640,1
2.500000000000e-05,460,660,1
1.000000000000e-05,460,660,1
5.000000000000e-06,460,660,1
3.000000000000e-06,460,660,1
2.000000000000e-06,460,660,1
2.500000000000e-05,460,680,1
1.000000000000e-05,460,680,1
5.000000000000e-06,460,680,1
3.000000000000e-06,460,680,1
2.000000000000e-06,460,680,1
2.500000000000e-05,460,700,1
1.000000000000e-05,460,700,1
5.000000000000e-06,460,700,1
3.000000000000e-06,460,700,1
2.000000000000e-06,460,700,1
2.500000000000e-05,460,720,1
1.000000000000e-05,460,720,1
5.000000000000e-06,460,720,1
3.000000000000e-06,460,720,1
2.000000000000e-06,460,720,1
2.500000000000e-05,460,740,1
1.000000000000e-05,460,740,1
5.000000000000e-06,460,740,1
3.000000000000e-06,460,740,1
2.000000000000e-06,460,740,1
2.500000000000e-05,460,760,1
1.000000000000e-05,460,760,1
5.000000000000e-06,460,760,1
3.000000000000e-06,460,760,1
2.000000000000e-06,460,760,1
2.500000000000e-05,460,780,1
1.000000000000e-05,460,780,1
5.000000000000e-06,460,780,1
3.000000000000e-06,460,780,1
2.000000000000e-06,460,780,1
2.500000000000e-05,460,800,1
1.000000000000e-05,460,800,1
5.000000000000e-06,460,800,1
3.000000000000e-06,460,800,1
2.000000000000e-06,460,800,1
2.500000000000e-05,460,820,1
1.000000000000e-05,460,820,1
5.000000000000e-06,460,820,1
3.000000000000e-06,460,820,1
2.000000000000e-06,460,820,1
2.500000000000e-05,460,840,1
1.000000000000e-05,460,840,1
5.000000000000e-06,460,840,1
3.000000000000e-06,460,840,1
2.000000000000e-06,460,840,1
2.500000000000e-05,460,860,1
1.000000000000e-05,460,860,1
5.000000000000e-06,460,860,1
3.000000000000e-06,460,860,1
2.000000000000e-06,460,860,1
2.500000000000e-05,460,880,1
1.000000000000e-05,460,880,1
5.000000000000e-06,460,880,1
3.000000000000e-06,460,880,1
2.000000000000e-06,460,880,1
2.500000000000e-05,460,900,1
1.000000000000e-05,460,900,1
5.000000000000e-06,460,900,1
3.000000000000e-06,460,900,1
2.000000000000e-06,460,900,1
2.500000000000e-05,460,920,1
1.000000000000e-05,460,920,1
5.000000000000e-06,460,920,1
3.000000000000e-06,460,920,1
2.000000000000e-06,460,920,1
2.500000000000e-05,460,940,1
1.000000000000e-05,460,940,1
5.000000000000e-06,460,940,1
3.000000000000e-06,460,940,1
2.000000000000e-06,460,940,1
2.500000000000e-05,460,960,1
1.000000000000e-05,460,960,1
5.000000000000e-06,460,960,1
3.000000000000e-06,460,960,1
2.000000000000e-06,460,960,1
2.500000000000e-05,460,980,1
1.000000000000e-05,460,980,1
5.000000000000e-06,460,980,1
3.000000000000e-06,460,980,1
2.000000000000e-06,460,980,1
2.500000000000e-05,460,1000,1
1.000000000000e-05,460,1000,1
5.000000000000e-06,460,1000,1
3.000000000000e-06,460,1000,1
2.000000000000e-06,460,1000,1
2.500000000000e-05,480,0,1
1.000000000000e-05,480,0,1
5.000000000000e-06,480,0,1
3.000000000000e-06,480,0,1
2.000000000000e-06,480,0,1
2.500000000000e-05,480,20,1
1.000000000000e-05,480,20,1
5.000000000000e-06,480,20,1
3.000000000000e-06,480,20,1
2.000000000000e-06,480,20,1
2.500000000000e-05,480,40,1
1.000000000000e-05,480,40,1
5.000000000000e-06,480,40,1
3.000000000000e-06,480,40,1
2.000000000000e-06,480,40,1
2.500000000000e-05,480,60,1
1.000000000000e-05,480,60,1
5.000000000000e-06,480,60,1
3.000000000000e-06,480,60,1
2.000000000000e-06,480,60,1
2.500000000000e-05,480,80,1
1.000000000000e-05,480,80,1
5.000000000000e-06,480,80,1
3.000000000000e-06,480,80,1
2.000000000000e-06,480,80,1
2.500000000000e-05,480,100,1
1.000000000000e-05,480,100,1
5.000000000000e-06,480,100,1
3.000000000000e-06,480,100,1
2.000000000000e-06,480,100,1
2.500000000000e-05,480,120,1
1.000000000000e-05,480,120,1
5.000000000000e-06,480,120,1
3.000000000000e-06,480,120,1
2.000000000000e-06,480,120,1
2.500000000000e-05,480,140,1
1.000000000000e-05,480,140,1
5.000000000000e-06,480,140,1
3.000000000000e-06,480,140,1
2.000000000000e-06,480,140,1
2.500000000000e-05,480,160,1
1.000000000000e-05,480,160,1
5.000000000000e-06,480,160,1
3.000000000000e-06,480,160,1
2.000000000000e-06,480,160,1
2.500000000000e-05,480,180,1
1.000000000000e-05,480,180,1
5.000000000000e-06,480,180,1
3.000000000000e-06,480,180,1
2.000000000000e-06,480,180,1
2.500000000000e-05,480,200,1
1.000000000000e-05,480,200,1
5.000000000000e-06,480,200,1
3.000000000000e-06,480,200,1
2.000000000000e-06,480,200,1
2.500000000000e-05,480,220,1
1.000000000000e-05,480,220,1
5.000000000000e-06,480,220,1
3.000000000000e-06,480,220,1
2.000000000000e-06,480,220,1
2.500000000000e-05,480,240,1
1.000000000000e-05,480,240,1
5.000000000000e-06,480,240,1
3.000000000000e-06,480,240,1
2.000000000000e-06,480,240,1
2.500000000000e-05,480,260,1
1.000000000000e-05,480,260,1
5.000000000000e-06,480,260,1
3.000000000000e-06,480,260,1
2.000000000000e-06,480,260,1
2.500000000000e-05,480,280,1
1.000000000000e-05,480,280,1
5.000000000000e-06,480,280,1
3.000000000000e-06,480,280,1
2.000000000000e-06,480,280,1
2.500000000000e-05,480,300,1
1.000000000000e-05,480,300,1
5.000000000000e-06,480,300,1
3.000000000000e-06,480,300,1
2.000000000000e-06,480,300,1
2.500000000000e-05,480,320,1
1.000000000000e-05,480,320,1
5.000000000000e-06,480,320,1
3.000000000000e-06,480,320,1
2.000000000000e-06,480,320,1
2.500000000000e-05,480,340,1
1.000000000000e-05,480,340,1
5.000000000000e-06,480,340,1
3.000000000000e-06,480,340,1
2.000000000000e-06,480,340,1
2.500000000000e-05,480,360,1
1.000000000000e-05,480,360,1
5.000000000000e-06,480,360,1
3.000000000000e-06,480,360,1
2.000000000000e-06,480,360,1
2.500000000000e-05,480,380,1
1.000000000000e-05,480,380,1
5.000000000000e-06,480,380,1
3.000000000000e-06,480,380,1
2.000000000000e-06,480,380,1
2.500000000000e-05,480,400,1
1.000000000000e-05,480,400,1
5.000000000000e-06,480,400,1
3.000000000000e-06,480,400,1
2.000000000000e-06,480,400,1
2.500000000000e-05,480,420,1
1.000000000000e-05,480,420,1
5.000000000000e-06,480,420,1
3.000000000000e-06,480,420,1
2.000000000000e-06,480,420,1
2.500000000000e-05,480,440,1
1.000000000000e-05,480,440,1
5.000000000000e-06,480,440,1
3.000000000000e-06,480,440,1
2.000000000000e-06,480,440,1
2.500000000000e-05,480,460,1
1.000000000000e-05,480,460,1
5.000000000000e-06,480,460,1
3.000000000000e-06,480,460,1
2.000000000000e-06,480,460,1
2.500000000000e-05,480,480,1
1.000000000000e-05,480,480,1
5.000000000000e-06,480,480,1
3.000000000000e-06,480,480,1
2.000000000000e-06,480,480,1
2.500000000000e-05,480,500,1
1.000000000000e-05,480,500,1
5.000000000000e-06,480,500,1
3.000000000000e-06,480,500,1
2.000000000000e-06,480,500,1
2.500000000000e-05,480,520,1
1.000000000000e-05,480,520,1
5.000000000000e-06,480,520,1
3.000000000000e-06,480,520,1
2.000000000000e-06,480,520,1
2.500000000000e-05,480,540,1
1.000000000000e-05,480,540,1
5.000000000000e-06,480,540,1
3.000000000000e-06,480,540,1
2.000000000000e-06,480,540,1
2.500000000000e-05,480,560,1
1.000000000000e-05,480,560,1
5.000000000000e-06,480,560,1
3.000000000000e-06,480,560,1
2.000000000000e-06,480,560,1
2.500000000000e-05,480,580,1
1.000000000000e-05,480,580,1
5.000000000000e-06,480,580,1
3.000000000000e-06,480,580,1
2.000000000000e-06,480,580,1
2.500000000000e-05,480,600,1
1.000000000000e-05,480,600,1
5.000000000000e-06,480,600,1
3.000000000000e-06,480,600,1
2.000000000000e-06,480,600,1
2.500000000000e-05,480,620,1
1.000000000000e-05,480,620,1
5.000000000000e-06,480,620,1
3.000000000000e-06,480,620,1
2.000000000000e-06,480,620,1
2.500000000000e-05,480,640,1
1.000000000000e-05,480,640,1
5.000000000000e-06,480,640,1
3.000000000000e-06,480,640,1
2.000000000000e-06,480,640,1
2.500000000000e-05,480,660,1
1.000000000000e-05,480,660,1
5.000000000000e-06,480,660,1
3.000000000000e-06,480,660,1
2.000000000000e-06,480,660,1
2.500000000000e-05,480,680,1
1.000000000000e-05,480,680,1
5.000000000000e-06,480,680,1
3.000000000000e-06,480,680,1
2.000000000000e-06,480,680,1
2.500000000000e-05,480,700,1
1.000000000000e-05,480,700,1
5.000000000000e-06,480,700,1
3.000000000000e-06,480,700,1
2.000000000000e-06,480,700,1
2.500000000000e-05,480,720,1
1.000000000000e-05,480,720,1
5.000000000000e-06,480,720,1
3.000000000000e-06,480,720,1
2.000000000000e-06,480,720,1
2.500000000000e-05,480,740,1
1.000000000000e-05,480,740,1
5.000000000000e-06,480,740,1
3.000000000000e-06,480,740,1
2.000000000000e-06,480,740,1
2.500000000000e-05,480,760,1
1.000000000000e-05,480,760,1
5.000000000000e-06,480,760,1
3.000000000000e-06,480,760,1
2.000000000000e-06,480,760,1
2.500000000000e-05,480,780,1
1.000000000000e-05,480,780,1
5.000000000000e-06,480,780,1
3.000000000000e-06,480,780,1
2.000000000000e-06,480,780,1
2.500000000000e-05,480,800,1
1.000000000000e-05,480,800,1
5.000000000000e-06,480,800,1
3.000000000000e-06,480,800,1
2.000000000000e-06,480,800,1
2.500000000000e-05,480,820,1
1.000000000000e-05,480,820,1
5.000000000000e-06,480,820,1
3.000000000000e-06,480,820,1
2.000000000000e-06,480,820,1
2.500000000000e-05,480,840,1
1.000000000000e-05,480,840,1
5.000000000000e-06,480,840,1
3.000000000000e-06,480,840,1
2.000000000000e-06,480,840,1
2.500000000000e-05,480,860,1
1.000000000000e-05,480,860,1
5.000000000000e-06,480,860,1
3.000000000000e-06,480,860,1
2.000000000000e-06,480,860,1
2.500000000000e-05,480,880,1
1.000000000000e-05,480,880,1
5.000000000000e-06,480,880,1
3.000000000000e-06,480,880,1
2.000000000000e-06,480,880,1
2.500000000000e-05,480,900,1
1.000000000000e-05,480,900,1
5.000000000000e-06,480,900,1
3.000000000000e-06,480,900,1
2.000000000000e-06,480,900,1
2.500000000000e-05,480,920,1
1.000000000000e-05,480,920,1
5.000000000000e-06,480,920,1
3.000000000000e-06,480,920,1
2.000000000000e-06,480,920,1
2.500000000000e-05,480,940,1
1.000000000000e-05,480,940,1
5.000000000000e-06,480,940,1
3.000000000000e-06,480,940,1
2.000000000000e-06,480,940,1
2.500000000000e-05,480,960,1
1.000000000000e-05,480,960,1
5.000000000000e-06,480,960,1
3.000000000000e-06,480,960,1
2.000000000000e-06,480,960,1
2.500000000000e-05,480,980,1
1.000000000000e-05,480,980,1
5.000000000000e-06,480,980,1
3.000000000000e-06,480,980,1
2.000000000000e-06,480,980,1
2.500000000000e-05,480,1000,1
1.000000000000e-05,480,1000,1
5.000000000000e-06,480,1000,1
3.000000000000e-06,480,1000,1
2.000000000000e-06,480,1000,1
2.500000000000e-05,500,0,1
1.000000000000e-05,500,0,1
5.000000000000e-06,500,0,1
3.000000000000e-06,500,0,1
2.000000000000e-06,500,0,1
2.500000000000e-05,500,20,1
1.000000000000e-05,500,20,1
5.000000000000e-06,500,20,1
3.000000000000e-06,500,20,1
2.000000000000e-06,500,20,1
2.500000000000e-05,500,40,1
1.000000000000e-05,500,40,1
5.000000000000e-06,500,40,1
3.000000000000e-06,500,40,1
2.000000000000e-06,500,40,1
2.500000000000e-05,500,60,1
1.000000000000e-05,500,60,1
5.000000000000e-06,500,60,1
3.000000000000e-06,500,60,1
2.000000000000e-06,500,60,1
2.500000000000e-05,500,80,1
1.000000000000e-05,500,80,1
5.000000000000e-06,500,80,1
3.000000000000e-06,500,80,1
2.000000000000e-06,500,80,1
2.500000000000e-05,500,100,1
1.000000000000e-05,500,100,1
5.000000000000e-06,500,100,1
3.000000000000e-06,500,100,1
2.000000000000e-06,500,100,1
2.500000000000e-05,500,120,1
1.000000000000e-05,500,120,1
5.000000000000e-06,500,120,1
3.000000000000e-06,500,120,1
2.000000000000e-06,500,120,1
2.500000000000e-05,500,140,1
1.000000000000e-05,500,140,1
5.000000000000e-06,500,140,1
3.000000000000e-06,500,140,1
2.000000000000e-06,500,140,1
2.500000000000e-05,500,160,1
1.000000000000e-05,500,160,1
5.000000000000e-06,500,160,1
3.000000000000e-06,500,160,1
2.000000000000e-06,500,160,1
2.500000000000e-05,500,180,1
1.000000000000e-05,500,180,1
5.000000000000e-06,500,180,1
3.000000000000e-06,500,180,1
2.000000000000e-06,500,180,1
2.500000000000e-05,500,200,1
1.000000000000e-05,500,200,1
5.000000000000e-06,500,200,1
3.000000000000e-06,500,200,1
2.000000000000e-06,500,200,1
2.500000000000e-05,500,220,1
1.000000000000e-05,500,220,1
5.000000000000e-06,500,220,1
3.000000000000e-06,500,220,1
2.000000000000e-06,500,220,1
2.500000000000e-05,500,240,1
1.000000000000e-05,500,240,1
5.000000000000e-06,500,240,1
3.000000000000e-06,500,240,1
2.000000000000e-06,500,240,1
2.500000000000e-05,500,260,1
1.000000000000e-05,500,260,1
5.000000000000e-06,500,260,1
3.000000000000e-06,500,260,1
2.000000000000e-06,500,260,1
2.500000000000e-05,500,280,1
1.000000000000e-05,500,280,1
5.000000000000e-06,500,280,1
3.000000000000e-06,500,280,1
2.000000000000e-06,500,280,1
2.500000000000e-05,500,300,1
1.000000000000e-05,500,300,1
5.000000000000e-06,500,300,1
3.000000000000e-06,500,300,1
2.000000000000e-06,500,300,1
2.500000000000e-05,500,320,1
1.000000000000e-05,500,320,1
5.000000000000e-06,500,320,1
3.000000000000e-06,500,320,1
2.000000000000e-06,500,320,1
2.500000000000e-05,500,340,1
1.000000000000e-05,500,340,1
5.000000000000e-06,500,340,1
3.000000000000e-06,500,340,1
2.000000000000e-06,500,340,1
2.500000000000e-05,500,360,1
1.000000000000e-05,500,360,1
5.000000000000e-06,500,360,1
3.000000000000e-06,500,360,1
2.000000000000e-06,500,360,1
2.500000000000e-05,500,380,1
1.000000000000e-05,500,380,1
5.000000000000e-06,500,380,1
3.000000000000e-06,500,380,1
2.000000000000e-06,500,380,1
2.500000000000e-05,500,400,1
1.000000000000e-05,500,400,1
5.000000000000e-06,500,400,1
3.000000000000e-06,500,400,1
2.000000000000e-06,500,400,1
2.500000000000e-05,500,420,1
1.000000000000e-05,500,420,1
5.000000000000e-06,500,420,1
3.000000000000e-06,500,420,1
2.000000000000e-06,500,420,1
2.500000000000e-05,500,440,1
1.000000000000e-05,500,440,1
5.000000000000e-06,500,440,1
3.000000000000e-06,500,440,1
2.000000000000e-06,500,440,1
2.500000000000e-05,500,460,1
1.000000000000e-05,500,460,1
5.000000000000e-06,500,460,1
3.000000000000e-06,500,460,1
2.000000000000e-06,500,460,1
2.500000000000e-05,500,480,1
1.000000000000e-05,500,480,1
5.000000000000e-06,500,480,1
3.000000000000e-06,500,480,1
2.000000000000e-06,500,480,1
2.500000000000e-05,500,500,1
1.000000000000e-05,500,500,1
5.000000000000e-06,500,500,1
3.000000000000e-06,500,500,1
2.000000000000e-06,500,500,1
2.500000000000e-05,500,520,1
1.000000000000e-05,500,520,1
5.000000000000e-06,500,520,1
3.000000000000e-06,500,520,1
2.000000000000e-06,500,520,1
2.500000000000e-05,500,540,1
1.000000000000e-05,500,540,1
5.000000000000e-06,500,540,1
3.000000000000e-06,500,540,1
2.000000000000e-06,500,540,1
2.500000000000e-05,500,560,1
1.000000000000e-05,500,560,1
5.000000000000e-06,500,560,1
3.000000000000e-06,500,560,1
2.000000000000e-06,500,560,1
2.500000000000e-05,500,580,1
1.000000000000e-05,500,580,1
5.000000000000e-06,500,580,1
3.000000000000e-06,500,580,1
2.000000000000e-06,500,580,1
2.500000000000e-05,500,600,1
1.000000000000e-05,500,600,1
5.000000000000e-06,500,600,1
3.000000000000e-06,500,600,1
2.000000000000e-06,500,600,1
2.500000000000e-05,500,620,1
1.000000000000e-05,500,620,1
5.000000000000e-06,500,620,1
3.000000000000e-06,500,620,1
2.000000000000e-06,500,620,1
2.500000000000e-05,500,640,1
1.000000000000e-05,500,640,1
5.000000000000e-06,500,640,1
3.000000000000e-06,500,640,1
2.000000000000e-06,500,640,1
2.500000000000e-05,500,660,1
1.000000000000e-05,500,660,1
5.000000000000e-06,500,660,1
3.000000000000e-06,500,660,1
2.000000000000e-06,500,660,1
2.500000000000e-05,500,680,1
1.000000000000e-05,500,680,1
5.000000000000e-06,500,680,1
3.000000000000e-06,500,680,1
2.000000000000e-06,500,680,1
2.500000000000e-05,500,700,1
1.000000000000e-05,500,700,1
5.000000000000e-06,500,700,1
3.000000000000e-06,500,700,1
2.000000000000e-06,500,700,1
2.500000000000e-05,500,720,1
1.000000000000e-05,500,720,1
5.000000000000e-06,500,720,1
3.000000000000e-06,500,720,1
2.000000000000e-06,500,720,1
2.500000000000e-05,500,740,1
1.000000000000e-05,500,740,1
5.000000000000e-06,500,740,1
3.000000000000e-06,500,740,1
2.000000000000e-06,500,740,1
2.500000000000e-05,500,760,1
1.000000000000e-05,500,760,1
5.000000000000e-06,500,760,1
3.000000000000e-06,500,760,1
2.000000000000e-06,500,760,1
2.500000000000e-05,500,780,1
1.000000000000e-05,500,780,1
5.000000000000e-06,500,780,1
3.000000000000e-06,500,780,1
2.000000000000e-06,500,780,1
2.500000000000e-05,500,800,1
1.000000000000e-05,500,800,1
5.000000000000e-06,500,800,1
3.000000000000e-06,500,800,1
2.000000000000e-06,500,800,1
2.500000000000e-05,500,820,1
1.000000000000e-05,500,820,1
5.000000000000e-06,500,820,1
3.000000000000e-06,500,820,1
2.000000000000e-06,500,820,1
2.500000000000e-05,500,840,1
1.000000000000e-05,500,840,1
5.000000000000e-06,500,840,1
3.000000000000e-06,500,840,1
2.000000000000e-06,500,840,1
2.500000000000e-05,500,860,1
1.000000000000e-05,500,860,1
5.000000000000e-06,500,860,1
3.000000000000e-06,500,860,1
2.000000000000e-06,500,860,1
2.500000000000e-05,500,880,1
1.000000000000e-05,500,880,1
5.000000000000e-06,500,880,1
3.000000000000e-06,500,880,1
2.000000000000e-06,500,880,1
2.500000000000e-05,500,900,1
1.000000000000e-05,500,900,1
5.000000000000e-06,500,900,1
3.000000000000e-06,500,900,1
2.000000000000e-06,500,900,1
2.500000000000e-05,500,920,1
1.000000000000e-05,500,920,1
5.000000000000e-06,500,920,1
3.000000000000e-06,500,920,1
2.000000000000e-06,500,920,1
2.500000000000e-05,500,940,1
1.000000000000e-05,500,940,1
5.000000000000e-06,500,940,1
3.000000000000e-06,500,940,1
2.000000000000e-06,500,940,1
2.500000000000e-05,500,960,1
1.000000000000e-05,500,960,1
5.000000000000e-06,500,960,1
3.000000000000e-06,500,960,1
2.000000000000e-06,500,960,1
2.500000000000e-05,500,980,1
1.000000000000e-05,500,980,1
5.000000000000e-06,500,980,1
3.000000000000e-06,500,980,1
2.000000000000e-06,500,980,1
2.500000000000e-05,500,1000,1
1.000000000000e-05,500,1000,1
5.000000000000e-06,500,1000,1
3.000000000000e-06,500,1000,1
2.000000000000e-06,500,1000,1
2.500000000000e-05,520,0,1
1.000000000000e-05,520,0,1
5.000000000000e-06,520,0,1
3.000000000000e-06,520,0,1
2.000000000000e-06,520,0,1
2.500000000000e-05,520,20,1
1.000000000000e-05,520,20,1
5.000000000000e-06,520,20,1
3.000000000000e-06,520,20,1
2.000000000000e-06,520,20,1
2.500000000000e-05,520,40,1
1.000000000000e-05,520,40,1
5.000000000000e-06,520,40,1
3.000000000000e-06,520,40,1
2.000000000000e-06,520,40,1
2.500000000000e-05,520,60,1
1.000000000000e-05,520,60,1
5.000000000000e-06,520,60,1
3.000000000000e-06,520,60,1
2.000000000000e-06,520,60,1
2.500000000000e-05,520,80,1
1.000000000000e-05,520,80,1
5.000000000000e-06,520,80,1
3.000000000000e-06,520,80,1
2.000000000000e-06,520,80,1
2.500000000000e-05,520,100,1
1.000000000000e-05,520,100,1
5.000000000000e-06,520,100,1
3.000000000000e-06,520,100,1
2.000000000000e-06,520,100,1
2.500000000000e-05,520,120,1
1.000000000000e-05,520,120,1
5.000000000000e-06,520,120,1
3.000000000000e-06,520,120,1
2.000000000000e-06,520,120,1
2.500000000000e-05,520,140,1
1.000000000000e-05,520,140,1
5.000000000000e-06,520,140,1
3.000000000000e-06,520,140,1
2.000000000000e-06,520,140,1
2.500000000000e-05,520,160,1
1.000000000000e-05,520,160,1
5.000000000000e-06,520,160,1
3.000000000000e-06,520,160,1
2.000000000000e-06,520,160,1
2.500000000000e-05,520,180,1
1.000000000000e-05,520,180,1
5.000000000000e-06,520,180,1
3.000000000000e-06,520,180,1
2.000000000000e-06,520,180,1
2.500000000000e-05,520,200,1
1.000000000000e-05,520,200,1
5.000000000000e-06,520,200,1
3.000000000000e-06,520,200,1
2.000000000000e-06,520,200,1
2.500000000000e-05,520,220,1
1.000000000000e-05,520,220,1
5.000000000000e-06,520,220,1
3.000000000000e-06,520,220,1
2.000000000000e-06,520,220,1
2.500000000000e-05,520,240,1
1.000000000000e-05,520,240,1
5.000000000000e-06,520,240,1
3.000000000000e-06,520,240,1
2.000000000000e-06,520,240,1
2.500000000000e-05,520,260,1
1.000000000000e-05,520,260,1
5.000000000000e-06,520,260,1
3.000000000000e-06,520,260,1
2.000000000000e-06,520,260,1
2.500000000000e-05,520,280,1
1.000000000000e-05,520,280,1
5.000000000000e-06,520,280,1
3.000000000000e-06,520,280,1
2.000000000000e-06,520,280,1
2.500000000000e-05,520,300,1
1.000000000000e-05,520,300,1
5.000000000000e-06,520,300,1
3.000000000000e-06,520,300,1
2.000000000000e-06,520,300,1
2.500000000000e-05,520,320,1
1.000000000000e-05,520,320,1
5.000000000000e-06,520,320,1
3.000000000000e-06,520,320,1
2.000000000000e-06,520,320,1
2.500000000000e-05,520,340,1
1.000000000000e-05,520,340,1
5.000000000000e-06,520,340,1
3.000000000000e-06,520,340,1
2.000000000000e-06,520,340,1
2.500000000000e-05,520,360,1
1.000000000000e-05,520,360,1
5.000000000000e-06,520,360,1
3.000000000000e-06,520,360,1
2.000000000000e-06,520,360,1
2.500000000000e-05,520,380,1
1.000000000000e-05,520,380,1
5.000000000000e-06,520,380,1
3.000000000000e-06,520,380,1
2.000000000000e-06,520,380,1
2.500000000000e-05,520,400,1
1.000000000000e-05,520,400,1
5.000000000000e-06,520,400,1
3.000000000000e-06,520,400,1
2.000000000000e-06,520,400,1
2.500000000000e-05,520,420,1
1.000000000000e-05,520,420,1
5.000000000000e-06,520,420,1
3.000000000000e-06,520,420,1
2.000000000000e-06,520,420,1
2.500000000000e-05,520,440,1
1.000000000000e-05,520,440,1
5.000000000000e-06,520,440,1
3.000000000000e-06,520,440,1
2.000000000000e-06,520,440,1
2.500000000000e-05,520,460,1
1.000000000000e-05,520,460,1
5.000000000000e-06,520,460,1
3.000000000000e-06,520,460,1
2.000000000000e-06,520,460,1
2.500000000000e-05,520,480,1
1.000000000000e-05,520,480,1
5.000000000000e-06,520,480,1
3.000000000000e-06,520,480,1
2.000000000000e-06,520,480,1
2.500000000000e-05,520,500,1
1.000000000000e-05,520,500,1
5.000000000000e-06,520,500,1
3.000000000000e-06,520,500,1
2.000000000000e-06,520,500,1
2.500000000000e-05,520,520,1
1.000000000000e-05,520,520,1
5.000000000000e-06,520,520,1
3.000000000000e-06,520,520,1
2.000000000000e-06,520,520,1
2.500000000000e-05,520,540,1
1.000000000000e-05,520,540,1
5.000000000000e-06,520,540,1
3.000000000000e-06,520,540,1
2.000000000000e-06,520,540,1
2.500000000000e-05,520,560,1
1.000000000000e-05,520,560,1
5.000000000000e-06,520,560,1
3.000000000000e-06,520,560,1
2.000000000000e-06,520,560,1
2.500000000000e-05,520,580,1
1.000000000000e-05,520,580,1
5.000000000000e-06,520,580,1
3.000000000000e-06,520,580,1
2.000000000000e-06,520,580,1
2.500000000000e-05,520,600,1
1.000000000000e-05,520,600,1
5.000000000000e-06,520,600,1
3.000000000000e-06,520,600,1
2.000000000000e-06,520,600,1
2.500000000000e-05,520,620,1
1.000000000000e-05,520,620,1
5.000000000000e-06,520,620,1
3.000000000000e-06,520,620,1
2.000000000000e-06,520,620,1
2.500000000000e-05,520,640,1
1.000000000000e-05,520,640,1
5.000000000000e-06,520,640,1
3.000000000000e-06,520,640,1
2.000000000000e-06,520,640,1
2.500000000000e-05,520,660,1
1.000000000000e-05,520,660,1
5.000000000000e-06,520,660,1
3.000000000000e-06,520,660,1
2.000000000000e-06,520,660,1
2.500000000000e-05,520,680,1
1.000000000000e-05,520,680,1
5.000000000000e-06,520,680,1
3.000000000000e-06,520,680,1
2.000000000000e-06,520,680,1
2.500000000000e-05,520,700,1
1.000000000000e-05,520,700,1
5.000000000000e-06,520,700,1
3.000000000000e-06,520,700,1
2.000000000000e-06,520,700,1
2.500000000000e-05,520,720,1
1.000000000000e-05,520,720,1
5.000000000000e-06,520,720,1
3.000000000000e-06,520,720,1
2.000000000000e-06,520,720,1
2.500000000000e-05,520,740,1
1.000000000000e-05,520,740,1
5.000000000000e-06,520,740,1
3.000000000000e-06,520,740,1
2.000000000000e-06,520,740,1
2.500000000000e-05,520,760,1
1.000000000000e-05,520,760,1
5.000000000000e-06,520,760,1
3.000000000000e-06,520,760,1
2.000000000000e-06,520,760,1
2.500000000000e-05,520,780,1
1.000000000000e-05,520,780,1
5.000000000000e-06,520,780,1
3.000000000000e-06,520,780,1
2.000000000000e-06,520,780,1
2.500000000000e-05,520,800,1
1.000000000000e-05,520,800,1
5.000000000000e-06,520,800,1
3.000000000000e-06,520,800,1
2.000000000000e-06,520,800,1
2.500000000000e-05,520,820,1
1.000000000000e-05,520,820,1
5.000000000000e-06,520,820,1
3.000000000000e-06,520,820,1
2.000000000000e-06,520,820,1
2.500000000000e-05,520,840,1
1.000000000000e-05,520,840,1
5.000000000000e-06,520,840,1
3.000000000000e-06,520,840,1
2.000000000000e-06,520,840,1
2.500000000000e-05,520,860,1
1.000000000000e-05,520,860,1
5.000000000000e-06,520,860,1
3.000000000000e-06,520,860,1
2.000000000000e-06,520,860,1
2.500000000000e-05,520,880,1
1.000000000000e-05,520,880,1
5.000000000000e-06,520,880,1
3.000000000000e-06,520,880,1
2.000000000000e-06,520,880,1
2.500000000000e-05,520,900,1
1.000000000000e-05,520,900,1
5.000000000000e-06,520,900,1
3.000000000000e-06,520,900,1
2.000000000000e-06,520,900,1
2.500000000000e-05,520,920,1
1.000000000000e-05,520,920,1
5.000000000000e-06,520,920,1
3.000000000000e-06,520,920,1
2.000000000000e-06,520,920,1
2.500000000000e-05,520,940,1
1.000000000000e-05,520,940,1
5.000000000000e-06,520,940,1
3.000000000000e-06,520,940,1
2.000000000000e-06,520,940,1
2.500000000000e-05,520,960,1
1.000000000000e-05,520,960,1
5.000000000000e-06,520,960,1
3.000000000000e-06,520,960,1
2.000000000000e-06,520,960,1
2.500000000000e-05,520,980,1
1.000000000000e-05,520,980,1
5.000000000000e-06,520,980,1
3.000000000000e-06,520,980,1
2.000000000000e-06,520,980,1
2.500000000000e-05,520,1000,1
1.000000000000e-05,520,1000,1
5.000000000000e-06,520,1000,1
3.000000000000e-06,520,1000,1
2.000000000000e-06,520,1000,1
2.500000000000e-05,540,0,1
1.000000000000e-05,540,0,1
5.000000000000e-06,540,0,1
3.000000000000e-06,540,0,1
2.000000000000e-06,540,0,1
2.500000000000e-05,540,20,1
1.000000000000e-05,540,20,1
5.000000000000e-06,540,20,1
3.000000000000e-06,540,20,1
2.000000000000e-06,540,20,1
2.500000000000e-05,540,40,1
1.000000000000e-05,540,40,1
5.000000000000e-06,540,40,1
3.000000000000e-06,540,40,1
2.000000000000e-06,540,40,1
2.500000000000e-05,540,60,1
1.000000000000e-05,540,60,1
5.000000000000e-06,540,60,1
3.000000000000e-06,540,60,1
2.000000000000e-06,540,60,1
2.500000000000e-05,540,80,1
1.000000000000e-05,540,80,1
5.000000000000e-06,540,80,1
3.000000000000e-06,540,80,1
2.000000000000e-06,540,80,1
2.500000000000e-05,540,100,1
1.000000000000e-05,540,100,1
5.000000000000e-06,540,100,1
3.000000000000e-06,540,100,1
2.000000000000e-06,540,100,1
2.500000000000e-05,540,120,1
1.000000000000e-05,540,120,1
5.000000000000e-06,540,120,1
3.000000000000e-06,540,120,1
2.000000000000e-06,540,120,1
2.500000000000e-05,540,140,1
1.000000000000e-05,540,140,1
5.000000000000e-06,540,140,1
3.000000000000e-06,540,140,1
2.000000000000e-06,540,140,1
2.500000000000e-05,540,160,1
1.000000000000e-05,540,160,1
5.000000000000e-06,540,160,1
3.000000000000e-06,540,160,1
2.000000000000e-06,540,160,1
2.500000000000e-05,540,180,1
1.000000000000e-05,540,180,1
5.000000000000e-06,540,180,1
3.000000000000e-06,540,180,1
2.000000000000e-06,540,180,1
2.500000000000e-05,540,200,1
1.000000000000e-05,540,200,1
5.000000000000e-06,540,200,1
3.000000000000e-06,540,200,1
2.000000000000e-06,540,200,1
2.500000000000e-05,540,220,1
1.000000000000e-05,540,220,1
5.000000000000e-06,540,220,1
3.000000000000e-06,540,220,1
2.000000000000e-06,540,220,1
2.500000000000e-05,540,240,1
1.000000000000e-05,540,240,1
5.000000000000e-06,540,240,1
3.000000000000e-06,540,240,1
2.000000000000e-06,540,240,1
2.500000000000e-05,540,260,1
1.000000000000e-05,540,260,1
5.000000000000e-06,540,260,1
3.000000000000e-06,540,260,1
2.000000000000e-06,540,260,1
2.500000000000e-05,540,280,1
1.000000000000e-05,540,280,1
5.000000000000e-06,540,280,1
3.000000000000e-06,540,280,1
2.000000000000e-06,540,280,1
2.500000000000e-05,540,300,1
1.000000000000e-05,540,300,1
5.000000000000e-06,540,300,1
3.000000000000e-06,540,300,1
2.000000000000e-06,540,300,1
2.500000000000e-05,540,320,1
1.000000000000e-05,540,320,1
5.000000000000e-06,540,320,1
3.000000000000e-06,540,320,1
2.000000000000e-06,540,320,1
2.500000000000e-05,540,340,1
1.000000000000e-05,540,340,1
5.000000000000e-06,540,340,1
3.000000000000e-06,540,340,1
2.000000000000e-06,540,340,1
2.500000000000e-05,540,360,1
1.000000000000e-05,540,360,1
5.000000000000e-06,540,360,1
3.000000000000e-06,540,360,1
2.000000000000e-06,540,360,1
2.500000000000e-05,540,380,1
1.000000000000e-05,540,380,1
5.000000000000e-06,540,380,1
3.000000000000e-06,540,380,1
2.000000000000e-06,540,380,1
2.500000000000e-05,540,400,1
1.000000000000e-05,540,400,1
5.000000000000e-06,540,400,1
3.000000000000e-06,540,400,1
2.000000000000e-06,540,400,1
2.500000000000e-05,540,420,1
1.000000000000e-05,540,420,1
5.000000000000e-06,540,420,1
3.000000000000e-06,540,420,1
2.000000000000e-06,540,420,1
2.500000000000e-05,540,440,1
1.000000000000e-05,540,440,1
5.000000000000e-06,540,440,1
3.000000000000e-06,540,440,1
2.000000000000e-06,540,440,1
2.500000000000e-05,540,460,1
1.000000000000e-05,540,460,1
5.000000000000e-06,540,460,1
3.000000000000e-06,540,460,1
2.000000000000e-06,540,460,1
2.500000000000e-05,540,480,1
1.000000000000e-05,540,480,1
5.000000000000e-06,540,480,1
3.000000000000e-06,540,480,1
2.000000000000e-06,540,480,1
2.500000000000e-05,540,500,1
1.000000000000e-05,540,500,1
5.000000000000e-06,540,500,1
3.000000000000e-06,540,500,1
2.000000000000e-06,540,500,1
2.500000000000e-05,540,520,1
1.000000000000e-05,540,520,1
5.000000000000e-06,540,520,1
3.000000000000e-06,540,520,1
2.000000000000e-06,540,520,1
2.500000000000e-05,540,540,1
1.000000000000e-05,540,540,1
5.000000000000e-06,540,540,1
3.000000000000e-06,540,540,1
2.000000000000e-06,540,540,1
2.500000000000e-05,540,560,1
1.000000000000e-05,540,560,1
5.000000000000e-06,540,560,1
3.000000000000e-06,540,560,1
2.000000000000e-06,540,560,1
2.500000000000e-05,540,580,1
1.000000000000e-05,540,580,1
5.000000000000e-06,540,580,1
3.000000000000e-06,540,580,1
2.000000000000e-06,540,580,1
2.500000000000e-05,540,600,1
1.000000000000e-05,540,600,1
5.000000000000e-06,540,600,1
3.000000000000e-06,540,600,1
2.000000000000e-06,540,600,1
2.500000000000e-05,540,620,1
1.000000000000e-05,540,620,1
5.000000000000e-06,540,620,1
3.000000000000e-06,540,620,1
2.000000000000e-06,540,620,1
2.500000000000e-05,540,640,1
1.000000000000e-05,540,640,1
5.000000000000e-06,540,640,1
3.000000000000e-06,540,640,1
2.000000000000e-06,540,640,1
2.500000000000e-05,540,660,1
1.000000000000e-05,540,660,1
5.000000000000e-06,540,660,1
3.000000000000e-06,540,660,1
2.000000000000e-06,540,660,1
2.500000000000e-05,540,680,1
1.000000000000e-05,540,680,1
5.000000000000e-06,540,680,1
3.000000000000e-06,540,680,1
2.000000000000e-06,540,680,1
2.500000000000e-05,540,700,1
1.000000000000e-05,540,700,1
5.000000000000e-06,540,700,1
3.000000000000e-06,540,700,1
2.000000000000e-06,540,700,1
2.500000000000e-05,540,720,1
1.000000000000e-05,540,720,1
5.000000000000e-06,540,720,1
3.000000000000e-06,540,720,1
2.000000000000e-06,540,720,1
2.500000000000e-05,540,740,1
1.000000000000e-05,540,740,1
5.000000000000e-06,540,740,1
3.000000000000e-06,540,740,1
2.000000000000e-06,540,740,1
2.500000000000e-05,540,760,1
1.000000000000e-05,540,760,1
5.000000000000e-06,540,760,1
3.000000000000e-06,540,760,1
2.000000000000e-06,540,760,1
2.500000000000e-05,540,780,1
1.000000000000e-05,540,780,1
5.000000000000e-06,540,780,1
3.000000000000e-06,540,780,1
2.000000000000e-06,540,780,1
2.500000000000e-05,540,800,1
1.000000000000e-05,540,800,1
5.000000000000e-06,540,800,1
3.000000000000e-06,540,800,1
2.000000000000e-06,540,800,1
2.500000000000e-05,540,820,1
1.000000000000e-05,540,820,1
5.000000000000e-06,540,820,1
3.000000000000e-06,540,820,1
2.000000000000e-06,540,820,1
2.500000000000e-05,540,840,1
1.000000000000e-05,540,840,1
5.000000000000e-06,540,840,1
3.000000000000e-06,540,840,1
2.000000000000e-06,540,840,1
2.500000000000e-05,540,860,1
1.000000000000e-05,540,860,1
5.000000000000e-06,540,860,1
3.000000000000e-06,540,860,1
2.000000000000e-06,540,860,1
2.500000000000e-05,540,880,1
1.000000000000e-05,540,880,1
5.000000000000e-06,540,880,1
3.000000000000e-06,540,880,1
2.000000000000e-06,540,880,1
2.500000000000e-05,540,900,1
1.000000000000e-05,540,900,1
5.000000000000e-06,540,900,1
3.000000000000e-06,540,900,1
2.000000000000e-06,540,900,1
2.500000000000e-05,540,920,1
1.000000000000e-05,540,920,1
5.000000000000e-06,540,920,1
3.000000000000e-06,540,920,1
2.000000000000e-06,540,920,1
2.500000000000e-05,540,940,1
1.000000000000e-05,540,940,1
5.000000000000e-06,540,940,1
3.000000000000e-06,540,940,1
2.000000000000e-06,540,940,1
2.500000000000e-05,540,960,1
1.000000000000e-05,540,960,1
5.000000000000e-06,540,960,1
3.000000000000e-06,540,960,1
2.000000000000e-06,540,960,1
2.500000000000e-05,540,980,1
1.000000000000e-05,540,980,1
5.000000000000e-06,540,980,1
3.000000000000e-06,540,980,1
2.000000000000e-06,540,980,1
2.500000000000e-05,540,1000,1
1.000000000000e-05,540,1000,1
5.000000000000e-06,540,1000,1
3.000000000000e-06,540,1000,1
2.000000000000e-06,540,1000,1
2.500000000000e-05,560,0,1
1.000000000000e-05,560,0,1
5.000000000000e-06,560,0,1
3.000000000000e-06,560,0,1
2.000000000000e-06,560,0,1
2.500000000000e-05,560,20,1
1.000000000000e-05,560,20,1
5.000000000000e-06,560,20,1
3.000000000000e-06,560,20,1
2.000000000000e-06,560,20,1
2.500000000000e-05,560,40,1
1.000000000000e-05,560,40,1
5.000000000000e-06,560,40,1
3.000000000000e-06,560,40,1
2.000000000000e-06,560,40,1
2.500000000000e-05,560,60,1
1.000000000000e-05,560,60,1
5.000000000000e-06,560,60,1
3.000000000000e-06,560,60,1
2.000000000000e-06,560,60,1
2.500000000000e-05,560,80,1
1.000000000000e-05,560,80,1
5.000000000000e-06,560,80,1
3.000000000000e-06,560,80,1
2.000000000000e-06,560,80,1
2.500000000000e-05,560,100,1
1.000000000000e-05,560,100,1
5.000000000000e-06,560,100,1
3.000000000000e-06,560,100,1
2.000000000000e-06,560,100,1
2.500000000000e-05,560,120,1
1.000000000000e-05,560,120,1
5.000000000000e-06,560,120,1
3.000000000000e-06,560,120,1
2.000000000000e-06,560,120,1
2.500000000000e-05,560,140,1
1.000000000000e-05,560,140,1
5.000000000000e-06,560,140,1
3.000000000000e-06,560,140,1
2.000000000000e-06,560,140,1
2.500000000000e-05,560,160,1
1.000000000000e-05,560,160,1
5.000000000000e-06,560,160,1
3.000000000000e-06,560,160,1
2.000000000000e-06,560,160,1
2.500000000000e-05,560,180,1
1.000000000000e-05,560,180,1
5.000000000000e-06,560,180,1
3.000000000000e-06,560,180,1
2.000000000000e-06,560,180,1
2.500000000000e-05,560,200,1
1.000000000000e-05,560,200,1
5.000000000000e-06,560,200,1
3.000000000000e-06,560,200,1
2.000000000000e-06,560,200,1
2.500000000000e-05,560,220,1
1.000000000000e-05,560,220,1
5.000000000000e-06,560,220,1
3.000000000000e-06,560,220,1
2.000000000000e-06,560,220,1
2.500000000000e-05,560,240,1
1.000000000000e-05,560,240,1
5.000000000000e-06,560,240,1
3.000000000000e-06,560,240,1
2.000000000000e-06,560,240,1
2.500000000000e-05,560,260,1
1.000000000000e-05,560,260,1
5.000000000000e-06,560,260,1
3.000000000000e-06,560,260,1
2.000000000000e-06,560,260,1
2.500000000000e-05,560,280,1
1.000000000000e-05,560,280,1
5.000000000000e-06,560,280,1
3.000000000000e-06,560,280,1
2.000000000000e-06,560,280,1
2.500000000000e-05,560,300,1
1.000000000000e-05,560,300,1
5.000000000000e-06,560,300,1
3.000000000000e-06,560,300,1
2.000000000000e-06,560,300,1
2.500000000000e-05,560,320,1
1.000000000000e-05,560,320,1
5.000000000000e-06,560,320,1
3.000000000000e-06,560,320,1
2.000000000000e-06,560,320,1
2.500000000000e-05,560,340,1
1.000000000000e-05,560,340,1
5.000000000000e-06,560,340,1
3.000000000000e-06,560,340,1
2.000000000000e-06,560,340,1
2.500000000000e-05,560,360,1
1.000000000000e-05,560,360,1
5.000000000000e-06,560,360,1
3.000000000000e-06,560,360,1
2.000000000000e-06,560,360,1
2.500000000000e-05,560,380,1
1.000000000000e-05,560,380,1
5.000000000000e-06,560,380,1
3.000000000000e-06,560,380,1
2.000000000000e-06,560,380,1
2.500000000000e-05,560,400,1
1.000000000000e-05,560,400,1
5.000000000000e-06,560,400,1
3.000000000000e-06,560,400,1
2.000000000000e-06,560,400,1
2.500000000000e-05,560,420,1
1.000000000000e-05,560,420,1
5.000000000000e-06,560,420,1
3.000000000000e-06,560,420,1
2.000000000000e-06,560,420,1
2.500000000000e-05,560,440,1
1.000000000000e-05,560,440,1
5.000000000000e-06,560,440,1
3.000000000000e-06,560,440,1
2.000000000000e-06,560,440,1
2.500000000000e-05,560,460,1
1.000000000000e-05,560,460,1
5.000000000000e-06,560,460,1
3.000000000000e-06,560,460,1
2.000000000000e-06,560,460,1
2.500000000000e-05,560,480,1
1.000000000000e-05,560,480,1
5.000000000000e-06,560,480,1
3.000000000000e-06,560,480,1
2.000000000000e-06,560,480,1
2.500000000000e-05,560,500,1
1.000000000000e-05,560,500,1
5.000000000000e-06,560,500,1
3.000000000000e-06,560,500,1
2.000000000000e-06,560,500,1
2.500000000000e-05,560,520,1
1.000000000000e-05,560,520,1
5.000000000000e-06,560,520,1
3.000000000000e-06,560,520,1
2.000000000000e-06,560,520,1
2.500000000000e-05,560,540,1
1.000000000000e-05,560,540,1
5.000000000000e-06,560,540,1
3.000000000000e-06,560,540,1
2.000000000000e-06,560,540,1
2.500000000000e-05,560,560,1
1.000000000000e-05,560,560,1
5.000000000000e-06,560,560,1
3.000000000000e-06,560,560,1
2.000000000000e-06,560,560,1
2.500000000000e-05,560,580,1
1.000000000000e-05,560,580,1
5.000000000000e-06,560,580,1
3.000000000000e-06,560,580,1
2.000000000000e-06,560,580,1
2.500000000000e-05,560,600,1
1.000000000000e-05,560,600,1
5.000000000000e-06,560,600,1
3.000000000000e-06,560,600,1
2.000000000000e-06,560,600,1
2.500000000000e-05,560,620,1
1.000000000000e-05,560,620,1
5.000000000000e-06,560,620,1
3.000000000000e-06,560,620,1
2.000000000000e-06,560,620,1
2.500000000000e-05,560,640,1
1.000000000000e-05,560,640,1
5.000000000000e-06,560,640,1
3.000000000000e-06,560,640,1
2.000000000000e-06,560,640,1
2.500000000000e-05,560,660,1
1.000000000000e-05,560,660,1
5.000000000000e-06,560,660,1
3.000000000000e-06,560,660,1
2.000000000000e-06,560,660,1
2.500000000000e-05,560,680,1
1.000000000000e-05,560,680,1
5.000000000000e-06,560,680,1
3.000000000000e-06,560,680,1
2.000000000000e-06,560,680,1
2.500000000000e-05,560,700,1
1.000000000000e-05,560,700,1
5.000000000000e-06,560,700,1
3.000000000000e-06,560,700,1
2.000000000000e-06,560,700,1
2.500000000000e-05,560,720,1
1.000000000000e-05,560,720,1
5.000000000000e-06,560,720,1
3.000000000000e-06,560,720,1
2.000000000000e-06,560,720,1
2.500000000000e-05,560,740,1
1.000000000000e-05,560,740,1
5.000000000000e-06,560,740,1
3.000000000000e-06,560,740,1
2.000000000000e-06,560,740,1
2.500000000000e-05,560,760,1
1.000000000000e-05,560,760,1
5.000000000000e-06,560,760,1
3.000000000000e-06,560,760,1
2.000000000000e-06,560,760,1
2.500000000000e-05,560,780,1
1.000000000000e-05,560,780,1
5.000000000000e-06,560,780,1
3.000000000000e-06,560,780,1
2.000000000000e-06,560,780,1
2.500000000000e-05,560,800,1
1.000000000000e-05,560,800,1
5.000000000000e-06,560,800,1
3.000000000000e-06,560,800,1
2.000000000000e-06,560,800,1
2.500000000000e-05,560,820,1
1.000000000000e-05,560,820,1
5.000000000000e-06,560,820,1
3.000000000000e-06,560,820,1
2.000000000000e-06,560,820,1
2.500000000000e-05,560,840,1
1.000000000000e-05,560,840,1
5.000000000000e-06,560,840,1
3.000000000000e-06,560,840,1
2.000000000000e-06,560,840,1
2.500000000000e-05,560,860,1
1.000000000000e-05,560,860,1
5.000000000000e-06,560,860,1
3.000000000000e-06,560,860,1
2.000000000000e-06,560,860,1
2.500000000000e-05,560,880,1
1.000000000000e-05,560,880,1
5.000000000000e-06,560,880,1
3.000000000000e-06,560,880,1
2.000000000000e-06,560,880,1
2.500000000000e-05,560,900,1
1.000000000000e-05,560,900,1
5.000000000000e-06,560,900,1
3.000000000000e-06,560,900,1
2.000000000000e-06,560,900,1
2.500000000000e-05,560,920,1
1.000000000000e-05,560,920,1
5.000000000000e-06,560,920,1
3.000000000000e-06,560,920,1
2.000000000000e-06,560,920,1
2.500000000000e-05,560,940,1
1.000000000000e-05,560,940,1
5.000000000000e-06,560,940,1
3.000000000000e-06,560,940,1
2.000000000000e-06,560,940,1
2.500000000000e-05,560,960,1
1.000000000000e-05,560,960,1
5.000000000000e-06,560,960,1
3.000000000000e-06,560,960,1
2.000000000000e-06,560,960,1
2.500000000000e-05,560,980,1
1.000000000000e-05,560,980,1
5.000000000000e-06,560,980,1
3.000000000000e-06,560,980,1
2.000000000000e-06,560,980,1
2.500000000000e-05,560,1000,1
1.000000000000e-05,560,1000,1
5.000000000000e-06,560,1000,1
3.000000000000e-06,560,1000,1
2.000000000000e-06,560,1000,1
2.500000000000e-05,580,0,1
1.000000000000e-05,580,0,1
5.000000000000e-06,580,0,1
3.000000000000e-06,580,0,1
2.000000000000e-06,580,0,1
2.500000000000e-05,580,20,1
1.000000000000e-05,580,20,1
5.000000000000e-06,580,20,1
3.000000000000e-06,580,20,1
2.000000000000e-06,580,20,1
2.500000000000e-05,580,40,1
1.000000000000e-05,580,40,1
5.000000000000e-06,580,40,1
3.000000000000e-06,580,40,1
2.000000000000e-06,580,40,1
2.500000000000e-05,580,60,1
1.000000000000e-05,580,60,1
5.000000000000e-06,580,60,1
3.000000000000e-06,580,60,1
2.000000000000e-06,580,60,1
2.500000000000e-05,580,80,1
1.000000000000e-05,580,80,1
5.000000000000e-06,580,80,1
3.000000000000e-06,580,80,1
2.000000000000e-06,580,80,1
2.500000000000e-05,580,100,1
1.000000000000e-05,580,100,1
5.000000000000e-06,580,100,1
3.000000000000e-06,580,100,1
2.000000000000e-06,580,100,1
2.500000000000e-05,580,120,1
1.000000000000e-05,580,120,1
5.000000000000e-06,580,120,1
3.000000000000e-06,580,120,1
2.000000000000e-06,580,120,1
2.500000000000e-05,580,140,1
1.000000000000e-05,580,140,1
5.000000000000e-06,580,140,1
3.000000000000e-06,580,140,1
2.000000000000e-06,580,140,1
2.500000000000e-05,580,160,1
1.000000000000e-05,580,160,1
5.000000000000e-06,580,160,1
3.000000000000e-06,580,160,1
2.000000000000e-06,580,160,1
2.500000000000e-05,580,180,1
1.000000000000e-05,580,180,1
5.000000000000e-06,580,180,1
3.000000000000e-06,580,180,1
2.000000000000e-06,580,180,1
2.500000000000e-05,580,200,1
1.000000000000e-05,580,200,1
5.000000000000e-06,580,200,1
3.000000000000e-06,580,200,1
2.000000000000e-06,580,200,1
2.500000000000e-05,580,220,1
1.000000000000e-05,580,220,1
5.000000000000e-06,580,220,1
3.000000000000e-06,580,220,1
2.000000000000e-06,580,220,1
2.500000000000e-05,580,240,1
1.000000000000e-05,580,240,1
5.000000000000e-06,580,240,1
3.000000000000e-06,580,240,1
2.000000000000e-06,580,240,1
2.500000000000e-05,580,260,1
1.000000000000e-05,580,260,1
5.000000000000e-06,580,260,1
3.000000000000e-06,580,260,1
2.000000000000e-06,580,260,1
2.500000000000e-05,580,280,1
1.000000000000e-05,580,280,1
5.000000000000e-06,580,280,1
3.000000000000e-06,580,280,1
2.000000000000e-06,580,280,1
2.500000000000e-05,580,300,1
1.000000000000e-05,580,300,1
5.000000000000e-06,580,300,1
3.000000000000e-06,580,300,1
2.000000000000e-06,580,300,1
2.500000000000e-05,580,320,1
1.000000000000e-05,580,320,1
5.000000000000e-06,580,320,1
3.000000000000e-06,580,320,1
2.000000000000e-06,580,320,1
2.500000000000e-05,580,340,1
1.000000000000e-05,580,340,1
5.000000000000e-06,580,340,1
3.000000000000e-06,580,340,1
2.000000000000e-06,580,340,1
2.500000000000e-05,580,360,1
1.000000000000e-05,580,360,1
5.000000000000e-06,580,360,1
3.000000000000e-06,580,360,1
2.000000000000e-06,580,360,1
2.500000000000e-05,580,380,1
1.000000000000e-05,580,380,1
5.000000000000e-06,580,380,1
3.000000000000e-06,580,380,1
2.000000000000e-06,580,380,1
2.500000000000e-05,580,400,1
1.000000000000e-05,580,400,1
5.000000000000e-06,580,400,1
3.000000000000e-06,580,400,1
2.000000000000e-06,580,400,1
2.500000000000e-05,580,420,1
1.000000000000e-05,580,420,1
5.000000000000e-06,580,420,1
3.000000000000e-06,580,420,1
2.000000000000e-06,580,420,1
2.500000000000e-05,580,440,1
1.000000000000e-05,580,440,1
5.000000000000e-06,580,440,1
3.000000000000e-06,580,440,1
2.000000000000e-06,580,440,1
2.500000000000e-05,580,460,1
1.000000000000e-05,580,460,1
5.000000000000e-06,580,460,1
3.000000000000e-06,580,460,1
2.000000000000e-06,580,460,1
2.500000000000e-05,580,480,1
1.000000000000e-05,580,480,1
5.000000000000e-06,580,480,1
3.000000000000e-06,580,480,1
2.000000000000e-06,580,480,1
2.500000000000e-05,580,500,1
1.000000000000e-05,580,500,1
5.000000000000e-06,580,500,1
3.000000000000e-06,580,500,1
2.000000000000e-06,580,500,1
2.500000000000e-05,580,520,1
1.000000000000e-05,580,520,1
5.000000000000e-06,580,520,1
3.000000000000e-06,580,520,1
2.000000000000e-06,580,520,1
2.500000000000e-05,580,540,1
1.000000000000e-05,580,540,1
5.000000000000e-06,580,540,1
3.000000000000e-06,580,540,1
2.000000000000e-06,580,540,1
2.500000000000e-05,580,560,1
1.000000000000e-05,580,560,1
5.000000000000e-06,580,560,1
3.000000000000e-06,580,560,1
2.000000000000e-06,580,560,1
2.500000000000e-05,580,580,1
1.000000000000e-05,580,580,1
5.000000000000e-06,580,580,1
3.000000000000e-06,580,580,1
2.000000000000e-06,580,580,1
2.500000000000e-05,580,600,1
1.000000000000e-05,580,600,1
5.000000000000e-06,580,600,1
3.000000000000e-06,580,600,1
2.000000000000e-06,580,600,1
2.500000000000e-05,580,620,1
1.000000000000e-05,580,620,1
5.000000000000e-06,580,620,1
3.000000000000e-06,580,620,1
2.000000000000e-06,580,620,1
2.500000000000e-05,580,640,1
1.000000000000e-05,580,640,1
5.000000000000e-06,580,640,1
3.000000000000e-06,580,640,1
2.000000000000e-06,580,640,1
2.500000000000e-05,580,660,1
1.000000000000e-05,580,660,1
5.000000000000e-06,580,660,1
3.000000000000e-06,580,660,1
2.000000000000e-06,580,660,1
2.500000000000e-05,580,680,1
1.000000000000e-05,580,680,1
5.000000000000e-06,580,680,1
3.000000000000e-06,580,680,1
2.000000000000e-06,580,680,1
2.500000000000e-05,580,700,1
1.000000000000e-05,580,700,1
5.000000000000e-06,580,700,1
3.000000000000e-06,580,700,1
2.000000000000e-06,580,700,1
2.500000000000e-05,580,720,1
1.000000000000e-05,580,720,1
5.000000000000e-06,580,720,1
3.000000000000e-06,580,720,1
2.000000000000e-06,580,720,1
2.500000000000e-05,580,740,1
1.000000000000e-05,580,740,1
5.000000000000e-06,580,740,1
3.000000000000e-06,580,740,1
2.000000000000e-06,580,740,1
2.500000000000e-05,580,760,1
1.000000000000e-05,580,760,1
5.000000000000e-06,580,760,1
3.000000000000e-06,580,760,1
2.000000000000e-06,580,760,1
2.500000000000e-05,580,780,1
1.000000000000e-05,580,780,1
5.000000000000e-06,580,780,1
3.000000000000e-06,580,780,1
2.000000000000e-06,580,780,1
2.500000000000e-05,580,800,1
1.000000000000e-05,580,800,1
5.000000000000e-06,580,800,1
3.000000000000e-06,580,800,1
2.000000000000e-06,580,800,1
2.500000000000e-05,580,820,1
1.000000000000e-05,580,820,1
5.000000000000e-06,580,820,1
3.000000000000e-06,580,820,1
2.000000000000e-06,580,820,1
2.500000000000e-05,580,840,1
1.000000000000e-05,580,840,1
5.000000000000e-06,580,840,1
3.000000000000e-06,580,840,1
2.000000000000e-06,580,840,1
2.500000000000e-05,580,860,1
1.000000000000e-05,580,860,1
5.000000000000e-06,580,860,1
3.000000000000e-06,580,860,1
2.000000000000e-06,580,860,1
2.500000000000e-05,580,880,1
1.000000000000e-05,580,880,1
5.000000000000e-06,580,880,1
3.000000000000e-06,580,880,1
2.000000000000e-06,580,880,1
2.500000000000e-05,580,900,1
1.000000000000e-05,580,900,1
5.000000000000e-06,580,900,1
3.000000000000e-06,580,900,1
2.000000000000e-06,580,900,1
2.500000000000e-05,580,920,1
1.000000000000e-05,580,920,1
5.000000000000e-06,580,920,1
3.000000000000e-06,580,920,1
2.000000000000e-06,580,920,1
2.500000000000e-05,580,940,1
1.000000000000e-05,580,940,1
5.000000000000e-06,580,940,1
3.000000000000e-06,580,940,1
2.000000000000e-06,580,940,1
2.500000000000e-05,580,960,1
1.000000000000e-05,580,960,1
5.000000000000e-06,580,960,1
3.000000000000e-06,580,960,1
2.000000000000e-06,580,960,1
2.500000000000e-05,580,980,1
1.000000000000e-05,580,980,1
5.000000000000e-06,580,980,1
3.000000000000e-06,580,980,1
2.000000000000e-06,580,980,1
2.500000000000e-05,580,1000,1
1.000000000000e-05,580,1000,1
5.000000000000e-06,580,1000,1
3.000000000000e-06,580,1000,1
2.000000000000e-06,580,1000,1
2.500000000000e-05,600,0,1
1.000000000000e-05,600,0,1
5.000000000000e-06,600,0,1
3.000000000000e-06,600,0,1
2.000000000000e-06,600,0,1
2.500000000000e-05,600,20,1
1.000000000000e-05,600,20,1
5.000000000000e-06,600,20,1
3.000000000000e-06,600,20,1
2.000000000000e-06,600,20,1
2.500000000000e-05,600,40,1
1.000000000000e-05,600,40,1
5.000000000000e-06,600,40,1
3.000000000000e-06,600,40,1
2.000000000000e-06,600,40,1
2.500000000000e-05,600,60,1
1.000000000000e-05,600,60,1
5.000000000000e-06,600,60,1
3.000000000000e-06,600,60,1
2.000000000000e-06,600,60,1
2.500000000000e-05,600,80,1
1.000000000000e-05,600,80,1
5.000000000000e-06,600,80,1
3.000000000000e-06,600,80,1
2.000000000000e-06,600,80,1
2.500000000000e-05,600,100,1
1.000000000000e-05,600,100,1
5.000000000000e-06,600,100,1
3.000000000000e-06,600,100,1
2.000000000000e-06,600,100,1
2.500000000000e-05,600,120,1
1.000000000000e-05,600,120,1
5.000000000000e-06,600,120,1
3.000000000000e-06,600,120,1
2.000000000000e-06,600,120,1
2.500000000000e-05,600,140,1
1.000000000000e-05,600,140,1
5.000000000000e-06,600,140,1
3.000000000000e-06,600,140,1
2.000000000000e-06,600,140,1
2.500000000000e-05,600,160,1
1.000000000000e-05,600,160,1
5.000000000000e-06,600,160,1
3.000000000000e-06,600,160,1
2.000000000000e-06,600,160,1
2.500000000000e-05,600,180,1
1.000000000000e-05,600,180,1
5.000000000000e-06,600,180,1
3.000000000000e-06,600,180,1
2.000000000000e-06,600,180,1
2.500000000000e-05,600,200,1
1.000000000000e-05,600,200,1
5.000000000000e-06,600,200,1
3.000000000000e-06,600,200,1
2.000000000000e-06,600,200,1
2.500000000000e-05,600,220,1
1.000000000000e-05,600,220,1
5.000000000000e-06,600,220,1
3.000000000000e-06,600,220,1
2.000000000000e-06,600,220,1
2.500000000000e-05,600,240,1
1.000000000000e-05,600,240,1
5.000000000000e-06,600,240,1
3.000000000000e-06,600,240,1
2.000000000000e-06,600,240,1
2.500000000000e-05,600,260,1
1.000000000000e-05,600,260,1
5.000000000000e-06,600,260,1
3.000000000000e-06,600,260,1
2.000000000000e-06,600,260,1
2.500000000000e-05,600,280,1
1.000000000000e-05,600,280,1
5.000000000000e-06,600,280,1
3.000000000000e-06,600,280,1
2.000000000000e-06,600,280,1
2.500000000000e-05,600,300,1
1.000000000000e-05,600,300,1
5.000000000000e-06,600,300,1
3.000000000000e-06,600,300,1
2.000000000000e-06,600,300,1
2.500000000000e-05,600,320,1
1.000000000000e-05,600,320,1
5.000000000000e-06,600,320,1
3.000000000000e-06,600,320,1
2.000000000000e-06,600,320,1
2.500000000000e-05,600,340,1
1.000000000000e-05,600,340,1
5.000000000000e-06,600,340,1
3.000000000000e-06,600,340,1
2.000000000000e-06,600,340,1
2.500000000000e-05,600,360,1
1.000000000000e-05,600,360,1
5.000000000000e-06,600,360,1
3.000000000000e-06,600,360,1
2.000000000000e-06,600,360,1
2.500000000000e-05,600,380,1
1.000000000000e-05,600,380,1
5.000000000000e-06,600,380,1
3.000000000000e-06,600,380,1
2.000000000000e-06,600,380,1
2.500000000000e-05,600,400,1
1.000000000000e-05,600,400,1
5.000000000000e-06,600,400,1
3.000000000000e-06,600,400,1
2.000000000000e-06,600,400,1
2.500000000000e-05,600,420,1
1.000000000000e-05,600,420,1
5.000000000000e-06,600,420,1
3.000000000000e-06,600,420,1
2.000000000000e-06,600,420,1
2.500000000000e-05,600,440,1
1.000000000000e-05,600,440,1
5.000000000000e-06,600,440,1
3.000000000000e-06,600,440,1
2.000000000000e-06,600,440,1
2.500000000000e-05,600,460,1
1.000000000000e-05,600,460,1
5.000000000000e-06,600,460,1
3.000000000000e-06,600,460,1
2.000000000000e-06,600,460,1
2.500000000000e-05,600,480,1
1.000000000000e-05,600,480,1
5.000000000000e-06,600,480,1
3.000000000000e-06,600,480,1
2.000000000000e-06,600,480,1
2.500000000000e-05,600,500,1
1.000000000000e-05,600,500,1
5.000000000000e-06,600,500,1
3.000000000000e-06,600,500,1
2.000000000000e-06,600,500,1
2.500000000000e-05,600,520,1
1.000000000000e-05,600,520,1
5.000000000000e-06,600,520,1
3.000000000000e-06,600,520,1
2.000000000000e-06,600,520,1
2.500000000000e-05,600,540,1
1.000000000000e-05,600,540,1
5.000000000000e-06,600,540,1
3.000000000000e-06,600,540,1
2.000000000000e-06,600,540,1
2.500000000000e-05,600,560,1
1.000000000000e-05,600,560,1
5.000000000000e-06,600,560,1
3.000000000000e-06,600,560,1
2.000000000000e-06,600,560,1
2.500000000000e-05,600,580,1
1.000000000000e-05,600,580,1
5.000000000000e-06,600,580,1
3.000000000000e-06,600,580,1
2.000000000000e-06,600,580,1
2.500000000000e-05,600,600,1
1.000000000000e-05,600,600,1
5.000000000000e-06,600,600,1
3.000000000000e-06,600,600,1
2.000000000000e-06,600,600,1
2.500000000000e-05,600,620,1
1.000000000000e-05,600,620,1
5.000000000000e-06,600,620,1
3.000000000000e-06,600,620,1
2.000000000000e-06,600,620,1
2.500000000000e-05,600,640,1
1.000000000000e-05,600,640,1
5.000000000000e-06,600,640,1
3.000000000000e-06,600,640,1
2.000000000000e-06,600,640,1
2.500000000000e-05,600,660,1
1.000000000000e-05,600,660,1
5.000000000000e-06,600,660,1
3.000000000000e-06,600,660,1
2.000000000000e-06,600,660,1
2.500000000000e-05,600,680,1
1.000000000000e-05,600,680,1
5.000000000000e-06,600,680,1
3.000000000000e-06,600,680,1
2.000000000000e-06,600,680,1
2.500000000000e-05,600,700,1
1.000000000000e-05,600,700,1
5.000000000000e-06,600,700,1
3.000000000000e-06,600,700,1
2.000000000000e-06,600,700,1
2.500000000000e-05,600,720,1
1.000000000000e-05,600,720,1
5.000000000000e-06,600,720,1
3.000000000000e-06,600,720,1
2.000000000000e-06,600,720,1
2.500000000000e-05,600,740,1
1.000000000000e-05,600,740,1
5.000000000000e-06,600,740,1
3.000000000000e-06,600,740,1
2.000000000000e-06,600,740,1
2.500000000000e-05,600,760,1
1.000000000000e-05,600,760,1
5.000000000000e-06,600,760,1
3.000000000000e-06,600,760,1
2.000000000000e-06,600,760,1
2.500000000000e-05,600,780,1
1.000000000000e-05,600,780,1
5.000000000000e-06,600,780,1
3.000000000000e-06,600,780,1
2.000000000000e-06,600,780,1
2.500000000000e-05,600,800,1
1.000000000000e-05,600,800,1
5.000000000000e-06,600,800,1
3.000000000000e-06,600,800,1
2.000000000000e-06,600,800,1
2.500000000000e-05,600,820,1
1.000000000000e-05,600,820,1
5.000000000000e-06,600,820,1
3.000000000000e-06,600,820,1
2.000000000000e-06,600,820,1
2.500000000000e-05,600,840,1
1.000000000000e-05,600,840,1
5.000000000000e-06,600,840,1
3.000000000000e-06,600,840,1
2.000000000000e-06,600,840,1
2.500000000000e-05,600,860,1
1.000000000000e-05,600,860,1
5.000000000000e-06,600,860,1
3.000000000000e-06,600,860,1
2.000000000000e-06,600,860,1
2.500000000000e-05,600,880,1
1.000000000000e-05,600,880,1
5.000000000000e-06,600,880,1
3.000000000000e-06,600,880,1
2.000000000000e-06,600,880,1
2.500000000000e-05,600,900,1
1.000000000000e-05,600,900,1
5.000000000000e-06,600,900,1
3.000000000000e-06,600,900,1
2.000000000000e-06,600,900,1
2.500000000000e-05,600,920,1
1.000000000000e-05,600,920,1
5.000000000000e-06,600,920,1
3.000000000000e-06,600,920,1
2.000000000000e-06,600,920,1
2.500000000000e-05,600,940,1
1.000000000000e-05,600,940,1
5.000000000000e-06,600,940,1
3.000000000000e-06,600,940,1
2.000000000000e-06,600,940,1
2.500000000000e-05,600,960,1
1.000000000000e-05,600,960,1
5.000000000000e-06,600,960,1
3.000000000000e-06,600,960,1
2.000000000000e-06,600,960,1
2.500000000000e-05,600,980,1
1.000000000000e-05,600,980,1
5.000000000000e-06,600,980,1
3.000000000000e-06,600,980,1
2.000000000000e-06,600,980,1
2.500000000000e-05,600,1000,1
1.000000000000e-05,600,1000,1
5.000000000000e-06,600,1000,1
3.000000000000e-06,600,1000,1
2.000000000000e-06,600,1000,1
2.500000000000e-05,620,0,1
1.000000000000e-05,620,0,1
5.000000000000e-06,620,0,1
3.000000000000e-06,620,0,1
2.000000000000e-06,620,0,1
2.500000000000e-05,620,20,1
1.000000000000e-05,620,20,1
5.000000000000e-06,620,20,1
3.000000000000e-06,620,20,1
2.000000000000e-06,620,20,1
2.500000000000e-05,620,40,1
1.000000000000e-05,620,40,1
5.000000000000e-06,620,40,1
3.000000000000e-06,620,40,1
2.000000000000e-06,620,40,1
2.500000000000e-05,620,60,1
1.000000000000e-05,620,60,1
5.000000000000e-06,620,60,1
3.000000000000e-06,620,60,1
2.000000000000e-06,620,60,1
2.500000000000e-05,620,80,1
1.000000000000e-05,620,80,1
5.000000000000e-06,620,80,1
3.000000000000e-06,620,80,1
2.000000000000e-06,620,80,1
2.500000000000e-05,620,100,1
1.000000000000e-05,620,100,1
5.000000000000e-06,620,100,1
3.000000000000e-06,620,100,1
2.000000000000e-06,620,100,1
2.500000000000e-05,620,120,1
1.000000000000e-05,620,120,1
5.000000000000e-06,620,120,1
3.000000000000e-06,620,120,1
2.000000000000e-06,620,120,1
2.500000000000e-05,620,140,1
1.000000000000e-05,620,140,1
5.000000000000e-06,620,140,1
3.000000000000e-06,620,140,1
2.000000000000e-06,620,140,1
2.500000000000e-05,620,160,1
1.000000000000e-05,620,160,1
5.000000000000e-06,620,160,1
3.000000000000e-06,620,160,1
2.000000000000e-06,620,160,1
2.500000000000e-05,620,180,1
1.000000000000e-05,620,180,1
5.000000000000e-06,620,180,1
3.000000000000e-06,620,180,1
2.000000000000e-06,620,180,1
2.500000000000e-05,620,200,1
1.000000000000e-05,620,200,1
5.000000000000e-06,620,200,1
3.000000000000e-06,620,200,1
2.000000000000e-06,620,200,1
2.500000000000e-05,620,220,1
1.000000000000e-05,620,220,1
5.000000000000e-06,620,220,1
3.000000000000e-06,620,220,1
2.000000000000e-06,620,220,1
2.500000000000e-05,620,240,1
1.000000000000e-05,620,240,1
5.000000000000e-06,620,240,1
3.000000000000e-06,620,240,1
2.000000000000e-06,620,240,1
2.500000000000e-05,620,260,1
1.000000000000e-05,620,260,1
5.000000000000e-06,620,260,1
3.000000000000e-06,620,260,1
2.000000000000e-06,620,260,1
2.500000000000e-05,620,280,1
1.000000000000e-05,620,280,1
5.000000000000e-06,620,280,1
3.000000000000e-06,620,280,1
2.000000000000e-06,620,280,1
2.500000000000e-05,620,300,1
1.000000000000e-05,620,300,1
5.000000000000e-06,620,300,1
3.000000000000e-06,620,300,1
2.000000000000e-06,620,300,1
2.500000000000e-05,620,320,1
1.000000000000e-05,620,320,1
5.000000000000e-06,620,320,1
3.000000000000e-06,620,320,1
2.000000000000e-06,620,320,1
2.500000000000e-05,620,340,1
1.000000000000e-05,620,340,1
5.000000000000e-06,620,340,1
3.000000000000e-06,620,340,1
2.000000000000e-06,620,340,1
2.500000000000e-05,620,360,1
1.000000000000e-05,620,360,1
5.000000000000e-06,620,360,1
3.000000000000e-06,620,360,1
2.000000000000e-06,620,360,1
2.500000000000e-05,620,380,1
1.000000000000e-05,620,380,1
5.000000000000e-06,620,380,1
3.000000000000e-06,620,380,1
2.000000000000e-06,620,380,1
2.500000000000e-05,620,400,1
1.000000000000e-05,620,400,1
5.000000000000e-06,620,400,1
3.000000000000e-06,620,400,1
2.000000000000e-06,620,400,1
2.500000000000e-05,620,420,1
1.000000000000e-05,620,420,1
5.000000000000e-06,620,420,1
3.000000000000e-06,620,420,1
2.000000000000e-06,620,420,1
2.500000000000e-05,620,440,1
1.000000000000e-05,620,440,1
5.000000000000e-06,620,440,1
3.000000000000e-06,620,440,1
2.000000000000e-06,620,440,1
2.500000000000e-05,620,460,1
1.000000000000e-05,620,460,1
5.000000000000e-06,620,460,1
3.000000000000e-06,620,460,1
2.000000000000e-06,620,460,1
2.500000000000e-05,620,480,1
1.000000000000e-05,620,480,1
5.000000000000e-06,620,480,1
3.000000000000e-06,620,480,1
2.000000000000e-06,620,480,1
2.500000000000e-05,620,500,1
1.000000000000e-05,620,500,1
5.000000000000e-06,620,500,1
3.000000000000e-06,620,500,1
2.000000000000e-06,620,500,1
2.500000000000e-05,620,520,1
1.000000000000e-05,620,520,1
5.000000000000e-06,620,520,1
3.000000000000e-06,620,520,1
2.000000000000e-06,620,520,1
2.500000000000e-05,620,540,1
1.000000000000e-05,620,540,1
5.000000000000e-06,620,540,1
3.000000000000e-06,620,540,1
2.000000000000e-06,620,540,1
2.500000000000e-05,620,560,1
1.000000000000e-05,620,560,1
5.000000000000e-06,620,560,1
3.000000000000e-06,620,560,1
2.000000000000e-06,620,560,1
2.500000000000e-05,620,580,1
1.000000000000e-05,620,580,1
5.000000000000e-06,620,580,1
3.000000000000e-06,620,580,1
2.000000000000e-06,620,580,1
2.500000000000e-05,620,600,1
1.000000000000e-05,620,600,1
5.000000000000e-06,620,600,1
3.000000000000e-06,620,600,1
2.000000000000e-06,620,600,1
2.500000000000e-05,620,620,1
1.000000000000e-05,620,620,1
5.000000000000e-06,620,620,1
3.000000000000e-06,620,620,1
2.000000000000e-06,620,620,1
2.500000000000e-05,620,640,1
1.000000000000e-05,620,640,1
5.000000000000e-06,620,640,1
3.000000000000e-06,620,640,1
2.000000000000e-06,620,640,1
2.500000000000e-05,620,660,1
1.000000000000e-05,620,660,1
5.000000000000e-06,620,660,1
3.000000000000e-06,620,660,1
2.000000000000e-06,620,660,1
2.500000000000e-05,620,680,1
1.000000000000e-05,620,680,1
5.000000000000e-06,620,680,1
3.000000000000e-06,620,680,1
2.000000000000e-06,620,680,1
2.500000000000e-05,620,700,1
1.000000000000e-05,620,700,1
5.000000000000e-06,620,700,1
3.000000000000e-06,620,700,1
2.000000000000e-06,620,700,1
2.500000000000e-05,620,720,1
1.000000000000e-05,620,720,1
5.000000000000e-06,620,720,1
3.000000000000e-06,620,720,1
2.000000000000e-06,620,720,1
2.500000000000e-05,620,740,1
1.000000000000e-05,620,740,1
5.000000000000e-06,620,740,1
3.000000000000e-06,620,740,1
2.000000000000e-06,620,740,1
2.500000000000e-05,620,760,1
1.000000000000e-05,620,760,1
5.000000000000e-06,620,760,1
3.000000000000e-06,620,760,1
2.000000000000e-06,620,760,1
2.500000000000e-05,620,780,1
1.000000000000e-05,620,780,1
5.000000000000e-06,620,780,1
3.000000000000e-06,620,780,1
2.000000000000e-06,620,780,1
2.500000000000e-05,620,800,1
1.000000000000e-05,620,800,1
5.000000000000e-06,620,800,1
3.000000000000e-06,620,800,1
2.000000000000e-06,620,800,1
2.500000000000e-05,620,820,1
1.000000000000e-05,620,820,1
5.000000000000e-06,620,820,1
3.000000000000e-06,620,820,1
2.000000000000e-06,620,820,1
2.500000000000e-05,620,840,1
1.000000000000e-05,620,840,1
5.000000000000e-06,620,840,1
3.000000000000e-06,620,840,1
2.000000000000e-06,620,840,1
2.500000000000e-05,620,860,1
1.000000000000e-05,620,860,1
5.000000000000e-06,620,860,1
3.000000000000e-06,620,860,1
2.000000000000e-06,620,860,1
2.500000000000e-05,620,880,1
1.000000000000e-05,620,880,1
5.000000000000e-06,620,880,1
3.000000000000e-06,620,880,1
2.000000000000e-06,620,880,1
2.500000000000e-05,620,900,1
1.000000000000e-05,620,900,1
5.000000000000e-06,620,900,1
3.000000000000e-06,620,900,1
2.000000000000e-06,620,900,1
2.500000000000e-05,620,920,1
1.000000000000e-05,620,920,1
5.000000000000e-06,620,920,1
3.000000000000e-06,620,920,1
2.000000000000e-06,620,920,1
2.500000000000e-05,620,940,1
1.000000000000e-05,620,940,1
5.000000000000e-06,620,940,1
3.000000000000e-06,620,940,1
2.000000000000e-06,620,940,1
2.500000000000e-05,620,960,1
1.000000000000e-05,620,960,1
5.000000000000e-06,620,960,1
3.000000000000e-06,620,960,1
2.000000000000e-06,620,960,1
2.500000000000e-05,620,980,1
1.000000000000e-05,620,980,1
5.000000000000e-06,620,980,1
3.000000000000e-06,620,980,1
2.000000000000e-06,620,980,1
2.500000000000e-05,620,1000,1
1.000000000000e-05,620,1000,1
5.000000000000e-06,620,1000,1
3.000000000000e-06,620,1000,1
2.000000000000e-06,620,1000,1
2.500000000000e-05,640,0,1
1.000000000000e-05,640,0,1
5.000000000000e-06,640,0,1
3.000000000000e-06,640,0,1
2.000000000000e-06,640,0,1
2.500000000000e-05,640,20,1
1.000000000000e-05,640,20,1
5.000000000000e-06,640,20,1
3.000000000000e-06,640,20,1
2.000000000000e-06,640,20,1
2.500000000000e-05,640,40,1
1.000000000000e-05,640,40,1
5.000000000000e-06,640,40,1
3.000000000000e-06,640,40,1
2.000000000000e-06,640,40,1
2.500000000000e-05,640,60,1
1.000000000000e-05,640,60,1
5.000000000000e-06,640,60,1
3.000000000000e-06,640,60,1
2.000000000000e-06,640,60,1
2.500000000000e-05,640,80,1
1.000000000000e-05,640,80,1
5.000000000000e-06,640,80,1
3.000000000000e-06,640,80,1
2.000000000000e-06,640,80,1
2.500000000000e-05,640,100,1
1.000000000000e-05,640,100,1
5.000000000000e-06,640,100,1
3.000000000000e-06,640,100,1
2.000000000000e-06,640,100,1
2.500000000000e-05,640,120,1
1.000000000000e-05,640,120,1
5.000000000000e-06,640,120,1
3.000000000000e-06,640,120,1
2.000000000000e-06,640,120,1
2.500000000000e-05,640,140,1
1.000000000000e-05,640,140,1
5.000000000000e-06,640,140,1
3.000000000000e-06,640,140,1
2.000000000000e-06,640,140,1
2.500000000000e-05,640,160,1
1.000000000000e-05,640,160,1
5.000000000000e-06,640,160,1
3.000000000000e-06,640,160,1
2.000000000000e-06,640,160,1
2.500000000000e-05,640,180,1
1.000000000000e-05,640,180,1
5.000000000000e-06,640,180,1
3.000000000000e-06,640,180,1
2.000000000000e-06,640,180,1
2.500000000000e-05,640,200,1
1.000000000000e-05,640,200,1
5.000000000000e-06,640,200,1
3.000000000000e-06,640,200,1
2.000000000000e-06,640,200,1
2.500000000000e-05,640,220,1
1.000000000000e-05,640,220,1
5.000000000000e-06,640,220,1
3.000000000000e-06,640,220,1
2.000000000000e-06,640,220,1
2.500000000000e-05,640,240,1
1.000000000000e-05,640,240,1
5.000000000000e-06,640,240,1
3.000000000000e-06,640,240,1
2.000000000000e-06,640,240,1
2.500000000000e-05,640,260,1
1.000000000000e-05,640,260,1
5.000000000000e-06,640,260,1
3.000000000000e-06,640,260,1
2.000000000000e-06,640,260,1
2.500000000000e-05,640,280,1
1.000000000000e-05,640,280,1
5.000000000000e-06,640,280,1
3.000000000000e-06,640,280,1
2.000000000000e-06,640,280,1
2.500000000000e-05,640,300,1
1.000000000000e-05,640,300,1
5.000000000000e-06,640,300,1
3.000000000000e-06,640,300,1
2.000000000000e-06,640,300,1
2.500000000000e-05,640,320,1
1.000000000000e-05,640,320,1
5.000000000000e-06,640,320,1
3.000000000000e-06,640,320,1
2.000000000000e-06,640,320,1
2.500000000000e-05,640,340,1
1.000000000000e-05,640,340,1
5.000000000000e-06,640,340,1
3.000000000000e-06,640,340,1
2.000000000000e-06,640,340,1
2.500000000000e-05,640,360,1
1.000000000000e-05,640,360,1
5.000000000000e-06,640,360,1
3.000000000000e-06,640,360,1
2.000000000000e-06,640,360,1
2.500000000000e-05,640,380,1
1.000000000000e-05,640,380,1
5.000000000000e-06,640,380,1
3.000000000000e-06,640,380,1
2.000000000000e-06,640,380,1
2.500000000000e-05,640,400,1
1.000000000000e-05,640,400,1
5.000000000000e-06,640,400,1
3.000000000000e-06,640,400,1
2.000000000000e-06,640,400,1
2.500000000000e-05,640,420,1
1.000000000000e-05,640,420,1
5.000000000000e-06,640,420,1
3.000000000000e-06,640,420,1
2.000000000000e-06,640,420,1
2.500000000000e-05,640,440,1
1.000000000000e-05,640,440,1
5.000000000000e-06,640,440,1
3.000000000000e-06,640,440,1
2.000000000000e-06,640,440,1
2.500000000000e-05,640,460,1
1.000000000000e-05,640,460,1
5.000000000000e-06,640,460,1
3.000000000000e-06,640,460,1
2.000000000000e-06,640,460,1
2.500000000000e-05,640,480,1
1.000000000000e-05,640,480,1
5.000000000000e-06,640,480,1
3.000000000000e-06,640,480,1
2.000000000000e-06,640,480,1
2.500000000000e-05,640,500,1
1.000000000000e-05,640,500,1
5.000000000000e-06,640,500,1
3.000000000000e-06,640,500,1
2.000000000000e-06,640,500,1
2.500000000000e-05,640,520,1
1.000000000000e-05,640,520,1
5.000000000000e-06,640,520,1
3.000000000000e-06,640,520,1
2.000000000000e-06,640,520,1
2.500000000000e-05,640,540,1
1.000000000000e-05,640,540,1
5.000000000000e-06,640,540,1
3.000000000000e-06,640,540,1
2.000000000000e-06,640,540,1
2.500000000000e-05,640,560,1
1.000000000000e-05,640,560,1
5.000000000000e-06,640,560,1
3.000000000000e-06,640,560,1
2.000000000000e-06,640,560,1
2.500000000000e-05,640,580,1
1.000000000000e-05,640,580,1
5.000000000000e-06,640,580,1
3.000000000000e-06,640,580,1
2.000000000000e-06,640,580,1
2.500000000000e-05,640,600,1
1.000000000000e-05,640,600,1
5.000000000000e-06,640,600,1
3.000000000000e-06,640,600,1
2.000000000000e-06,640,600,1
2.500000000000e-05,640,620,1
1.000000000000e-05,640,620,1
5.000000000000e-06,640,620,1
3.000000000000e-06,640,620,1
2.000000000000e-06,640,620,1
2.500000000000e-05,640,640,1
1.000000000000e-05,640,640,1
5.000000000000e-06,640,640,1
3.000000000000e-06,640,640,1
2.000000000000e-06,640,640,1
2.500000000000e-05,640,660,1
1.000000000000e-05,640,660,1
5.000000000000e-06,640,660,1
3.000000000000e-06,640,660,1
2.000000000000e-06,640,660,1
2.500000000000e-05,640,680,1
1.000000000000e-05,640,680,1
5.000000000000e-06,640,680,1
3.000000000000e-06,640,680,1
2.000000000000e-06,640,680,1
2.500000000000e-05,640,700,1
1.000000000000e-05,640,700,1
5.000000000000e-06,640,700,1
3.000000000000e-06,640,700,1
2.000000000000e-06,640,700,1
2.500000000000e-05,640,720,1
1.000000000000e-05,640,720,1
5.000000000000e-06,640,720,1
3.000000000000e-06,640,720,1
2.000000000000e-06,640,720,1
2.500000000000e-05,640,740,1
1.000000000000e-05,640,740,1
5.000000000000e-06,640,740,1
3.000000000000e-06,640,740,1
2.000000000000e-06,640,740,1
2.500000000000e-05,640,760,1
1.000000000000e-05,640,760,1
5.000000000000e-06,640,760,1
3.000000000000e-06,640,760,1
2.000000000000e-06,640,760,1
2.500000000000e-05,640,780,1
1.000000000000e-05,640,780,1
5.000000000000e-06,640,780,1
3.000000000000e-06,640,780,1
2.000000000000e-06,640,780,1
2.500000000000e-05,640,800,1
1.000000000000e-05,640,800,1
5.000000000000e-06,640,800,1
3.000000000000e-06,640,800,1
2.000000000000e-06,640,800,1
2.500000000000e-05,640,820,1
1.000000000000e-05,640,820,1
5.000000000000e-06,640,820,1
3.000000000000e-06,640,820,1
2.000000000000e-06,640,820,1
2.500000000000e-05,640,840,1
1.000000000000e-05,640,840,1
5.000000000000e-06,640,840,1
3.000000000000e-06,640,840,1
2.000000000000e-06,640,840,1
2.500000000000e-05,640,860,1
1.000000000000e-05,640,860,1
5.000000000000e-06,640,860,1
3.000000000000e-06,640,860,1
2.000000000000e-06,640,860,1
2.500000000000e-05,640,880,1
1.000000000000e-05,640,880,1
5.000000000000e-06,640,880,1
3.000000000000e-06,640,880,1
2.000000000000e-06,640,880,1
2.500000000000e-05,640,900,1
1.000000000000e-05,640,900,1
5.000000000000e-06,640,900,1
3.000000000000e-06,640,900,1
2.000000000000e-06,640,900,1
2.500000000000e-05,640,920,1
1.000000000000e-05,640,920,1
5.000000000000e-06,640,920,1
3.000000000000e-06,640,920,1
2.000000000000e-06,640,920,1
2.500000000000e-05,640,940,1
1.000000000000e-05,640,940,1
5.000000000000e-06,640,940,1
3.000000000000e-06,640,940,1
2.000000000000e-06,640,940,1
2.500000000000e-05,640,960,1
1.000000000000e-05,640,960,1
5.000000000000e-06,640,960,1
3.000000000000e-06,640,960,1
2.000000000000e-06,640,960,1
2.500000000000e-05,640,980,1
1.000000000000e-05,640,980,1
5.000000000000e-06,640,980,1
3.000000000000e-06,640,980,1
2.000000000000e-06,640,980,1
2.500000000000e-05,640,1000,1
1.000000000000e-05,640,1000,1
5.000000000000e-06,640,1000,1
3.000000000000e-06,640,1000,1
2.000000000000e-06,640,1000,1
2.500000000000e-05,660,0,1
1.000000000000e-05,660,0,1
5.000000000000e-06,660,0,1
3.000000000000e-06,660,0,1
2.000000000000e-06,660,0,1
2.500000000000e-05,660,20,1
1.000000000000e-05,660,20,1
5.000000000000e-06,660,20,1
3.000000000000e-06,660,20,1
2.000000000000e-06,660,20,1
2.500000000000e-05,660,40,1
1.000000000000e-05,660,40,1
5.000000000000e-06,660,40,1
3.000000000000e-06,660,40,1
2.000000000000e-06,660,40,1
2.500000000000e-05,660,60,1
1.000000000000e-05,660,60,1
5.000000000000e-06,660,60,1
3.000000000000e-06,660,60,1
2.000000000000e-06,660,60,1
2.500000000000e-05,660,80,1
1.000000000000e-05,660,80,1
5.000000000000e-06,660,80,1
3.000000000000e-06,660,80,1
2.000000000000e-06,660,80,1
2.500000000000e-05,660,100,1
1.000000000000e-05,660,100,1
5.000000000000e-06,660,100,1
3.000000000000e-06,660,100,1
2.000000000000e-06,660,100,1
2.500000000000e-05,660,120,1
1.000000000000e-05,660,120,1
5.000000000000e-06,660,120,1
3.000000000000e-06,660,120,1
2.000000000000e-06,660,120,1
2.500000000000e-05,660,140,1
1.000000000000e-05,660,140,1
5.000000000000e-06,660,140,1
3.000000000000e-06,660,140,1
2.000000000000e-06,660,140,1
2.500000000000e-05,660,160,1
1.000000000000e-05,660,160,1
5.000000000000e-06,660,160,1
3.000000000000e-06,660,160,1
2.000000000000e-06,660,160,1
2.500000000000e-05,660,180,1
1.000000000000e-05,660,180,1
5.000000000000e-06,660,180,1
3.000000000000e-06,660,180,1
2.000000000000e-06,660,180,1
2.500000000000e-05,660,200,1
1.000000000000e-05,660,200,1
5.000000000000e-06,660,200,1
3.000000000000e-06,660,200,1
2.000000000000e-06,660,200,1
2.500000000000e-05,660,220,1
1.000000000000e-05,660,220,1
5.000000000000e-06,660,220,1
3.000000000000e-06,660,220,1
2.000000000000e-06,660,220,1
2.500000000000e-05,660,240,1
1.000000000000e-05,660,240,1
5.000000000000e-06,660,240,1
3.000000000000e-06,660,240,1
2.000000000000e-06,660,240,1
2.500000000000e-05,660,260,1
1.000000000000e-05,660,260,1
5.000000000000e-06,660,260,1
3.000000000000e-06,660,260,1
2.000000000000e-06,660,260,1
2.500000000000e-05,660,280,1
1.000000000000e-05,660,280,1
5.000000000000e-06,660,280,1
3.000000000000e-06,660,280,1
2.000000000000e-06,660,280,1
2.500000000000e-05,660,300,1
1.000000000000e-05,660,300,1
5.000000000000e-06,660,300,1
3.000000000000e-06,660,300,1
2.000000000000e-06,660,300,1
2.500000000000e-05,660,320,1
1.000000000000e-05,660,320,1
5.000000000000e-06,660,320,1
3.000000000000e-06,660,320,1
2.000000000000e-06,660,320,1
2.500000000000e-05,660,340,1
1.000000000000e-05,660,340,1
5.000000000000e-06,660,340,1
3.000000000000e-06,660,340,1
2.000000000000e-06,660,340,1
2.500000000000e-05,660,360,1
1.000000000000e-05,660,360,1
5.000000000000e-06,660,360,1
3.000000000000e-06,660,360,1
2.000000000000e-06,660,360,1
2.500000000000e-05,660,380,1
1.000000000000e-05,660,380,1
5.000000000000e-06,660,380,1
3.000000000000e-06,660,380,1
2.000000000000e-06,660,380,1
2.500000000000e-05,660,400,1
1.000000000000e-05,660,400,1
5.000000000000e-06,660,400,1
3.000000000000e-06,660,400,1
2.000000000000e-06,660,400,1
2.500000000000e-05,660,420,1
1.000000000000e-05,660,420,1
5.000000000000e-06,660,420,1
3.000000000000e-06,660,420,1
2.000000000000e-06,660,420,1
2.500000000000e-05,660,440,1
1.000000000000e-05,660,440,1
5.000000000000e-06,660,440,1
3.000000000000e-06,660,440,1
2.000000000000e-06,660,440,1
2.500000000000e-05,660,460,1
1.000000000000e-05,660,460,1
5.000000000000e-06,660,460,1
3.000000000000e-06,660,460,1
2.000000000000e-06,660,460,1
2.500000000000e-05,660,480,1
1.000000000000e-05,660,480,1
5.000000000000e-06,660,480,1
3.000000000000e-06,660,480,1
2.000000000000e-06,660,480,1
2.500000000000e-05,660,500,1
1.000000000000e-05,660,500,1
5.000000000000e-06,660,500,1
3.000000000000e-06,660,500,1
2.000000000000e-06,660,500,1
2.500000000000e-05,660,520,1
1.000000000000e-05,660,520,1
5.000000000000e-06,660,520,1
3.000000000000e-06,660,520,1
2.000000000000e-06,660,520,1
2.500000000000e-05,660,540,1
1.000000000000e-05,660,540,1
5.000000000000e-06,660,540,1
3.000000000000e-06,660,540,1
2.000000000000e-06,660,540,1
2.500000000000e-05,660,560,1
1.000000000000e-05,660,560,1
5.000000000000e-06,660,560,1
3.000000000000e-06,660,560,1
2.000000000000e-06,660,560,1
2.500000000000e-05,660,580,1
1.000000000000e-05,660,580,1
5.000000000000e-06,660,580,1
3.000000000000e-06,660,580,1
2.000000000000e-06,660,580,1
2.500000000000e-05,660,600,1
1.000000000000e-05,660,600,1
5.000000000000e-06,660,600,1
3.000000000000e-06,660,600,1
2.000000000000e-06,660,600,1
2.500000000000e-05,660,620,1
1.000000000000e-05,660,620,1
5.000000000000e-06,660,620,1
3.000000000000e-06,660,620,1
2.000000000000e-06,660,620,1
2.500000000000e-05,660,640,1
1.000000000000e-05,660,640,1
5.000000000000e-06,660,640,1
3.000000000000e-06,660,640,1
2.000000000000e-06,660,640,1
2.500000000000e-05,660,660,1
1.000000000000e-05,660,660,1
5.000000000000e-06,660,660,1
3.000000000000e-06,660,660,1
2.000000000000e-06,660,660,1
2.500000000000e-05,660,680,1
1.000000000000e-05,660,680,1
5.000000000000e-06,660,680,1
3.000000000000e-06,660,680,1
2.000000000000e-06,660,680,1
2.500000000000e-05,660,700,1
1.000000000000e-05,660,700,1
5.000000000000e-06,660,700,1
3.000000000000e-06,660,700,1
2.000000000000e-06,660,700,1
2.500000000000e-05,660,720,1
1.000000000000e-05,660,720,1
5.000000000000e-06,660,720,1
3.000000000000e-06,660,720,1
2.000000000000e-06,660,720,1
2.500000000000e-05,660,740,1
1.000000000000e-05,660,740,1
5.000000000000e-06,660,740,1
3.000000000000e-06,660,740,1
2.000000000000e-06,660,740,1
2.500000000000e-05,660,760,1
1.000000000000e-05,660,760,1
5.000000000000e-06,660,760,1
3.000000000000e-06,660,760,1
2.000000000000e-06,660,760,1
2.500000000000e-05,660,780,1
1.000000000000e-05,660,780,1
5.000000000000e-06,660,780,1
3.000000000000e-06,660,780,1
2.000000000000e-06,660,780,1
2.500000000000e-05,660,800,1
1.000000000000e-05,660,800,1
5.000000000000e-06,660,800,1
3.000000000000e-06,660,800,1
2.000000000000e-06,660,800,1
2.500000000000e-05,660,820,1
1.000000000000e-05,660,820,1
5.000000000000e-06,660,820,1
3.000000000000e-06,660,820,1
2.000000000000e-06,660,820,1
2.500000000000e-05,660,840,1
1.000000000000e-05,660,840,1
5.000000000000e-06,660,840,1
3.000000000000e-06,660,840,1
2.000000000000e-06,660,840,1
2.500000000000e-05,660,860,1
1.000000000000e-05,660,860,1
5.000000000000e-06,660,860,1
3.000000000000e-06,660,860,1
2.000000000000e-06,660,860,1
2.500000000000e-05,660,880,1
1.000000000000e-05,660,880,1
5.000000000000e-06,660,880,1
3.000000000000e-06,660,880,1
2.000000000000e-06,660,880,1
2.500000000000e-05,660,900,1
1.000000000000e-05,660,900,1
5.000000000000e-06,660,900,1
3.000000000000e-06,660,900,1
2.000000000000e-06,660,900,1
2.500000000000e-05,660,920,1
1.000000000000e-05,660,920,1
5.000000000000e-06,660,920,1
3.000000000000e-06,660,920,1
2.000000000000e-06,660,920,1
2.500000000000e-05,660,940,1
1.000000000000e-05,660,940,1
5.000000000000e-06,660,940,1
3.000000000000e-06,660,940,1
2.000000000000e-06,660,940,1
2.500000000000e-05,660,960,1
1.000000000000e-05,660,960,1
5.000000000000e-06,660,960,1
3.000000000000e-06,660,960,1
2.000000000000e-06,660,960,1
2.500000000000e-05,660,980,1
1.000000000000e-05,660,980,1
5.000000000000e-06,660,980,1
3.000000000000e-06,660,980,1
2.000000000000e-06,660,980,1
2.500000000000e-05,660,1000,1
1.000000000000e-05,660,1000,1
5.000000000000e-06,660,1000,1
3.000000000000e-06,660,1000,1
2.000000000000e-06,660,1000,1
2.500000000000e-05,680,0,1
1.000000000000e-05,680,0,1
5.000000000000e-06,680,0,1
3.000000000000e-06,680,0,1
2.000000000000e-06,680,0,1
2.500000000000e-05,680,20,1
1.000000000000e-05,680,20,1
5.000000000000e-06,680,20,1
3.000000000000e-06,680,20,1
2.000000000000e-06,680,20,1
2.500000000000e-05,680,40,1
1.000000000000e-05,680,40,1
5.000000000000e-06,680,40,1
3.000000000000e-06,680,40,1
2.000000000000e-06,680,40,1
2.500000000000e-05,680,60,1
1.000000000000e-05,680,60,1
5.000000000000e-06,680,60,1
3.000000000000e-06,680,60,1
2.000000000000e-06,680,60,1
2.500000000000e-05,680,80,1
1.000000000000e-05,680,80,1
5.000000000000e-06,680,80,1
3.000000000000e-06,680,80,1
2.000000000000e-06,680,80,1
2.500000000000e-05,680,100,1
1.000000000000e-05,680,100,1
5.000000000000e-06,680,100,1
3.000000000000e-06,680,100,1
2.000000000000e-06,680,100,1
2.500000000000e-05,680,120,1
1.000000000000e-05,680,120,1
5.000000000000e-06,680,120,1
3.000000000000e-06,680,120,1
2.000000000000e-06,680,120,1
2.500000000000e-05,680,140,1
1.000000000000e-05,680,140,1
5.000000000000e-06,680,140,1
3.000000000000e-06,680,140,1
2.000000000000e-06,680,140,1
2.500000000000e-05,680,160,1
1.000000000000e-05,680,160,1
5.000000000000e-06,680,160,1
3.000000000000e-06,680,160,1
2.000000000000e-06,680,160,1
2.500000000000e-05,680,180,1
1.000000000000e-05,680,180,1
5.000000000000e-06,680,180,1
3.000000000000e-06,680,180,1
2.000000000000e-06,680,180,1
2.500000000000e-05,680,200,1
1.000000000000e-05,680,200,1
5.000000000000e-06,680,200,1
3.000000000000e-06,680,200,1
2.000000000000e-06,680,200,1
2.500000000000e-05,680,220,1
1.000000000000e-05,680,220,1
5.000000000000e-06,680,220,1
3.000000000000e-06,680,220,1
2.000000000000e-06,680,220,1
2.500000000000e-05,680,240,1
1.000000000000e-05,680,240,1
5.000000000000e-06,680,240,1
3.000000000000e-06,680,240,1
2.000000000000e-06,680,240,1
2.500000000000e-05,680,260,1
1.000000000000e-05,680,260,1
5.000000000000e-06,680,260,1
3.000000000000e-06,680,260,1
2.000000000000e-06,680,260,1
2.500000000000e-05,680,280,1
1.000000000000e-05,680,280,1
5.000000000000e-06,680,280,1
3.000000000000e-06,680,280,1
2.000000000000e-06,680,280,1
2.500000000000e-05,680,300,1
1.000000000000e-05,680,300,1
5.000000000000e-06,680,300,1
3.000000000000e-06,680,300,1
2.000000000000e-06,680,300,1
2.500000000000e-05,680,320,1
1.000000000000e-05,680,320,1
5.000000000000e-06,680,320,1
3.000000000000e-06,680,320,1
2.000000000000e-06,680,320,1
2.500000000000e-05,680,340,1
1.000000000000e-05,680,340,1
5.000000000000e-06,680,340,1
3.000000000000e-06,680,340,1
2.000000000000e-06,680,340,1
2.500000000000e-05,680,360,1
1.000000000000e-05,680,360,1
5.000000000000e-06,680,360,1
3.000000000000e-06,680,360,1
2.000000000000e-06,680,360,1
2.500000000000e-05,680,380,1
1.000000000000e-05,680,380,1
5.000000000000e-06,680,380,1
3.000000000000e-06,680,380,1
2.000000000000e-06,680,380,1
2.500000000000e-05,680,400,1
1.000000000000e-05,680,400,1
5.000000000000e-06,680,400,1
3.000000000000e-06,680,400,1
2.000000000000e-06,680,400,1
2.500000000000e-05,680,420,1
1.000000000000e-05,680,420,1
5.000000000000e-06,680,420,1
3.000000000000e-06,680,420,1
2.000000000000e-06,680,420,1
2.500000000000e-05,680,440,1
1.000000000000e-05,680,440,1
5.000000000000e-06,680,440,1
3.000000000000e-06,680,440,1
2.000000000000e-06,680,440,1
2.500000000000e-05,680,460,1
1.000000000000e-05,680,460,1
5.000000000000e-06,680,460,1
3.000000000000e-06,680,460,1
2.000000000000e-06,680,460,1
2.500000000000e-05,680,480,1
1.000000000000e-05,680,480,1
5.000000000000e-06,680,480,1
3.000000000000e-06,680,480,1
2.000000000000e-06,680,480,1
2.500000000000e-05,680,500,1
1.000000000000e-05,680,500,1
5.000000000000e-06,680,500,1
3.000000000000e-06,680,500,1
2.000000000000e-06,680,500,1
2.500000000000e-05,680,520,1
1.000000000000e-05,680,520,1
5.000000000000e-06,680,520,1
3.000000000000e-06,680,520,1
2.000000000000e-06,680,520,1
2.500000000000e-05,680,540,1
1.000000000000e-05,680,540,1
5.000000000000e-06,680,540,1
3.000000000000e-06,680,540,1
2.000000000000e-06,680,540,1
2.500000000000e-05,680,560,1
1.000000000000e-05,680,560,1
5.000000000000e-06,680,560,1
3.000000000000e-06,680,560,1
2.000000000000e-06,680,560,1
2.500000000000e-05,680,580,1
1.000000000000e-05,680,580,1
5.000000000000e-06,680,580,1
3.000000000000e-06,680,580,1
2.000000000000e-06,680,580,1
2.500000000000e-05,680,600,1
1.000000000000e-05,680,600,1
5.000000000000e-06,680,600,1
3.000000000000e-06,680,600,1
2.000000000000e-06,680,600,1
2.500000000000e-05,680,620,1
1.000000000000e-05,680,620,1
5.000000000000e-06,680,620,1
3.000000000000e-06,680,620,1
2.000000000000e-06,680,620,1
2.500000000000e-05,680,640,1
1.000000000000e-05,680,640,1
5.000000000000e-06,680,640,1
3.000000000000e-06,680,640,1
2.000000000000e-06,680,640,1
2.500000000000e-05,680,660,1
1.000000000000e-05,680,660,1
5.000000000000e-06,680,660,1
3.000000000000e-06,680,660,1
2.000000000000e-06,680,660,1
2.500000000000e-05,680,680,1
1.000000000000e-05,680,680,1
5.000000000000e-06,680,680,1
3.000000000000e-06,680,680,1
2.000000000000e-06,680,680,1
2.500000000000e-05,680,700,1
1.000000000000e-05,680,700,1
5.000000000000e-06,680,700,1
3.000000000000e-06,680,700,1
2.000000000000e-06,680,700,1
2.500000000000e-05,680,720,1
1.000000000000e-05,680,720,1
5.000000000000e-06,680,720,1
3.000000000000e-06,680,720,1
2.000000000000e-06,680,720,1
2.500000000000e-05,680,740,1
1.000000000000e-05,680,740,1
5.000000000000e-06,680,740,1
3.000000000000e-06,680,740,1
2.000000000000e-06,680,740,1
2.500000000000e-05,680,760,1
1.000000000000e-05,680,760,1
5.000000000000e-06,680,760,1
3.000000000000e-06,680,760,1
2.000000000000e-06,680,760,1
2.500000000000e-05,680,780,1
1.000000000000e-05,680,780,1
5.000000000000e-06,680,780,1
3.000000000000e-06,680,780,1
2.000000000000e-06,680,780,1
2.500000000000e-05,680,800,1
1.000000000000e-05,680,800,1
5.000000000000e-06,680,800,1
3.000000000000e-06,680,800,1
2.000000000000e-06,680,800,1
2.500000000000e-05,680,820,1
1.000000000000e-05,680,820,1
5.000000000000e-06,680,820,1
3.000000000000e-06,680,820,1
2.000000000000e-06,680,820,1
2.500000000000e-05,680,840,1
1.000000000000e-05,680,840,1
5.000000000000e-06,680,840,1
3.000000000000e-06,680,840,1
2.000000000000e-06,680,840,1
2.500000000000e-05,680,860,1
1.000000000000e-05,680,860,1
5.000000000000e-06,680,860,1
3.000000000000e-06,680,860,1
2.000000000000e-06,680,860,1
2.500000000000e-05,680,880,1
1.000000000000e-05,680,880,1
5.000000000000e-06,680,880,1
3.000000000000e-06,680,880,1
2.000000000000e-06,680,880,1
2.500000000000e-05,680,900,1
1.000000000000e-05,680,900,1
5.000000000000e-06,680,900,1
3.000000000000e-06,680,900,1
2.000000000000e-06,680,900,1
2.500000000000e-05,680,920,1
1.000000000000e-05,680,920,1
5.000000000000e-06,680,920,1
3.000000000000e-06,680,920,1
2.000000000000e-06,680,920,1
2.500000000000e-05,680,940,1
1.000000000000e-05,680,940,1
5.000000000000e-06,680,940,1
3.000000000000e-06,680,940,1
2.000000000000e-06,680,940,1
2.500000000000e-05,680,960,1
1.000000000000e-05,680,960,1
5.000000000000e-06,680,960,1
3.000000000000e-06,680,960,1
2.000000000000e-06,680,960,1
2.500000000000e-05,680,980,1
1.000000000000e-05,680,980,1
5.000000000000e-06,680,980,1
3.000000000000e-06,680,980,1
2.000000000000e-06,680,980,1
2.500000000000e-05,680,1000,1
1.000000000000e-05,680,1000,1
5.000000000000e-06,680,1000,1
3.000000000000e-06,680,1000,1
2.000000000000e-06,680,1000,1
2.500000000000e-05,700,0,1
1.000000000000e-05,700,0,1
5.000000000000e-06,700,0,1
3.000000000000e-06,700,0,1
2.000000000000e-06,700,0,1
2.500000000000e-05,700,20,1
1.000000000000e-05,700,20,1
5.000000000000e-06,700,20,1
3.000000000000e-06,700,20,1
2.000000000000e-06,700,20,1
2.500000000000e-05,700,40,1
1.000000000000e-05,700,40,1
5.000000000000e-06,700,40,1
3.000000000000e-06,700,40,1
2.000000000000e-06,700,40,1
2.500000000000e-05,700,60,1
1.000000000000e-05,700,60,1
5.000000000000e-06,700,60,1
3.000000000000e-06,700,60,1
2.000000000000e-06,700,60,1
2.500000000000e-05,700,80,1
1.000000000000e-05,700,80,1
5.000000000000e-06,700,80,1
3.000000000000e-06,700,80,1
2.000000000000e-06,700,80,1
2.500000000000e-05,700,100,1
1.000000000000e-05,700,100,1
5.000000000000e-06,700,100,1
3.000000000000e-06,700,100,1
2.000000000000e-06,700,100,1
2.500000000000e-05,700,120,1
1.000000000000e-05,700,120,1
5.000000000000e-06,700,120,1
3.000000000000e-06,700,120,1
2.000000000000e-06,700,120,1
2.500000000000e-05,700,140,1
1.000000000000e-05,700,140,1
5.000000000000e-06,700,140,1
3.000000000000e-06,700,140,1
2.000000000000e-06,700,140,1
2.500000000000e-05,700,160,1
1.000000000000e-05,700,160,1
5.000000000000e-06,700,160,1
3.000000000000e-06,700,160,1
2.000000000000e-06,700,160,1
2.500000000000e-05,700,180,1
1.000000000000e-05,700,180,1
5.000000000000e-06,700,180,1
3.000000000000e-06,700,180,1
2.000000000000e-06,700,180,1
2.500000000000e-05,700,200,1
1.000000000000e-05,700,200,1
5.000000000000e-06,700,200,1
3.000000000000e-06,700,200,1
2.000000000000e-06,700,200,1
2.500000000000e-05,700,220,1
1.000000000000e-05,700,220,1
5.000000000000e-06,700,220,1
3.000000000000e-06,700,220,1
2.000000000000e-06,700,220,1
2.500000000000e-05,700,240,1
1.000000000000e-05,700,240,1
5.000000000000e-06,700,240,1
3.000000000000e-06,700,240,1
2.000000000000e-06,700,240,1
2.500000000000e-05,700,260,1
1.000000000000e-05,700,260,1
5.000000000000e-06,700,260,1
3.000000000000e-06,700,260,1
2.000000000000e-06,700,260,1
2.500000000000e-05,700,280,1
1.000000000000e-05,700,280,1
5.000000000000e-06,700,280,1
3.000000000000e-06,700,280,1
2.000000000000e-06,700,280,1
2.500000000000e-05,700,300,1
1.000000000000e-05,700,300,1
5.000000000000e-06,700,300,1
3.000000000000e-06,700,300,1
2.000000000000e-06,700,300,1
2.500000000000e-05,700,320,1
1.000000000000e-05,700,320,1
5.000000000000e-06,700,320,1
3.000000000000e-06,700,320,1
2.000000000000e-06,700,320,1
2.500000000000e-05,700,340,1
1.000000000000e-05,700,340,1
5.000000000000e-06,700,340,1
3.000000000000e-06,700,340,1
2.000000000000e-06,700,340,1
2.500000000000e-05,700,360,1
1.000000000000e-05,700,360,1
5.000000000000e-06,700,360,1
3.000000000000e-06,700,360,1
2.000000000000e-06,700,360,1
2.500000000000e-05,700,380,1
1.000000000000e-05,700,380,1
5.000000000000e-06,700,380,1
3.000000000000e-06,700,380,1
2.000000000000e-06,700,380,1
2.500000000000e-05,700,400,1
1.000000000000e-05,700,400,1
5.000000000000e-06,700,400,1
3.000000000000e-06,700,400,1
2.000000000000e-06,700,400,1
2.500000000000e-05,700,420,1
1.000000000000e-05,700,420,1
5.000000000000e-06,700,420,1
3.000000000000e-06,700,420,1
2.000000000000e-06,700,420,1
2.500000000000e-05,700,440,1
1.000000000000e-05,700,440,1
5.000000000000e-06,700,440,1
3.000000000000e-06,700,440,1
2.000000000000e-06,700,440,1
2.500000000000e-05,700,460,1
1.000000000000e-05,700,460,1
5.000000000000e-06,700,460,1
3.000000000000e-06,700,460,1
2.000000000000e-06,700,460,1
2.500000000000e-05,700,480,1
1.000000000000e-05,700,480,1
5.000000000000e-06,700,480,1
3.000000000000e-06,700,480,1
2.000000000000e-06,700,480,1
2.500000000000e-05,700,500,1
1.000000000000e-05,700,500,1
5.000000000000e-06,700,500,1
3.000000000000e-06,700,500,1
2.000000000000e-06,700,500,1
2.500000000000e-05,700,520,1
1.000000000000e-05,700,520,1
5.000000000000e-06,700,520,1
3.000000000000e-06,700,520,1
2.000000000000e-06,700,520,1
2.500000000000e-05,700,540,1
1.000000000000e-05,700,540,1
5.000000000000e-06,700,540,1
3.000000000000e-06,700,540,1
2.000000000000e-06,700,540,1
2.500000000000e-05,700,560,1
1.000000000000e-05,700,560,1
5.000000000000e-06,700,560,1
3.000000000000e-06,700,560,1
2.000000000000e-06,700,560,1
2.500000000000e-05,700,580,1
1.000000000000e-05,700,580,1
5.000000000000e-06,700,580,1
3.000000000000e-06,700,580,1
2.000000000000e-06,700,580,1
2.500000000000e-05,700,600,1
1.000000000000e-05,700,600,1
5.000000000000e-06,700,600,1
3.000000000000e-06,700,600,1
2.000000000000e-06,700,600,1
2.500000000000e-05,700,620,1
1.000000000000e-05,700,620,1
5.000000000000e-06,700,620,1
3.000000000000e-06,700,620,1
2.000000000000e-06,700,620,1
2.500000000000e-05,700,640,1
1.000000000000e-05,700,640,1
5.000000000000e-06,700,640,1
3.000000000000e-06,700,640,1
2.000000000000e-06,700,640,1
2.500000000000e-05,700,660,1
1.000000000000e-05,700,660,1
5.000000000000e-06,700,660,1
3.000000000000e-06,700,660,1
2.000000000000e-06,700,660,1
2.500000000000e-05,700,680,1
1.000000000000e-05,700,680,1
5.000000000000e-06,700,680,1
3.000000000000e-06,700,680,1
2.000000000000e-06,700,680,1
2.500000000000e-05,700,700,1
1.000000000000e-05,700,700,1
5.000000000000e-06,700,700,1
3.000000000000e-06,700,700,1
2.000000000000e-06,700,700,1
2.500000000000e-05,700,720,1
1.000000000000e-05,700,720,1
5.000000000000e-06,700,720,1
3.000000000000e-06,700,720,1
2.000000000000e-06,700,720,1
2.500000000000e-05,700,740,1
1.000000000000e-05,700,740,1
5.000000000000e-06,700,740,1
3.000000000000e-06,700,740,1
2.000000000000e-06,700,740,1
2.500000000000e-05,700,760,1
1.000000000000e-05,700,760,1
5.000000000000e-06,700,760,1
3.000000000000e-06,700,760,1
2.000000000000e-06,700,760,1
2.500000000000e-05,700,780,1
1.000000000000e-05,700,780,1
5.000000000000e-06,700,780,1
3.000000000000e-06,700,780,1
2.000000000000e-06,700,780,1
2.500000000000e-05,700,800,1
1.000000000000e-05,700,800,1
5.000000000000e-06,700,800,1
3.000000000000e-06,700,800,1
2.000000000000e-06,700,800,1
2.500000000000e-05,700,820,1
1.000000000000e-05,700,820,1
5.000000000000e-06,700,820,1
3.000000000000e-06,700,820,1
2.000000000000e-06,700,820,1
2.500000000000e-05,700,840,1
1.000000000000e-05,700,840,1
5.000000000000e-06,700,840,1
3.000000000000e-06,700,840,1
2.000000000000e-06,700,840,1
2.500000000000e-05,700,860,1
1.000000000000e-05,700,860,1
5.000000000000e-06,700,860,1
3.000000000000e-06,700,860,1
2.000000000000e-06,700,860,1
2.500000000000e-05,700,880,1
1.000000000000e-05,700,880,1
5.000000000000e-06,700,880,1
3.000000000000e-06,700,880,1
2.000000000000e-06,700,880,1
2.500000000000e-05,700,900,1
1.000000000000e-05,700,900,1
5.000000000000e-06,700,900,1
3.000000000000e-06,700,900,1
2.000000000000e-06,700,900,1
2.500000000000e-05,700,920,1
1.000000000000e-05,700,920,1
5.000000000000e-06,700,920,1
3.000000000000e-06,700,920,1
2.000000000000e-06,700,920,1
2.500000000000e-05,700,940,1
1.000000000000e-05,700,940,1
5.000000000000e-06,700,940,1
3.000000000000e-06,700,940,1
2.000000000000e-06,700,940,1
2.500000000000e-05,700,960,1
1.000000000000e-05,700,960,1
5.000000000000e-06,700,960,1
3.000000000000e-06,700,960,1
2.000000000000e-06,700,960,1
2.500000000000e-05,700,980,1
1.000000000000e-05,700,980,1
5.000000000000e-06,700,980,1
3.000000000000e-06,700,980,1
2.000000000000e-06,700,980,1
2.500000000000e-05,700,1000,1
1.000000000000e-05,700,1000,1
5.000000000000e-06,700,1000,1
3.000000000000e-06,700,1000,1
2.000000000000e-06,700,1000,1
2.500000000000e-05,720,0,1
1.000000000000e-05,720,0,1
5.000000000000e-06,720,0,1
3.000000000000e-06,720,0,1
2.000000000000e-06,720,0,1
2.500000000000e-05,720,20,1
1.000000000000e-05,720,20,1
5.000000000000e-06,720,20,1
3.000000000000e-06,720,20,1
2.000000000000e-06,720,20,1
2.500000000000e-05,720,40,1
1.000000000000e-05,720,40,1
5.000000000000e-06,720,40,1
3.000000000000e-06,720,40,1
2.000000000000e-06,720,40,1
2.500000000000e-05,720,60,1
1.000000000000e-05,720,60,1
5.000000000000e-06,720,60,1
3.000000000000e-06,720,60,1
2.000000000000e-06,720,60,1
2.500000000000e-05,720,80,1
1.000000000000e-05,720,80,1
5.000000000000e-06,720,80,1
3.000000000000e-06,720,80,1
2.000000000000e-06,720,80,1
2.500000000000e-05,720,100,1
1.000000000000e-05,720,100,1
5.000000000000e-06,720,100,1
3.000000000000e-06,720,100,1
2.000000000000e-06,720,100,1
2.500000000000e-05,720,120,1
1.000000000000e-05,720,120,1
5.000000000000e-06,720,120,1
3.000000000000e-06,720,120,1
2.000000000000e-06,720,120,1
2.500000000000e-05,720,140,1
1.000000000000e-05,720,140,1
5.000000000000e-06,720,140,1
3.000000000000e-06,720,140,1
2.000000000000e-06,720,140,1
2.500000000000e-05,720,160,1
1.000000000000e-05,720,160,1
5.000000000000e-06,720,160,1
3.000000000000e-06,720,160,1
2.000000000000e-06,720,160,1
2.500000000000e-05,720,180,1
1.000000000000e-05,720,180,1
5.000000000000e-06,720,180,1
3.000000000000e-06,720,180,1
2.000000000000e-06,720,180,1
2.500000000000e-05,720,200,1
1.000000000000e-05,720,200,1
5.000000000000e-06,720,200,1
3.000000000000e-06,720,200,1
2.000000000000e-06,720,200,1
2.500000000000e-05,720,220,1
1.000000000000e-05,720,220,1
5.000000000000e-06,720,220,1
3.000000000000e-06,720,220,1
2.000000000000e-06,720,220,1
2.500000000000e-05,720,240,1
1.000000000000e-05,720,240,1
5.000000000000e-06,720,240,1
3.000000000000e-06,720,240,1
2.000000000000e-06,720,240,1
2.500000000000e-05,720,260,1
1.000000000000e-05,720,260,1
5.000000000000e-06,720,260,1
3.000000000000e-06,720,260,1
2.000000000000e-06,720,260,1
2.500000000000e-05,720,280,1
1.000000000000e-05,720,280,1
5.000000000000e-06,720,280,1
3.000000000000e-06,720,280,1
2.000000000000e-06,720,280,1
2.500000000000e-05,720,300,1
1.000000000000e-05,720,300,1
5.000000000000e-06,720,300,1
3.000000000000e-06,720,300,1
2.000000000000e-06,720,300,1
2.500000000000e-05,720,320,1
1.000000000000e-05,720,320,1
5.000000000000e-06,720,320,1
3.000000000000e-06,720,320,1
2.000000000000e-06,720,320,1
2.500000000000e-05,720,340,1
1.000000000000e-05,720,340,1
5.000000000000e-06,720,340,1
3.000000000000e-06,720,340,1
2.000000000000e-06,720,340,1
2.500000000000e-05,720,360,1
1.000000000000e-05,720,360,1
5.000000000000e-06,720,360,1
3.000000000000e-06,720,360,1
2.000000000000e-06,720,360,1
2.500000000000e-05,720,380,1
1.000000000000e-05,720,380,1
5.000000000000e-06,720,380,1
3.000000000000e-06,720,380,1
2.000000000000e-06,720,380,1
2.500000000000e-05,720,400,1
1.000000000000e-05,720,400,1
5.000000000000e-06,720,400,1
3.000000000000e-06,720,400,1
2.000000000000e-06,720,400,1
2.500000000000e-05,720,420,1
1.000000000000e-05,720,420,1
5.000000000000e-06,720,420,1
3.000000000000e-06,720,420,1
2.000000000000e-06,720,420,1
2.500000000000e-05,720,440,1
1.000000000000e-05,720,440,1
5.000000000000e-06,720,440,1
3.000000000000e-06,720,440,1
2.000000000000e-06,720,440,1
2.500000000000e-05,720,460,1
1.000000000000e-05,720,460,1
5.000000000000e-06,720,460,1
3.000000000000e-06,720,460,1
2.000000000000e-06,720,460,1
2.500000000000e-05,720,480,1
1.000000000000e-05,720,480,1
5.000000000000e-06,720,480,1
3.000000000000e-06,720,480,1
2.000000000000e-06,720,480,1
2.500000000000e-05,720,500,1
1.000000000000e-05,720,500,1
5.000000000000e-06,720,500,1
3.000000000000e-06,720,500,1
2.000000000000e-06,720,500,1
2.500000000000e-05,720,520,1
1.000000000000e-05,720,520,1
5.000000000000e-06,720,520,1
3.000000000000e-06,720,520,1
2.000000000000e-06,720,520,1
2.500000000000e-05,720,540,1
1.000000000000e-05,720,540,1
5.000000000000e-06,720,540,1
3.000000000000e-06,720,540,1
2.000000000000e-06,720,540,1
2.500000000000e-05,720,560,1
1.000000000000e-05,720,560,1
5.000000000000e-06,720,560,1
3.000000000000e-06,720,560,1
2.000000000000e-06,720,560,1
2.500000000000e-05,720,580,1
1.000000000000e-05,720,580,1
5.000000000000e-06,720,580,1
3.000000000000e-06,720,580,1
2.000000000000e-06,720,580,1
2.500000000000e-05,720,600,1
1.000000000000e-05,720,600,1
5.000000000000e-06,720,600,1
3.000000000000e-06,720,600,1
2.000000000000e-06,720,600,1
2.500000000000e-05,720,620,1
1.000000000000e-05,720,620,1
5.000000000000e-06,720,620,1
3.000000000000e-06,720,620,1
2.000000000000e-06,720,620,1
2.500000000000e-05,720,640,1
1.000000000000e-05,720,640,1
5.000000000000e-06,720,640,1
3.000000000000e-06,720,640,1
2.000000000000e-06,720,640,1
2.500000000000e-05,720,660,1
1.000000000000e-05,720,660,1
5.000000000000e-06,720,660,1
3.000000000000e-06,720,660,1
2.000000000000e-06,720,660,1
2.500000000000e-05,720,680,1
1.000000000000e-05,720,680,1
5.000000000000e-06,720,680,1
3.000000000000e-06,720,680,1
2.000000000000e-06,720,680,1
2.500000000000e-05,720,700,1
1.000000000000e-05,720,700,1
5.000000000000e-06,720,700,1
3.000000000000e-06,720,700,1
2.000000000000e-06,720,700,1
2.500000000000e-05,720,720,1
1.000000000000e-05,720,720,1
5.000000000000e-06,720,720,1
3.000000000000e-06,720,720,1
2.000000000000e-06,720,720,1
2.500000000000e-05,720,740,1
1.000000000000e-05,720,740,1
5.000000000000e-06,720,740,1
3.000000000000e-06,720,740,1
2.000000000000e-06,720,740,1
2.500000000000e-05,720,760,1
1.000000000000e-05,720,760,1
5.000000000000e-06,720,760,1
3.000000000000e-06,720,760,1
2.000000000000e-06,720,760,1
2.500000000000e-05,720,780,1
1.000000000000e-05,720,780,1
5.000000000000e-06,720,780,1
3.000000000000e-06,720,780,1
2.000000000000e-06,720,780,1
2.500000000000e-05,720,800,1
1.000000000000e-05,720,800,1
5.000000000000e-06,720,800,1
3.000000000000e-06,720,800,1
2.000000000000e-06,720,800,1
2.500000000000e-05,720,820,1
1.000000000000e-05,720,820,1
5.000000000000e-06,720,820,1
3.000000000000e-06,720,820,1
2.000000000000e-06,720,820,1
2.500000000000e-05,720,840,1
1.000000000000e-05,720,840,1
5.000000000000e-06,720,840,1
3.000000000000e-06,720,840,1
2.000000000000e-06,720,840,1
2.500000000000e-05,720,860,1
1.000000000000e-05,720,860,1
5.000000000000e-06,720,860,1
3.000000000000e-06,720,860,1
2.000000000000e-06,720,860,1
2.500000000000e-05,720,880,1
1.000000000000e-05,720,880,1
5.000000000000e-06,720,880,1
3.000000000000e-06,720,880,1
2.000000000000e-06,720,880,1
2.500000000000e-05,720,900,1
1.000000000000e-05,720,900,1
5.000000000000e-06,720,900,1
3.000000000000e-06,720,900,1
2.000000000000e-06,720,900,1
2.500000000000e-05,720,920,1
1.000000000000e-05,720,920,1
5.000000000000e-06,720,920,1
3.000000000000e-06,720,920,1
2.000000000000e-06,720,920,1
2.500000000000e-05,720,940,1
1.000000000000e-05,720,940,1
5.000000000000e-06,720,940,1
3.000000000000e-06,720,940,1
2.000000000000e-06,720,940,1
2.500000000000e-05,720,960,1
1.000000000000e-05,720,960,1
5.000000000000e-06,720,960,1
3.000000000000e-06,720,960,1
2.000000000000e-06,720,960,1
2.500000000000e-05,720,980,1
1.000000000000e-05,720,980,1
5.000000000000e-06,720,980,1
3.000000000000e-06,720,980,1
2.000000000000e-06,720,980,1
2.500000000000e-05,720,1000,1
1.000000000000e-05,720,1000,1
5.000000000000e-06,720,1000,1
3.000000000000e-06,720,1000,1
2.000000000000e-06,720,1000,1
2.500000000000e-05,740,0,1
1.000000000000e-05,740,0,1
5.000000000000e-06,740,0,1
3.000000000000e-06,740,0,1
2.000000000000e-06,740,0,1
2.500000000000e-05,740,20,1
1.000000000000e-05,740,20,1
5.000000000000e-06,740,20,1
3.000000000000e-06,740,20,1
2.000000000000e-06,740,20,1
2.500000000000e-05,740,40,1
1.000000000000e-05,740,40,1
5.000000000000e-06,740,40,1
3.000000000000e-06,740,40,1
2.000000000000e-06,740,40,1
2.500000000000e-05,740,60,1
1.000000000000e-05,740,60,1
5.000000000000e-06,740,60,1
3.000000000000e-06,740,60,1
2.000000000000e-06,740,60,1
2.500000000000e-05,740,80,1
1.000000000000e-05,740,80,1
5.000000000000e-06,740,80,1
3.000000000000e-06,740,80,1
2.000000000000e-06,740,80,1
2.500000000000e-05,740,100,1
1.000000000000e-05,740,100,1
5.000000000000e-06,740,100,1
3.000000000000e-06,740,100,1
2.000000000000e-06,740,100,1
2.500000000000e-05,740,120,1
1.000000000000e-05,740,120,1
5.000000000000e-06,740,120,1
3.000000000000e-06,740,120,1
2.000000000000e-06,740,120,1
2.500000000000e-05,740,140,1
1.000000000000e-05,740,140,1
5.000000000000e-06,740,140,1
3.000000000000e-06,740,140,1
2.000000000000e-06,740,140,1
2.500000000000e-05,740,160,1
1.000000000000e-05,740,160,1
5.000000000000e-06,740,160,1
3.000000000000e-06,740,160,1
2.000000000000e-06,740,160,1
2.500000000000e-05,740,180,1
1.000000000000e-05,740,180,1
5.000000000000e-06,740,180,1
3.000000000000e-06,740,180,1
2.000000000000e-06,740,180,1
2.500000000000e-05,740,200,1
1.000000000000e-05,740,200,1
5.000000000000e-06,740,200,1
3.000000000000e-06,740,200,1
2.000000000000e-06,740,200,1
2.500000000000e-05,740,220,1
1.000000000000e-05,740,220,1
5.000000000000e-06,740,220,1
3.000000000000e-06,740,220,1
2.000000000000e-06,740,220,1
2.500000000000e-05,740,240,1
1.000000000000e-05,740,240,1
5.000000000000e-06,740,240,1
3.000000000000e-06,740,240,1
2.000000000000e-06,740,240,1
2.500000000000e-05,740,260,1
1.000000000000e-05,740,260,1
5.000000000000e-06,740,260,1
3.000000000000e-06,740,260,1
2.000000000000e-06,740,260,1
2.500000000000e-05,740,280,1
1.000000000000e-05,740,280,1
5.000000000000e-06,740,280,1
3.000000000000e-06,740,280,1
2.000000000000e-06,740,280,1
2.500000000000e-05,740,300,1
1.000000000000e-05,740,300,1
5.000000000000e-06,740,300,1
3.000000000000e-06,740,300,1
2.000000000000e-06,740,300,1
2.500000000000e-05,740,320,1
1.000000000000e-05,740,320,1
5.000000000000e-06,740,320,1
3.000000000000e-06,740,320,1
2.000000000000e-06,740,320,1
2.500000000000e-05,740,340,1
1.000000000000e-05,740,340,1
5.000000000000e-06,740,340,1
3.000000000000e-06,740,340,1
2.000000000000e-06,740,340,1
2.500000000000e-05,740,360,1
1.000000000000e-05,740,360,1
5.000000000000e-06,740,360,1
3.000000000000e-06,740,360,1
2.000000000000e-06,740,360,1
2.500000000000e-05,740,380,1
1.000000000000e-05,740,380,1
5.000000000000e-06,740,380,1
3.000000000000e-06,740,380,1
2.000000000000e-06,740,380,1
2.500000000000e-05,740,400,1
1.000000000000e-05,740,400,1
5.000000000000e-06,740,400,1
3.000000000000e-06,740,400,1
2.000000000000e-06,740,400,1
2.500000000000e-05,740,420,1
1.000000000000e-05,740,420,1
5.000000000000e-06,740,420,1
3.000000000000e-06,740,420,1
2.000000000000e-06,740,420,1
2.500000000000e-05,740,440,1
1.000000000000e-05,740,440,1
5.000000000000e-06,740,440,1
3.000000000000e-06,740,440,1
2.000000000000e-06,740,440,1
2.500000000000e-05,740,460,1
1.000000000000e-05,740,460,1
5.000000000000e-06,740,460,1
3.000000000000e-06,740,460,1
2.000000000000e-06,740,460,1
2.500000000000e-05,740,480,1
1.000000000000e-05,740,480,1
5.000000000000e-06,740,480,1
3.000000000000e-06,740,480,1
2.000000000000e-06,740,480,1
2.500000000000e-05,740,500,1
1.000000000000e-05,740,500,1
5.000000000000e-06,740,500,1
3.000000000000e-06,740,500,1
2.000000000000e-06,740,500,1
2.500000000000e-05,740,520,1
1.000000000000e-05,740,520,1
5.000000000000e-06,740,520,1
3.000000000000e-06,740,520,1
2.000000000000e-06,740,520,1
2.500000000000e-05,740,540,1
1.000000000000e-05,740,540,1
5.000000000000e-06,740,540,1
3.000000000000e-06,740,540,1
2.000000000000e-06,740,540,1
2.500000000000e-05,740,560,1
1.000000000000e-05,740,560,1
5.000000000000e-06,740,560,1
3.000000000000e-06,740,560,1
2.000000000000e-06,740,560,1
2.500000000000e-05,740,580,1
1.000000000000e-05,740,580,1
5.000000000000e-06,740,580,1
3.000000000000e-06,740,580,1
2.000000000000e-06,740,580,1
2.500000000000e-05,740,600,1
1.000000000000e-05,740,600,1
5.000000000000e-06,740,600,1
3.000000000000e-06,740,600,1
2.000000000000e-06,740,600,1
2.500000000000e-05,740,620,1
1.000000000000e-05,740,620,1
5.000000000000e-06,740,620,1
3.000000000000e-06,740,620,1
2.000000000000e-06,740,620,1
2.500000000000e-05,740,640,1
1.000000000000e-05,740,640,1
5.000000000000e-06,740,640,1
3.000000000000e-06,740,640,1
2.000000000000e-06,740,640,1
2.500000000000e-05,740,660,1
1.000000000000e-05,740,660,1
5.000000000000e-06,740,660,1
3.000000000000e-06,740,660,1
2.000000000000e-06,740,660,1
2.500000000000e-05,740,680,1
1.000000000000e-05,740,680,1
5.000000000000e-06,740,680,1
3.000000000000e-06,740,680,1
2.000000000000e-06,740,680,1
2.500000000000e-05,740,700,1
1.000000000000e-05,740,700,1
5.000000000000e-06,740,700,1
3.000000000000e-06,740,700,1
2.000000000000e-06,740,700,1
2.500000000000e-05,740,720,1
1.000000000000e-05,740,720,1
5.000000000000e-06,740,720,1
3.000000000000e-06,740,720,1
2.000000000000e-06,740,720,1
2.500000000000e-05,740,740,1
1.000000000000e-05,740,740,1
5.000000000000e-06,740,740,1
3.000000000000e-06,740,740,1
2.000000000000e-06,740,740,1
2.500000000000e-05,740,760,1
1.000000000000e-05,740,760,1
5.000000000000e-06,740,760,1
3.000000000000e-06,740,760,1
2.000000000000e-06,740,760,1
2.500000000000e-05,740,780,1
1.000000000000e-05,740,780,1
5.000000000000e-06,740,780,1
3.000000000000e-06,740,780,1
2.000000000000e-06,740,780,1
2.500000000000e-05,740,800,1
1.000000000000e-05,740,800,1
5.000000000000e-06,740,800,1
3.000000000000e-06,740,800,1
2.000000000000e-06,740,800,1
2.500000000000e-05,740,820,1
1.000000000000e-05,740,820,1
5.000000000000e-06,740,820,1
3.000000000000e-06,740,820,1
2.000000000000e-06,740,820,1
2.500000000000e-05,740,840,1
1.000000000000e-05,740,840,1
5.000000000000e-06,740,840,1
3.000000000000e-06,740,840,1
2.000000000000e-06,740,840,1
2.500000000000e-05,740,860,1
1.000000000000e-05,740,860,1
5.000000000000e-06,740,860,1
3.000000000000e-06,740,860,1
2.000000000000e-06,740,860,1
2.500000000000e-05,740,880,1
1.000000000000e-05,740,880,1
5.000000000000e-06,740,880,1
3.000000000000e-06,740,880,1
2.000000000000e-06,740,880,1
2.500000000000e-05,740,900,1
1.000000000000e-05,740,900,1
5.000000000000e-06,740,900,1
3.000000000000e-06,740,900,1
2.000000000000e-06,740,900,1
2.500000000000e-05,740,920,1
1.000000000000e-05,740,920,1
5.000000000000e-06,740,920,1
3.000000000000e-06,740,920,1
2.000000000000e-06,740,920,1
2.500000000000e-05,740,940,1
1.000000000000e-05,740,940,1
5.000000000000e-06,740,940,1
3.000000000000e-06,740,940,1
2.000000000000e-06,740,940,1
2.500000000000e-05,740,960,1
1.000000000000e-05,740,960,1
5.000000000000e-06,740,960,1
3.000000000000e-06,740,960,1
2.000000000000e-06,740,960,1
2.500000000000e-05,740,980,1
1.000000000000e-05,740,980,1
5.000000000000e-06,740,980,1
3.000000000000e-06,740,980,1
2.000000000000e-06,740,980,1
2.500000000000e-05,740,1000,1
1.000000000000e-05,740,1000,1
5.000000000000e-06,740,1000,1
3.000000000000e-06,740,1000,1
2.000000000000e-06,740,1000,1
2.500000000000e-05,760,0,1
1.000000000000e-05,760,0,1
5.000000000000e-06,760,0,1
3.000000000000e-06,760,0,1
2.000000000000e-06,760,0,1
2.500000000000e-05,760,20,1
1.000000000000e-05,760,20,1
5.000000000000e-06,760,20,1
3.000000000000e-06,760,20,1
2.000000000000e-06,760,20,1
2.500000000000e-05,760,40,1
1.000000000000e-05,760,40,1
5.000000000000e-06,760,40,1
3.000000000000e-06,760,40,1
2.000000000000e-06,760,40,1
2.500000000000e-05,760,60,1
1.000000000000e-05,760,60,1
5.000000000000e-06,760,60,1
3.000000000000e-06,760,60,1
2.000000000000e-06,760,60,1
2.500000000000e-05,760,80,1
1.000000000000e-05,760,80,1
5.000000000000e-06,760,80,1
3.000000000000e-06,760,80,1
2.000000000000e-06,760,80,1
2.500000000000e-05,760,100,1
1.000000000000e-05,760,100,1
5.000000000000e-06,760,100,1
3.000000000000e-06,760,100,1
2.000000000000e-06,760,100,1
2.500000000000e-05,760,120,1
1.000000000000e-05,760,120,1
5.000000000000e-06,760,120,1
3.000000000000e-06,760,120,1
2.000000000000e-06,760,120,1
2.500000000000e-05,760,140,1
1.000000000000e-05,760,140,1
5.000000000000e-06,760,140,1
3.000000000000e-06,760,140,1
2.000000000000e-06,760,140,1
2.500000000000e-05,760,160,1
1.000000000000e-05,760,160,1
5.000000000000e-06,760,160,1
3.000000000000e-06,760,160,1
2.000000000000e-06,760,160,1
2.500000000000e-05,760,180,1
1.000000000000e-05,760,180,1
5.000000000000e-06,760,180,1
3.000000000000e-06,760,180,1
2.000000000000e-06,760,180,1
2.500000000000e-05,760,200,1
1.000000000000e-05,760,200,1
5.000000000000e-06,760,200,1
3.000000000000e-06,760,200,1
2.000000000000e-06,760,200,1
2.500000000000e-05,760,220,1
1.000000000000e-05,760,220,1
5.000000000000e-06,760,220,1
3.000000000000e-06,760,220,1
2.000000000000e-06,760,220,1
2.500000000000e-05,760,240,1
1.000000000000e-05,760,240,1
5.000000000000e-06,760,240,1
3.000000000000e-06,760,240,1
2.000000000000e-06,760,240,1
2.500000000000e-05,760,260,1
1.000000000000e-05,760,260,1
5.000000000000e-06,760,260,1
3.000000000000e-06,760,260,1
2.000000000000e-06,760,260,1
2.500000000000e-05,760,280,1
1.000000000000e-05,760,280,1
5.000000000000e-06,760,280,1
3.000000000000e-06,760,280,1
2.000000000000e-06,760,280,1
2.500000000000e-05,760,300,1
1.000000000000e-05,760,300,1
5.000000000000e-06,760,300,1
3.000000000000e-06,760,300,1
2.000000000000e-06,760,300,1
2.500000000000e-05,760,320,1
1.000000000000e-05,760,320,1
5.000000000000e-06,760,320,1
3.000000000000e-06,760,320,1
2.000000000000e-06,760,320,1
2.500000000000e-05,760,340,1
1.000000000000e-05,760,340,1
5.000000000000e-06,760,340,1
3.000000000000e-06,760,340,1
2.000000000000e-06,760,340,1
2.500000000000e-05,760,360,1
1.000000000000e-05,760,360,1
5.000000000000e-06,760,360,1
3.000000000000e-06,760,360,1
2.000000000000e-06,760,360,1
2.500000000000e-05,760,380,1
1.000000000000e-05,760,380,1
5.000000000000e-06,760,380,1
3.000000000000e-06,760,380,1
2.000000000000e-06,760,380,1
2.500000000000e-05,760,400,1
1.000000000000e-05,760,400,1
5.000000000000e-06,760,400,1
3.000000000000e-06,760,400,1
2.000000000000e-06,760,400,1
2.500000000000e-05,760,420,1
1.000000000000e-05,760,420,1
5.000000000000e-06,760,420,1
3.000000000000e-06,760,420,1
2.000000000000e-06,760,420,1
2.500000000000e-05,760,440,1
1.000000000000e-05,760,440,1
5.000000000000e-06,760,440,1
3.000000000000e-06,760,440,1
2.000000000000e-06,760,440,1
2.500000000000e-05,760,460,1
1.000000000000e-05,760,460,1
5.000000000000e-06,760,460,1
3.000000000000e-06,760,460,1
2.000000000000e-06,760,460,1
2.500000000000e-05,760,480,1
1.000000000000e-05,760,480,1
5.000000000000e-06,760,480,1
3.000000000000e-06,760,480,1
2.000000000000e-06,760,480,1
2.500000000000e-05,760,500,1
1.000000000000e-05,760,500,1
5.000000000000e-06,760,500,1
3.000000000000e-06,760,500,1
2.000000000000e-06,760,500,1
2.500000000000e-05,760,520,1
1.000000000000e-05,760,520,1
5.000000000000e-06,760,520,1
3.000000000000e-06,760,520,1
2.000000000000e-06,760,520,1
2.500000000000e-05,760,540,1
1.000000000000e-05,760,540,1
5.000000000000e-06,760,540,1
3.000000000000e-06,760,540,1
2.000000000000e-06,760,540,1
2.500000000000e-05,760,560,1
1.000000000000e-05,760,560,1
5.000000000000e-06,760,560,1
3.000000000000e-06,760,560,1
2.000000000000e-06,760,560,1
2.500000000000e-05,760,580,1
1.000000000000e-05,760,580,1
5.000000000000e-06,760,580,1
3.000000000000e-06,760,580,1
2.000000000000e-06,760,580,1
2.500000000000e-05,760,600,1
1.000000000000e-05,760,600,1
5.000000000000e-06,760,600,1
3.000000000000e-06,760,600,1
2.000000000000e-06,760,600,1
2.500000000000e-05,760,620,1
1.000000000000e-05,760,620,1
5.000000000000e-06,760,620,1
3.000000000000e-06,760,620,1
2.000000000000e-06,760,620,1
2.500000000000e-05,760,640,1
1.000000000000e-05,760,640,1
5.000000000000e-06,760,640,1
3.000000000000e-06,760,640,1
2.000000000000e-06,760,640,1
2.500000000000e-05,760,660,1
1.000000000000e-05,760,660,1
5.000000000000e-06,760,660,1
3.000000000000e-06,760,660,1
2.000000000000e-06,760,660,1
2.500000000000e-05,760,680,1
1.000000000000e-05,760,680,1
5.000000000000e-06,760,680,1
3.000000000000e-06,760,680,1
2.000000000000e-06,760,680,1
2.500000000000e-05,760,700,1
1.000000000000e-05,760,700,1
5.000000000000e-06,760,700,1
3.000000000000e-06,760,700,1
2.000000000000e-06,760,700,1
2.500000000000e-05,760,720,1
1.000000000000e-05,760,720,1
5.000000000000e-06,760,720,1
3.000000000000e-06,760,720,1
2.000000000000e-06,760,720,1
2.500000000000e-05,760,740,1
1.000000000000e-05,760,740,1
5.000000000000e-06,760,740,1
3.000000000000e-06,760,740,1
2.000000000000e-06,760,740,1
2.500000000000e-05,760,760,1
1.000000000000e-05,760,760,1
5.000000000000e-06,760,760,1
3.000000000000e-06,760,760,1
2.000000000000e-06,760,760,1
2.500000000000e-05,760,780,1
1.000000000000e-05,760,780,1
5.000000000000e-06,760,780,1
3.000000000000e-06,760,780,1
2.000000000000e-06,760,780,1
2.500000000000e-05,760,800,1
1.000000000000e-05,760,800,1
5.000000000000e-06,760,800,1
3.000000000000e-06,760,800,1
2.000000000000e-06,760,800,1
2.500000000000e-05,760,820,1
1.000000000000e-05,760,820,1
5.000000000000e-06,760,820,1
3.000000000000e-06,760,820,1
2.000000000000e-06,760,820,1
2.500000000000e-05,760,840,1
1.000000000000e-05,760,840,1
5.000000000000e-06,760,840,1
3.000000000000e-06,760,840,1
2.000000000000e-06,760,840,1
2.500000000000e-05,760,860,1
1.000000000000e-05,760,860,1
5.000000000000e-06,760,860,1
3.000000000000e-06,760,860,1
2.000000000000e-06,760,860,1
2.500000000000e-05,760,880,1
1.000000000000e-05,760,880,1
5.000000000000e-06,760,880,1
3.000000000000e-06,760,880,1
2.000000000000e-06,760,880,1
2.500000000000e-05,760,900,1
1.000000000000e-05,760,900,1
5.000000000000e-06,760,900,1
3.000000000000e-06,760,900,1
2.000000000000e-06,760,900,1
2.500000000000e-05,760,920,1
1.000000000000e-05,760,920,1
5.000000000000e-06,760,920,1
3.000000000000e-06,760,920,1
2.000000000000e-06,760,920,1
2.500000000000e-05,760,940,1
1.000000000000e-05,760,940,1
5.000000000000e-06,760,940,1
3.000000000000e-06,760,940,1
2.000000000000e-06,760,940,1
2.500000000000e-05,760,960,1
1.000000000000e-05,760,960,1
5.000000000000e-06,760,960,1
3.000000000000e-06,760,960,1
2.000000000000e-06,760,960,1
2.500000000000e-05,760,980,1
1.000000000000e-05,760,980,1
5.000000000000e-06,760,980,1
3.000000000000e-06,760,980,1
2.000000000000e-06,760,980,1
2.500000000000e-05,760,1000,1
1.000000000000e-05,760,1000,1
5.000000000000e-06,760,1000,1
3.000000000000e-06,760,1000,1
2.000000000000e-06,760,1000,1
2.500000000000e-05,780,0,1
1.000000000000e-05,780,0,1
5.000000000000e-06,780,0,1
3.000000000000e-06,780,0,1
2.000000000000e-06,780,0,1
2.500000000000e-05,780,20,1
1.000000000000e-05,780,20,1
5.000000000000e-06,780,20,1
3.000000000000e-06,780,20,1
2.000000000000e-06,780,20,1
2.500000000000e-05,780,40,1
1.000000000000e-05,780,40,1
5.000000000000e-06,780,40,1
3.000000000000e-06,780,40,1
2.000000000000e-06,780,40,1
2.500000000000e-05,780,60,1
1.000000000000e-05,780,60,1
5.000000000000e-06,780,60,1
3.000000000000e-06,780,60,1
2.000000000000e-06,780,60,1
2.500000000000e-05,780,80,1
1.000000000000e-05,780,80,1
5.000000000000e-06,780,80,1
3.000000000000e-06,780,80,1
2.000000000000e-06,780,80,1
2.500000000000e-05,780,100,1
1.000000000000e-05,780,100,1
5.000000000000e-06,780,100,1
3.000000000000e-06,780,100,1
2.000000000000e-06,780,100,1
2.500000000000e-05,780,120,1
1.000000000000e-05,780,120,1
5.000000000000e-06,780,120,1
3.000000000000e-06,780,120,1
2.000000000000e-06,780,120,1
2.500000000000e-05,780,140,1
1.000000000000e-05,780,140,1
5.000000000000e-06,780,140,1
3.000000000000e-06,780,140,1
2.000000000000e-06,780,140,1
2.500000000000e-05,780,160,1
1.000000000000e-05,780,160,1
5.000000000000e-06,780,160,1
3.000000000000e-06,780,160,1
2.000000000000e-06,780,160,1
2.500000000000e-05,780,180,1
1.000000000000e-05,780,180,1
5.000000000000e-06,780,180,1
3.000000000000e-06,780,180,1
2.000000000000e-06,780,180,1
2.500000000000e-05,780,200,1
1.000000000000e-05,780,200,1
5.000000000000e-06,780,200,1
3.000000000000e-06,780,200,1
2.000000000000e-06,780,200,1
2.500000000000e-05,780,220,1
1.000000000000e-05,780,220,1
5.000000000000e-06,780,220,1
3.000000000000e-06,780,220,1
2.000000000000e-06,780,220,1
2.500000000000e-05,780,240,1
1.000000000000e-05,780,240,1
5.000000000000e-06,780,240,1
3.000000000000e-06,780,240,1
2.000000000000e-06,780,240,1
2.500000000000e-05,780,260,1
1.000000000000e-05,780,260,1
5.000000000000e-06,780,260,1
3.000000000000e-06,780,260,1
2.000000000000e-06,780,260,1
2.500000000000e-05,780,280,1
1.000000000000e-05,780,280,1
5.000000000000e-06,780,280,1
3.000000000000e-06,780,280,1
2.000000000000e-06,780,280,1
2.500000000000e-05,780,300,1
1.000000000000e-05,780,300,1
5.000000000000e-06,780,300,1
3.000000000000e-06,780,300,1
2.000000000000e-06,780,300,1
2.500000000000e-05,780,320,1
1.000000000000e-05,780,320,1
5.000000000000e-06,780,320,1
3.000000000000e-06,780,320,1
2.000000000000e-06,780,320,1
2.500000000000e-05,780,340,1
1.000000000000e-05,780,340,1
5.000000000000e-06,780,340,1
3.000000000000e-06,780,340,1
2.000000000000e-06,780,340,1
2.500000000000e-05,780,360,1
1.000000000000e-05,780,360,1
5.000000000000e-06,780,360,1
3.000000000000e-06,780,360,1
2.000000000000e-06,780,360,1
2.500000000000e-05,780,380,1
1.000000000000e-05,780,380,1
5.000000000000e-06,780,380,1
3.000000000000e-06,780,380,1
2.000000000000e-06,780,380,1
2.500000000000e-05,780,400,1
1.000000000000e-05,780,400,1
5.000000000000e-06,780,400,1
3.000000000000e-06,780,400,1
2.000000000000e-06,780,400,1
2.500000000000e-05,780,420,1
1.000000000000e-05,780,420,1
5.000000000000e-06,780,420,1
3.000000000000e-06,780,420,1
2.000000000000e-06,780,420,1
2.500000000000e-05,780,440,1
1.000000000000e-05,780,440,1
5.000000000000e-06,780,440,1
3.000000000000e-06,780,440,1
2.000000000000e-06,780,440,1
2.500000000000e-05,780,460,1
1.000000000000e-05,780,460,1
5.000000000000e-06,780,460,1
3.000000000000e-06,780,460,1
2.000000000000e-06,780,460,1
2.500000000000e-05,780,480,1
1.000000000000e-05,780,480,1
5.000000000000e-06,780,480,1
3.000000000000e-06,780,480,1
2.000000000000e-06,780,480,1
2.500000000000e-05,780,500,1
1.000000000000e-05,780,500,1
5.000000000000e-06,780,500,1
3.000000000000e-06,780,500,1
2.000000000000e-06,780,500,1
2.500000000000e-05,780,520,1
1.000000000000e-05,780,520,1
5.000000000000e-06,780,520,1
3.000000000000e-06,780,520,1
2.000000000000e-06,780,520,1
2.500000000000e-05,780,540,1
1.000000000000e-05,780,540,1
5.000000000000e-06,780,540,1
3.000000000000e-06,780,540,1
2.000000000000e-06,780,540,1
2.500000000000e-05,780,560,1
1.000000000000e-05,780,560,1
5.000000000000e-06,780,560,1
3.000000000000e-06,780,560,1
2.000000000000e-06,780,560,1
2.500000000000e-05,780,580,1
1.000000000000e-05,780,580,1
5.000000000000e-06,780,580,1
3.000000000000e-06,780,580,1
2.000000000000e-06,780,580,1
2.500000000000e-05,780,600,1
1.000000000000e-05,780,600,1
5.000000000000e-06,780,600,1
3.000000000000e-06,780,600,1
2.000000000000e-06,780,600,1
2.500000000000e-05,780,620,1
1.000000000000e-05,780,620,1
5.000000000000e-06,780,620,1
3.000000000000e-06,780,620,1
2.000000000000e-06,780,620,1
2.500000000000e-05,780,640,1
1.000000000000e-05,780,640,1
5.000000000000e-06,780,640,1
3.000000000000e-06,780,640,1
2.000000000000e-06,780,640,1
2.500000000000e-05,780,660,1
1.000000000000e-05,780,660,1
5.000000000000e-06,780,660,1
3.000000000000e-06,780,660,1
2.000000000000e-06,780,660,1
2.500000000000e-05,780,680,1
1.000000000000e-05,780,680,1
5.000000000000e-06,780,680,1
3.000000000000e-06,780,680,1
2.000000000000e-06,780,680,1
2.500000000000e-05,780,700,1
1.000000000000e-05,780,700,1
5.000000000000e-06,780,700,1
3.000000000000e-06,780,700,1
2.000000000000e-06,780,700,1
2.500000000000e-05,780,720,1
1.000000000000e-05,780,720,1
5.000000000000e-06,780,720,1
3.000000000000e-06,780,720,1
2.000000000000e-06,780,720,1
2.500000000000e-05,780,740,1
1.000000000000e-05,780,740,1
5.000000000000e-06,780,740,1
3.000000000000e-06,780,740,1
2.000000000000e-06,780,740,1
2.500000000000e-05,780,760,1
1.000000000000e-05,780,760,1
5.000000000000e-06,780,760,1
3.000000000000e-06,780,760,1
2.000000000000e-06,780,760,1
2.500000000000e-05,780,780,1
1.000000000000e-05,780,780,1
5.000000000000e-06,780,780,1
3.000000000000e-06,780,780,1
2.000000000000e-06,780,780,1
2.500000000000e-05,780,800,1
1.000000000000e-05,780,800,1
5.000000000000e-06,780,800,1
3.000000000000e-06,780,800,1
2.000000000000e-06,780,800,1
2.500000000000e-05,780,820,1
1.000000000000e-05,780,820,1
5.000000000000e-06,780,820,1
3.000000000000e-06,780,820,1
2.000000000000e-06,780,820,1
2.500000000000e-05,780,840,1
1.000000000000e-05,780,840,1
5.000000000000e-06,780,840,1
3.000000000000e-06,780,840,1
2.000000000000e-06,780,840,1
2.500000000000e-05,780,860,1
1.000000000000e-05,780,860,1
5.000000000000e-06,780,860,1
3.000000000000e-06,780,860,1
2.000000000000e-06,780,860,1
2.500000000000e-05,780,880,1
1.000000000000e-05,780,880,1
5.000000000000e-06,780,880,1
3.000000000000e-06,780,880,1
2.000000000000e-06,780,880,1
2.500000000000e-05,780,900,1
1.000000000000e-05,780,900,1
5.000000000000e-06,780,900,1
3.000000000000e-06,780,900,1
2.000000000000e-06,780,900,1
2.500000000000e-05,780,920,1
1.000000000000e-05,780,920,1
5.000000000000e-06,780,920,1
3.000000000000e-06,780,920,1
2.000000000000e-06,780,920,1
2.500000000000e-05,780,940,1
1.000000000000e-05,780,940,1
5.000000000000e-06,780,940,1
3.000000000000e-06,780,940,1
2.000000000000e-06,780,940,1
2.500000000000e-05,780,960,1
1.000000000000e-05,780,960,1
5.000000000000e-06,780,960,1
3.000000000000e-06,780,960,1
2.000000000000e-06,780,960,1
2.500000000000e-05,780,980,1
1.000000000000e-05,780,980,1
5.000000000000e-06,780,980,1
3.000000000000e-06,780,980,1
2.000000000000e-06,780,980,1
2.500000000000e-05,780,1000,1
1.000000000000e-05,780,1000,1
5.000000000000e-06,780,1000,1
3.000000000000e-06,780,1000,1
2.000000000000e-06,780,1000,1
2.500000000000e-05,800,0,1
1.000000000000e-05,800,0,1
5.000000000000e-06,800,0,1
3.000000000000e-06,800,0,1
2.000000000000e-06,800,0,1
2.500000000000e-05,800,20,1
1.000000000000e-05,800,20,1
5.000000000000e-06,800,20,1
3.000000000000e-06,800,20,1
2.000000000000e-06,800,20,1
2.500000000000e-05,800,40,1
1.000000000000e-05,800,40,1
5.000000000000e-06,800,40,1
3.000000000000e-06,800,40,1
2.000000000000e-06,800,40,1
2.500000000000e-05,800,60,1
1.000000000000e-05,800,60,1
5.000000000000e-06,800,60,1
3.000000000000e-06,800,60,1
2.000000000000e-06,800,60,1
2.500000000000e-05,800,80,1
1.000000000000e-05,800,80,1
5.000000000000e-06,800,80,1
3.000000000000e-06,800,80,1
2.000000000000e-06,800,80,1
2.500000000000e-05,800,100,1
1.000000000000e-05,800,100,1
5.000000000000e-06,800,100,1
3.000000000000e-06,800,100,1
2.000000000000e-06,800,100,1
2.500000000000e-05,800,120,1
1.000000000000e-05,800,120,1
5.000000000000e-06,800,120,1
3.000000000000e-06,800,120,1
2.000000000000e-06,800,120,1
2.500000000000e-05,800,140,1
1.000000000000e-05,800,140,1
5.000000000000e-06,800,140,1
3.000000000000e-06,800,140,1
2.000000000000e-06,800,140,1
2.500000000000e-05,800,160,1
1.000000000000e-05,800,160,1
5.000000000000e-06,800,160,1
3.000000000000e-06,800,160,1
2.000000000000e-06,800,160,1
2.500000000000e-05,800,180,1
1.000000000000e-05,800,180,1
5.000000000000e-06,800,180,1
3.000000000000e-06,800,180,1
2.000000000000e-06,800,180,1
2.500000000000e-05,800,200,1
1.000000000000e-05,800,200,1
5.000000000000e-06,800,200,1
3.000000000000e-06,800,200,1
2.000000000000e-06,800,200,1
2.500000000000e-05,800,220,1
1.000000000000e-05,800,220,1
5.000000000000e-06,800,220,1
3.000000000000e-06,800,220,1
2.000000000000e-06,800,220,1
2.500000000000e-05,800,240,1
1.000000000000e-05,800,240,1
5.000000000000e-06,800,240,1
3.000000000000e-06,800,240,1
2.000000000000e-06,800,240,1
2.500000000000e-05,800,260,1
1.000000000000e-05,800,260,1
5.000000000000e-06,800,260,1
3.000000000000e-06,800,260,1
2.000000000000e-06,800,260,1
2.500000000000e-05,800,280,1
1.000000000000e-05,800,280,1
5.000000000000e-06,800,280,1
3.000000000000e-06,800,280,1
2.000000000000e-06,800,280,1
2.500000000000e-05,800,300,1
1.000000000000e-05,800,300,1
5.000000000000e-06,800,300,1
3.000000000000e-06,800,300,1
2.000000000000e-06,800,300,1
2.500000000000e-05,800,320,1
1.000000000000e-05,800,320,1
5.000000000000e-06,800,320,1
3.000000000000e-06,800,320,1
2.000000000000e-06,800,320,1
2.500000000000e-05,800,340,1
1.000000000000e-05,800,340,1
5.000000000000e-06,800,340,1
3.000000000000e-06,800,340,1
2.000000000000e-06,800,340,1
2.500000000000e-05,800,360,1
1.000000000000e-05,800,360,1
5.000000000000e-06,800,360,1
3.000000000000e-06,800,360,1
2.000000000000e-06,800,360,1
2.500000000000e-05,800,380,1
1.000000000000e-05,800,380,1
5.000000000000e-06,800,380,1
3.000000000000e-06,800,380,1
2.000000000000e-06,800,380,1
2.500000000000e-05,800,400,1
1.000000000000e-05,800,400,1
5.000000000000e-06,800,400,1
3.000000000000e-06,800,400,1
2.000000000000e-06,800,400,1
2.500000000000e-05,800,420,1
1.000000000000e-05,800,420,1
5.000000000000e-06,800,420,1
3.000000000000e-06,800,420,1
2.000000000000e-06,800,420,1
2.500000000000e-05,800,440,1
1.000000000000e-05,800,440,1
5.000000000000e-06,800,440,1
3.000000000000e-06,800,440,1
2.000000000000e-06,800,440,1
2.500000000000e-05,800,460,1
1.000000000000e-05,800,460,1
5.000000000000e-06,800,460,1
3.000000000000e-06,800,460,1
2.000000000000e-06,800,460,1
2.500000000000e-05,800,480,1
1.000000000000e-05,800,480,1
5.000000000000e-06,800,480,1
3.000000000000e-06,800,480,1
2.000000000000e-06,800,480,1
2.500000000000e-05,800,500,1
1.000000000000e-05,800,500,1
5.000000000000e-06,800,500,1
3.000000000000e-06,800,500,1
2.000000000000e-06,800,500,1
2.500000000000e-05,800,520,1
1.000000000000e-05,800,520,1
5.000000000000e-06,800,520,1
3.000000000000e-06,800,520,1
2.000000000000e-06,800,520,1
2.500000000000e-05,800,540,1
1.000000000000e-05,800,540,1
5.000000000000e-06,800,540,1
3.000000000000e-06,800,540,1
2.000000000000e-06,800,540,1
2.500000000000e-05,800,560,1
1.000000000000e-05,800,560,1
5.000000000000e-06,800,560,1
3.000000000000e-06,800,560,1
2.000000000000e-06,800,560,1
2.500000000000e-05,800,580,1
1.000000000000e-05,800,580,1
5.000000000000e-06,800,580,1
3.000000000000e-06,800,580,1
2.000000000000e-06,800,580,1
2.500000000000e-05,800,600,1
1.000000000000e-05,800,600,1
5.000000000000e-06,800,600,1
3.000000000000e-06,800,600,1
2.000000000000e-06,800,600,1
2.500000000000e-05,800,620,1
1.000000000000e-05,800,620,1
5.000000000000e-06,800,620,1
3.000000000000e-06,800,620,1
2.000000000000e-06,800,620,1
2.500000000000e-05,800,640,1
1.000000000000e-05,800,640,1
5.000000000000e-06,800,640,1
3.000000000000e-06,800,640,1
2.000000000000e-06,800,640,1
2.500000000000e-05,800,660,1
1.000000000000e-05,800,660,1
5.000000000000e-06,800,660,1
3.000000000000e-06,800,660,1
2.000000000000e-06,800,660,1
2.500000000000e-05,800,680,1
1.000000000000e-05,800,680,1
5.000000000000e-06,800,680,1
3.000000000000e-06,800,680,1
2.000000000000e-06,800,680,1
2.500000000000e-05,800,700,1
1.000000000000e-05,800,700,1
5.000000000000e-06,800,700,1
3.000000000000e-06,800,700,1
2.000000000000e-06,800,700,1
2.500000000000e-05,800,720,1
1.000000000000e-05,800,720,1
5.000000000000e-06,800,720,1
3.000000000000e-06,800,720,1
2.000000000000e-06,800,720,1
2.500000000000e-05,800,740,1
1.000000000000e-05,800,740,1
5.000000000000e-06,800,740,1
3.000000000000e-06,800,740,1
2.000000000000e-06,800,740,1
2.500000000000e-05,800,760,1
1.000000000000e-05,800,760,1
5.000000000000e-06,800,760,1
3.000000000000e-06,800,760,1
2.000000000000e-06,800,760,1
2.500000000000e-05,800,780,1
1.000000000000e-05,800,780,1
5.000000000000e-06,800,780,1
3.000000000000e-06,800,780,1
2.000000000000e-06,800,780,1
2.500000000000e-05,800,800,1
1.000000000000e-05,800,800,1
5.000000000000e-06,800,800,1
3.000000000000e-06,800,800,1
2.000000000000e-06,800,800,1
2.500000000000e-05,800,820,1
1.000000000000e-05,800,820,1
5.000000000000e-06,800,820,1
3.000000000000e-06,800,820,1
2.000000000000e-06,800,820,1
2.500000000000e-05,800,840,1
1.000000000000e-05,800,840,1
5.000000000000e-06,800,840,1
3.000000000000e-06,800,840,1
2.000000000000e-06,800,840,1
2.500000000000e-05,800,860,1
1.000000000000e-05,800,860,1
5.000000000000e-06,800,860,1
3.000000000000e-06,800,860,1
2.000000000000e-06,800,860,1
2.500000000000e-05,800,880,1
1.000000000000e-05,800,880,1
5.000000000000e-06,800,880,1
3.000000000000e-06,800,880,1
2.000000000000e-06,800,880,1
2.500000000000e-05,800,900,1
1.000000000000e-05,800,900,1
5.000000000000e-06,800,900,1
3.000000000000e-06,800,900,1
2.000000000000e-06,800,900,1
2.500000000000e-05,800,920,1
1.000000000000e-05,800,920,1
5.000000000000e-06,800,920,1
3.000000000000e-06,800,920,1
2.000000000000e-06,800,920,1
2.500000000000e-05,800,940,1
1.000000000000e-05,800,940,1
5.000000000000e-06,800,940,1
3.000000000000e-06,800,940,1
2.000000000000e-06,800,940,1
2.500000000000e-05,800,960,1
1.000000000000e-05,800,960,1
5.000000000000e-06,800,960,1
3.000000000000e-06,800,960,1
2.000000000000e-06,800,960,1
2.500000000000e-05,800,980,1
1.000000000000e-05,800,980,1
5.000000000000e-06,800,980,1
3.000000000000e-06,800,980,1
2.000000000000e-06,800,980,1
2.500000000000e-05,800,1000,1
1.000000000000e-05,800,1000,1
5.000000000000e-06,800,1000,1
3.000000000000e-06,800,1000,1
2.000000000000e-06,800,1000,1
2.500000000000e-05,820,0,1
1.000000000000e-05,820,0,1
5.000000000000e-06,820,0,1
3.000000000000e-06,820,0,1
2.000000000000e-06,820,0,1
2.500000000000e-05,820,20,1
1.000000000000e-05,820,20,1
5.000000000000e-06,820,20,1
3.000000000000e-06,820,20,1
2.000000000000e-06,820,20,1
2.500000000000e-05,820,40,1
1.000000000000e-05,820,40,1
5.000000000000e-06,820,40,1
3.000000000000e-06,820,40,1
2.000000000000e-06,820,40,1
2.500000000000e-05,820,60,1
1.000000000000e-05,820,60,1
5.000000000000e-06,820,60,1
3.000000000000e-06,820,60,1
2.000000000000e-06,820,60,1
2.500000000000e-05,820,80,1
1.000000000000e-05,820,80,1
5.000000000000e-06,820,80,1
3.000000000000e-06,820,80,1
2.000000000000e-06,820,80,1
2.500000000000e-05,820,100,1
1.000000000000e-05,820,100,1
5.000000000000e-06,820,100,1
3.000000000000e-06,820,100,1
2.000000000000e-06,820,100,1
2.500000000000e-05,820,120,1
1.000000000000e-05,820,120,1
5.000000000000e-06,820,120,1
3.000000000000e-06,820,120,1
2.000000000000e-06,820,120,1
2.500000000000e-05,820,140,1
1.000000000000e-05,820,140,1
5.000000000000e-06,820,140,1
3.000000000000e-06,820,140,1
2.000000000000e-06,820,140,1
2.500000000000e-05,820,160,1
1.000000000000e-05,820,160,1
5.000000000000e-06,820,160,1
3.000000000000e-06,820,160,1
2.000000000000e-06,820,160,1
2.500000000000e-05,820,180,1
1.000000000000e-05,820,180,1
5.000000000000e-06,820,180,1
3.000000000000e-06,820,180,1
2.000000000000e-06,820,180,1
2.500000000000e-05,820,200,1
1.000000000000e-05,820,200,1
5.000000000000e-06,820,200,1
3.000000000000e-06,820,200,1
2.000000000000e-06,820,200,1
2.500000000000e-05,820,220,1
1.000000000000e-05,820,220,1
5.000000000000e-06,820,220,1
3.000000000000e-06,820,220,1
2.000000000000e-06,820,220,1
2.500000000000e-05,820,240,1
1.000000000000e-05,820,240,1
5.000000000000e-06,820,240,1
3.000000000000e-06,820,240,1
2.000000000000e-06,820,240,1
2.500000000000e-05,820,260,1
1.000000000000e-05,820,260,1
5.000000000000e-06,820,260,1
3.000000000000e-06,820,260,1
2.000000000000e-06,820,260,1
2.500000000000e-05,820,280,1
1.000000000000e-05,820,280,1
5.000000000000e-06,820,280,1
3.000000000000e-06,820,280,1
2.000000000000e-06,820,280,1
2.500000000000e-05,820,300,1
1.000000000000e-05,820,300,1
5.000000000000e-06,820,300,1
3.000000000000e-06,820,300,1
2.000000000000e-06,820,300,1
2.500000000000e-05,820,320,1
1.000000000000e-05,820,320,1
5.000000000000e-06,820,320,1
3.000000000000e-06,820,320,1
2.000000000000e-06,820,320,1
2.500000000000e-05,820,340,1
1.000000000000e-05,820,340,1
5.000000000000e-06,820,340,1
3.000000000000e-06,820,340,1
2.000000000000e-06,820,340,1
2.500000000000e-05,820,360,1
1.000000000000e-05,820,360,1
5.000000000000e-06,820,360,1
3.000000000000e-06,820,360,1
2.000000000000e-06,820,360,1
2.500000000000e-05,820,380,1
1.000000000000e-05,820,380,1
5.000000000000e-06,820,380,1
3.000000000000e-06,820,380,1
2.000000000000e-06,820,380,1
2.500000000000e-05,820,400,1
1.000000000000e-05,820,400,1
5.000000000000e-06,820,400,1
3.000000000000e-06,820,400,1
2.000000000000e-06,820,400,1
2.500000000000e-05,820,420,1
1.000000000000e-05,820,420,1
5.000000000000e-06,820,420,1
3.000000000000e-06,820,420,1
2.000000000000e-06,820,420,1
2.500000000000e-05,820,440,1
1.000000000000e-05,820,440,1
5.000000000000e-06,820,440,1
3.000000000000e-06,820,440,1
2.000000000000e-06,820,440,1
2.500000000000e-05,820,460,1
1.000000000000e-05,820,460,1
5.000000000000e-06,820,460,1
3.000000000000e-06,820,460,1
2.000000000000e-06,820,460,1
2.500000000000e-05,820,480,1
1.000000000000e-05,820,480,1
5.000000000000e-06,820,480,1
3.000000000000e-06,820,480,1
2.000000000000e-06,820,480,1
2.500000000000e-05,820,500,1
1.000000000000e-05,820,500,1
5.000000000000e-06,820,500,1
3.000000000000e-06,820,500,1
2.000000000000e-06,820,500,1
2.500000000000e-05,820,520,1
1.000000000000e-05,820,520,1
5.000000000000e-06,820,520,1
3.000000000000e-06,820,520,1
2.000000000000e-06,820,520,1
2.500000000000e-05,820,540,1
1.000000000000e-05,820,540,1
5.000000000000e-06,820,540,1
3.000000000000e-06,820,540,1
2.000000000000e-06,820,540,1
2.500000000000e-05,820,560,1
1.000000000000e-05,820,560,1
5.000000000000e-06,820,560,1
3.000000000000e-06,820,560,1
2.000000000000e-06,820,560,1
2.500000000000e-05,820,580,1
1.000000000000e-05,820,580,1
5.000000000000e-06,820,580,1
3.000000000000e-06,820,580,1
2.000000000000e-06,820,580,1
2.500000000000e-05,820,600,1
1.000000000000e-05,820,600,1
5.000000000000e-06,820,600,1
3.000000000000e-06,820,600,1
2.000000000000e-06,820,600,1
2.500000000000e-05,820,620,1
1.000000000000e-05,820,620,1
5.000000000000e-06,820,620,1
3.000000000000e-06,820,620,1
2.000000000000e-06,820,620,1
2.500000000000e-05,820,640,1
1.000000000000e-05,820,640,1
5.000000000000e-06,820,640,1
3.000000000000e-06,820,640,1
2.000000000000e-06,820,640,1
2.500000000000e-05,820,660,1
1.000000000000e-05,820,660,1
5.000000000000e-06,820,660,1
3.000000000000e-06,820,660,1
2.000000000000e-06,820,660,1
2.500000000000e-05,820,680,1
1.000000000000e-05,820,680,1
5.000000000000e-06,820,680,1
3.000000000000e-06,820,680,1
2.000000000000e-06,820,680,1
2.500000000000e-05,820,700,1
1.000000000000e-05,820,700,1
5.000000000000e-06,820,700,1
3.000000000000e-06,820,700,1
2.000000000000e-06,820,700,1
2.500000000000e-05,820,720,1
1.000000000000e-05,820,720,1
5.000000000000e-06,820,720,1
3.000000000000e-06,820,720,1
2.000000000000e-06,820,720,1
2.500000000000e-05,820,740,1
1.000000000000e-05,820,740,1
5.000000000000e-06,820,740,1
3.000000000000e-06,820,740,1
2.000000000000e-06,820,740,1
2.500000000000e-05,820,760,1
1.000000000000e-05,820,760,1
5.000000000000e-06,820,760,1
3.000000000000e-06,820,760,1
2.000000000000e-06,820,760,1
2.500000000000e-05,820,780,1
1.000000000000e-05,820,780,1
5.000000000000e-06,820,780,1
3.000000000000e-06,820,780,1
2.000000000000e-06,820,780,1
2.500000000000e-05,820,800,1
1.000000000000e-05,820,800,1
5.000000000000e-06,820,800,1
3.000000000000e-06,820,800,1
2.000000000000e-06,820,800,1
2.500000000000e-05,820,820,1
1.000000000000e-05,820,820,1
5.000000000000e-06,820,820,1
3.000000000000e-06,820,820,1
2.000000000000e-06,820,820,1
2.500000000000e-05,820,840,1
1.000000000000e-05,820,840,1
5.000000000000e-06,820,840,1
3.000000000000e-06,820,840,1
2.000000000000e-06,820,840,1
2.500000000000e-05,820,860,1
1.000000000000e-05,820,860,1
5.000000000000e-06,820,860,1
3.000000000000e-06,820,860,1
2.000000000000e-06,820,860,1
2.500000000000e-05,820,880,1
1.000000000000e-05,820,880,1
5.000000000000e-06,820,880,1
3.000000000000e-06,820,880,1
2.000000000000e-06,820,880,1
2.500000000000e-05,820,900,1
1.000000000000e-05,820,900,1
5.000000000000e-06,820,900,1
3.000000000000e-06,820,900,1
2.000000000000e-06,820,900,1
2.500000000000e-05,820,920,1
1.000000000000e-05,820,920,1
5.000000000000e-06,820,920,1
3.000000000000e-06,820,920,1
2.000000000000e-06,820,920,1
2.500000000000e-05,820,940,1
1.000000000000e-05,820,940,1
5.000000000000e-06,820,940,1
3.000000000000e-06,820,940,1
2.000000000000e-06,820,940,1
2.500000000000e-05,820,960,1
1.000000000000e-05,820,960,1
5.000000000000e-06,820,960,1
3.000000000000e-06,820,960,1
2.000000000000e-06,820,960,1
2.500000000000e-05,820,980,1
1.000000000000e-05,820,980,1
5.000000000000e-06,820,980,1
3.000000000000e-06,820,980,1
2.000000000000e-06,820,980,1
2.500000000000e-05,820,1000,1
1.000000000000e-05,820,1000,1
5.000000000000e-06,820,1000,1
3.000000000000e-06,820,1000,1
2.000000000000e-06,820,1000,1
2.500000000000e-05,840,0,1
1.000000000000e-05,840,0,1
5.000000000000e-06,840,0,1
3.000000000000e-06,840,0,1
2.000000000000e-06,840,0,1
2.500000000000e-05,840,20,1
1.000000000000e-05,840,20,1
5.000000000000e-06,840,20,1
3.000000000000e-06,840,20,1
2.000000000000e-06,840,20,1
2.500000000000e-05,840,40,1
1.000000000000e-05,840,40,1
5.000000000000e-06,840,40,1
3.000000000000e-06,840,40,1
2.000000000000e-06,840,40,1
2.500000000000e-05,840,60,1
1.000000000000e-05,840,60,1
5.000000000000e-06,840,60,1
3.000000000000e-06,840,60,1
2.000000000000e-06,840,60,1
2.500000000000e-05,840,80,1
1.000000000000e-05,840,80,1
5.000000000000e-06,840,80,1
3.000000000000e-06,840,80,1
2.000000000000e-06,840,80,1
2.500000000000e-05,840,100,1
1.000000000000e-05,840,100,1
5.000000000000e-06,840,100,1
3.000000000000e-06,840,100,1
2.000000000000e-06,840,100,1
2.500000000000e-05,840,120,1
1.000000000000e-05,840,120,1
5.000000000000e-06,840,120,1
3.000000000000e-06,840,120,1
2.000000000000e-06,840,120,1
2.500000000000e-05,840,140,1
1.000000000000e-05,840,140,1
5.000000000000e-06,840,140,1
3.000000000000e-06,840,140,1
2.000000000000e-06,840,140,1
2.500000000000e-05,840,160,1
1.000000000000e-05,840,160,1
5.000000000000e-06,840,160,1
3.000000000000e-06,840,160,1
2.000000000000e-06,840,160,1
2.500000000000e-05,840,180,1
1.000000000000e-05,840,180,1
5.000000000000e-06,840,180,1
3.000000000000e-06,840,180,1
2.000000000000e-06,840,180,1
2.500000000000e-05,840,200,1
1.000000000000e-05,840,200,1
5.000000000000e-06,840,200,1
3.000000000000e-06,840,200,1
2.000000000000e-06,840,200,1
2.500000000000e-05,840,220,1
1.000000000000e-05,840,220,1
5.000000000000e-06,840,220,1
3.000000000000e-06,840,220,1
2.000000000000e-06,840,220,1
2.500000000000e-05,840,240,1
1.000000000000e-05,840,240,1
5.000000000000e-06,840,240,1
3.000000000000e-06,840,240,1
2.000000000000e-06,840,240,1
2.500000000000e-05,840,260,1
1.000000000000e-05,840,260,1
5.000000000000e-06,840,260,1
3.000000000000e-06,840,260,1
2.000000000000e-06,840,260,1
2.500000000000e-05,840,280,1
1.000000000000e-05,840,280,1
5.000000000000e-06,840,280,1
3.000000000000e-06,840,280,1
2.000000000000e-06,840,280,1
2.500000000000e-05,840,300,1
1.000000000000e-05,840,300,1
5.000000000000e-06,840,300,1
3.000000000000e-06,840,300,1
2.000000000000e-06,840,300,1
2.500000000000e-05,840,320,1
1.000000000000e-05,840,320,1
5.000000000000e-06,840,320,1
3.000000000000e-06,840,320,1
2.000000000000e-06,840,320,1
2.500000000000e-05,840,340,1
1.000000000000e-05,840,340,1
5.000000000000e-06,840,340,1
3.000000000000e-06,840,340,1
2.000000000000e-06,840,340,1
2.500000000000e-05,840,360,1
1.000000000000e-05,840,360,1
5.000000000000e-06,840,360,1
3.000000000000e-06,840,360,1
2.000000000000e-06,840,360,1
2.500000000000e-05,840,380,1
1.000000000000e-05,840,380,1
5.000000000000e-06,840,380,1
3.000000000000e-06,840,380,1
2.000000000000e-06,840,380,1
2.500000000000e-05,840,400,1
1.000000000000e-05,840,400,1
5.000000000000e-06,840,400,1
3.000000000000e-06,840,400,1
2.000000000000e-06,840,400,1
2.500000000000e-05,840,420,1
1.000000000000e-05,840,420,1
5.000000000000e-06,840,420,1
3.000000000000e-06,840,420,1
2.000000000000e-06,840,420,1
2.500000000000e-05,840,440,1
1.000000000000e-05,840,440,1
5.000000000000e-06,840,440,1
3.000000000000e-06,840,440,1
2.000000000000e-06,840,440,1
2.500000000000e-05,840,460,1
1.000000000000e-05,840,460,1
5.000000000000e-06,840,460,1
3.000000000000e-06,840,460,1
2.000000000000e-06,840,460,1
2.500000000000e-05,840,480,1
1.000000000000e-05,840,480,1
5.000000000000e-06,840,480,1
3.000000000000e-06,840,480,1
2.000000000000e-06,840,480,1
2.500000000000e-05,840,500,1
1.000000000000e-05,840,500,1
5.000000000000e-06,840,500,1
3.000000000000e-06,840,500,1
2.000000000000e-06,840,500,1
2.500000000000e-05,840,520,1
1.000000000000e-05,840,520,1
5.000000000000e-06,840,520,1
3.000000000000e-06,840,520,1
2.000000000000e-06,840,520,1
2.500000000000e-05,840,540,1
1.000000000000e-05,840,540,1
5.000000000000e-06,840,540,1
3.000000000000e-06,840,540,1
2.000000000000e-06,840,540,1
2.500000000000e-05,840,560,1
1.000000000000e-05,840,560,1
5.000000000000e-06,840,560,1
3.000000000000e-06,840,560,1
2.000000000000e-06,840,560,1
2.500000000000e-05,840,580,1
1.000000000000e-05,840,580,1
5.000000000000e-06,840,580,1
3.000000000000e-06,840,580,1
2.000000000000e-06,840,580,1
2.500000000000e-05,840,600,1
1.000000000000e-05,840,600,1
5.000000000000e-06,840,600,1
3.000000000000e-06,840,600,1
2.000000000000e-06,840,600,1
2.500000000000e-05,840,620,1
1.000000000000e-05,840,620,1
5.000000000000e-06,840,620,1
3.000000000000e-06,840,620,1
2.000000000000e-06,840,620,1
2.500000000000e-05,840,640,1
1.000000000000e-05,840,640,1
5.000000000000e-06,840,640,1
3.000000000000e-06,840,640,1
2.000000000000e-06,840,640,1
2.500000000000e-05,840,660,1
1.000000000000e-05,840,660,1
5.000000000000e-06,840,660,1
3.000000000000e-06,840,660,1
2.000000000000e-06,840,660,1
2.500000000000e-05,840,680,1
1.000000000000e-05,840,680,1
5.000000000000e-06,840,680,1
3.000000000000e-06,840,680,1
2.000000000000e-06,840,680,1
2.500000000000e-05,840,700,1
1.000000000000e-05,840,700,1
5.000000000000e-06,840,700,1
3.000000000000e-06,840,700,1
2.000000000000e-06,840,700,1
2.500000000000e-05,840,720,1
1.000000000000e-05,840,720,1
5.000000000000e-06,840,720,1
3.000000000000e-06,840,720,1
2.000000000000e-06,840,720,1
2.500000000000e-05,840,740,1
1.000000000000e-05,840,740,1
5.000000000000e-06,840,740,1
3.000000000000e-06,840,740,1
2.000000000000e-06,840,740,1
2.500000000000e-05,840,760,1
1.000000000000e-05,840,760,1
5.000000000000e-06,840,760,1
3.000000000000e-06,840,760,1
2.000000000000e-06,840,760,1
2.500000000000e-05,840,780,1
1.000000000000e-05,840,780,1
5.000000000000e-06,840,780,1
3.000000000000e-06,840,780,1
2.000000000000e-06,840,780,1
2.500000000000e-05,840,800,1
1.000000000000e-05,840,800,1
5.000000000000e-06,840,800,1
3.000000000000e-06,840,800,1
2.000000000000e-06,840,800,1
2.500000000000e-05,840,820,1
1.000000000000e-05,840,820,1
5.000000000000e-06,840,820,1
3.000000000000e-06,840,820,1
2.000000000000e-06,840,820,1
2.500000000000e-05,840,840,1
1.000000000000e-05,840,840,1
5.000000000000e-06,840,840,1
3.000000000000e-06,840,840,1
2.000000000000e-06,840,840,1
2.500000000000e-05,840,860,1
1.000000000000e-05,840,860,1
5.000000000000e-06,840,860,1
3.000000000000e-06,840,860,1
2.000000000000e-06,840,860,1
2.500000000000e-05,840,880,1
1.000000000000e-05,840,880,1
5.000000000000e-06,840,880,1
3.000000000000e-06,840,880,1
2.000000000000e-06,840,880,1
2.500000000000e-05,840,900,1
1.000000000000e-05,840,900,1
5.000000000000e-06,840,900,1
3.000000000000e-06,840,900,1
2.000000000000e-06,840,900,1
2.500000000000e-05,840,920,1
1.000000000000e-05,840,920,1
5.000000000000e-06,840,920,1
3.000000000000e-06,840,920,1
2.000000000000e-06,840,920,1
2.500000000000e-05,840,940,1
1.000000000000e-05,840,940,1
5.000000000000e-06,840,940,1
3.000000000000e-06,840,940,1
2.000000000000e-06,840,940,1
2.500000000000e-05,840,960,1
1.000000000000e-05,840,960,1
5.000000000000e-06,840,960,1
3.000000000000e-06,840,960,1
2.000000000000e-06,840,960,1
2.500000000000e-05,840,980,1
1.000000000000e-05,840,980,1
5.000000000000e-06,840,980,1
3.000000000000e-06,840,980,1
2.000000000000e-06,840,980,1
2.500000000000e-05,840,1000,1
1.000000000000e-05,840,1000,1
5.000000000000e-06,840,1000,1
3.000000000000e-06,840,1000,1
2.000000000000e-06,840,1000,1
2.500000000000e-05,860,0,1
1.000000000000e-05,860,0,1
5.000000000000e-06,860,0,1
3.000000000000e-06,860,0,1
2.000000000000e-06,860,0,1
2.500000000000e-05,860,20,1
1.000000000000e-05,860,20,1
5.000000000000e-06,860,20,1
3.000000000000e-06,860,20,1
2.000000000000e-06,860,20,1
2.500000000000e-05,860,40,1
1.000000000000e-05,860,40,1
5.000000000000e-06,860,40,1
3.000000000000e-06,860,40,1
2.000000000000e-06,860,40,1
2.500000000000e-05,860,60,1
1.000000000000e-05,860,60,1
5.000000000000e-06,860,60,1
3.000000000000e-06,860,60,1
2.000000000000e-06,860,60,1
2.500000000000e-05,860,80,1
1.000000000000e-05,860,80,1
5.000000000000e-06,860,80,1
3.000000000000e-06,860,80,1
2.000000000000e-06,860,80,1
2.500000000000e-05,860,100,1
1.000000000000e-05,860,100,1
5.000000000000e-06,860,100,1
3.000000000000e-06,860,100,1
2.000000000000e-06,860,100,1
2.500000000000e-05,860,120,1
1.000000000000e-05,860,120,1
5.000000000000e-06,860,120,1
3.000000000000e-06,860,120,1
2.000000000000e-06,860,120,1
2.500000000000e-05,860,140,1
1.000000000000e-05,860,140,1
5.000000000000e-06,860,140,1
3.000000000000e-06,860,140,1
2.000000000000e-06,860,140,1
2.500000000000e-05,860,160,1
1.000000000000e-05,860,160,1
5.000000000000e-06,860,160,1
3.000000000000e-06,860,160,1
2.000000000000e-06,860,160,1
2.500000000000e-05,860,180,1
1.000000000000e-05,860,180,1
5.000000000000e-06,860,180,1
3.000000000000e-06,860,180,1
2.000000000000e-06,860,180,1
2.500000000000e-05,860,200,1
1.000000000000e-05,860,200,1
5.000000000000e-06,860,200,1
3.000000000000e-06,860,200,1
2.000000000000e-06,860,200,1
2.500000000000e-05,860,220,1
1.000000000000e-05,860,220,1
5.000000000000e-06,860,220,1
3.000000000000e-06,860,220,1
2.000000000000e-06,860,220,1
2.500000000000e-05,860,240,1
1.000000000000e-05,860,240,1
5.000000000000e-06,860,240,1
3.000000000000e-06,860,240,1
2.000000000000e-06,860,240,1
2.500000000000e-05,860,260,1
1.000000000000e-05,860,260,1
5.000000000000e-06,860,260,1
3.000000000000e-06,860,260,1
2.000000000000e-06,860,260,1
2.500000000000e-05,860,280,1
1.000000000000e-05,860,280,1
5.000000000000e-06,860,280,1
3.000000000000e-06,860,280,1
2.000000000000e-06,860,280,1
2.500000000000e-05,860,300,1
1.000000000000e-05,860,300,1
5.000000000000e-06,860,300,1
3.000000000000e-06,860,300,1
2.000000000000e-06,860,300,1
2.500000000000e-05,860,320,1
1.000000000000e-05,860,320,1
5.000000000000e-06,860,320,1
3.000000000000e-06,860,320,1
2.000000000000e-06,860,320,1
2.500000000000e-05,860,340,1
1.000000000000e-05,860,340,1
5.000000000000e-06,860,340,1
3.000000000000e-06,860,340,1
2.000000000000e-06,860,340,1
2.500000000000e-05,860,360,1
1.000000000000e-05,860,360,1
5.000000000000e-06,860,360,1
3.000000000000e-06,860,360,1
2.000000000000e-06,860,360,1
2.500000000000e-05,860,380,1
1.000000000000e-05,860,380,1
5.000000000000e-06,860,380,1
3.000000000000e-06,860,380,1
2.000000000000e-06,860,380,1
2.500000000000e-05,860,400,1
1.000000000000e-05,860,400,1
5.000000000000e-06,860,400,1
3.000000000000e-06,860,400,1
2.000000000000e-06,860,400,1
2.500000000000e-05,860,420,1
1.000000000000e-05,860,420,1
5.000000000000e-06,860,420,1
3.000000000000e-06,860,420,1
2.000000000000e-06,860,420,1
2.500000000000e-05,860,440,1
1.000000000000e-05,860,440,1
5.000000000000e-06,860,440,1
3.000000000000e-06,860,440,1
2.000000000000e-06,860,440,1
2.500000000000e-05,860,460,1
1.000000000000e-05,860,460,1
5.000000000000e-06,860,460,1
3.000000000000e-06,860,460,1
2.000000000000e-06,860,460,1
2.500000000000e-05,860,480,1
1.000000000000e-05,860,480,1
5.000000000000e-06,860,480,1
3.000000000000e-06,860,480,1
2.000000000000e-06,860,480,1
2.500000000000e-05,860,500,1
1.000000000000e-05,860,500,1
5.000000000000e-06,860,500,1
3.000000000000e-06,860,500,1
2.000000000000e-06,860,500,1
2.500000000000e-05,860,520,1
1.000000000000e-05,860,520,1
5.000000000000e-06,860,520,1
3.000000000000e-06,860,520,1
2.000000000000e-06,860,520,1
2.500000000000e-05,860,540,1
1.000000000000e-05,860,540,1
5.000000000000e-06,860,540,1
3.000000000000e-06,860,540,1
2.000000000000e-06,860,540,1
2.500000000000e-05,860,560,1
1.000000000000e-05,860,560,1
5.000000000000e-06,860,560,1
3.000000000000e-06,860,560,1
2.000000000000e-06,860,560,1
2.500000000000e-05,860,580,1
1.000000000000e-05,860,580,1
5.000000000000e-06,860,580,1
3.000000000000e-06,860,580,1
2.000000000000e-06,860,580,1
2.500000000000e-05,860,600,1
1.000000000000e-05,860,600,1
5.000000000000e-06,860,600,1
3.000000000000e-06,860,600,1
2.000000000000e-06,860,600,1
2.500000000000e-05,860,620,1
1.000000000000e-05,860,620,1
5.000000000000e-06,860,620,1
3.000000000000e-06,860,620,1
2.000000000000e-06,860,620,1
2.500000000000e-05,860,640,1
1.000000000000e-05,860,640,1
5.000000000000e-06,860,640,1
3.000000000000e-06,860,640,1
2.000000000000e-06,860,640,1
2.500000000000e-05,860,660,1
1.000000000000e-05,860,660,1
5.000000000000e-06,860,660,1
3.000000000000e-06,860,660,1
2.000000000000e-06,860,660,1
2.500000000000e-05,860,680,1
1.000000000000e-05,860,680,1
5.000000000000e-06,860,680,1
3.000000000000e-06,860,680,1
2.000000000000e-06,860,680,1
2.500000000000e-05,860,700,1
1.000000000000e-05,860,700,1
5.000000000000e-06,860,700,1
3.000000000000e-06,860,700,1
2.000000000000e-06,860,700,1
2.500000000000e-05,860,720,1
1.000000000000e-05,860,720,1
5.000000000000e-06,860,720,1
3.000000000000e-06,860,720,1
2.000000000000e-06,860,720,1
2.500000000000e-05,860,740,1
1.000000000000e-05,860,740,1
5.000000000000e-06,860,740,1
3.000000000000e-06,860,740,1
2.000000000000e-06,860,740,1
2.500000000000e-05,860,760,1
1.000000000000e-05,860,760,1
5.000000000000e-06,860,760,1
3.000000000000e-06,860,760,1
2.000000000000e-06,860,760,1
2.500000000000e-05,860,780,1
1.000000000000e-05,860,780,1
5.000000000000e-06,860,780,1
3.000000000000e-06,860,780,1
2.000000000000e-06,860,780,1
2.500000000000e-05,860,800,1
1.000000000000e-05,860,800,1
5.000000000000e-06,860,800,1
3.000000000000e-06,860,800,1
2.000000000000e-06,860,800,1
2.500000000000e-05,860,820,1
1.000000000000e-05,860,820,1
5.000000000000e-06,860,820,1
3.000000000000e-06,860,820,1
2.000000000000e-06,860,820,1
2.500000000000e-05,860,840,1
1.000000000000e-05,860,840,1
5.000000000000e-06,860,840,1
3.000000000000e-06,860,840,1
2.000000000000e-06,860,840,1
2.500000000000e-05,860,860,1
1.000000000000e-05,860,860,1
5.000000000000e-06,860,860,1
3.000000000000e-06,860,860,1
2.000000000000e-06,860,860,1
2.500000000000e-05,860,880,1
1.000000000000e-05,860,880,1
5.000000000000e-06,860,880,1
3.000000000000e-06,860,880,1
2.000000000000e-06,860,880,1
2.500000000000e-05,860,900,1
1.000000000000e-05,860,900,1
5.000000000000e-06,860,900,1
3.000000000000e-06,860,900,1
2.000000000000e-06,860,900,1
2.500000000000e-05,860,920,1
1.000000000000e-05,860,920,1
5.000000000000e-06,860,920,1
3.000000000000e-06,860,920,1
2.000000000000e-06,860,920,1
2.500000000000e-05,860,940,1
1.000000000000e-05,860,940,1
5.000000000000e-06,860,940,1
3.000000000000e-06,860,940,1
2.000000000000e-06,860,940,1
2.500000000000e-05,860,960,1
1.000000000000e-05,860,960,1
5.000000000000e-06,860,960,1
3.000000000000e-06,860,960,1
2.000000000000e-06,860,960,1
2.500000000000e-05,860,980,1
1.000000000000e-05,860,980,1
5.000000000000e-06,860,980,1
3.000000000000e-06,860,980,1
2.000000000000e-06,860,980,1
2.500000000000e-05,860,1000,1
1.000000000000e-05,860,1000,1
5.000000000000e-06,860,1000,1
3.000000000000e-06,860,1000,1
2.000000000000e-06,860,1000,1
2.500000000000e-05,880,0,1
1.000000000000e-05,880,0,1
5.000000000000e-06,880,0,1
3.000000000000e-06,880,0,1
2.000000000000e-06,880,0,1
2.500000000000e-05,880,20,1
1.000000000000e-05,880,20,1
5.000000000000e-06,880,20,1
3.000000000000e-06,880,20,1
2.000000000000e-06,880,20,1
2.500000000000e-05,880,40,1
1.000000000000e-05,880,40,1
5.000000000000e-06,880,40,1
3.000000000000e-06,880,40,1
2.000000000000e-06,880,40,1
2.500000000000e-05,880,60,1
1.000000000000e-05,880,60,1
5.000000000000e-06,880,60,1
3.000000000000e-06,880,60,1
2.000000000000e-06,880,60,1
2.500000000000e-05,880,80,1
1.000000000000e-05,880,80,1
5.000000000000e-06,880,80,1
3.000000000000e-06,880,80,1
2.000000000000e-06,880,80,1
2.500000000000e-05,880,100,1
1.000000000000e-05,880,100,1
5.000000000000e-06,880,100,1
3.000000000000e-06,880,100,1
2.000000000000e-06,880,100,1
2.500000000000e-05,880,120,1
1.000000000000e-05,880,120,1
5.000000000000e-06,880,120,1
3.000000000000e-06,880,120,1
2.000000000000e-06,880,120,1
2.500000000000e-05,880,140,1
1.000000000000e-05,880,140,1
5.000000000000e-06,880,140,1
3.000000000000e-06,880,140,1
2.000000000000e-06,880,140,1
2.500000000000e-05,880,160,1
1.000000000000e-05,880,160,1
5.000000000000e-06,880,160,1
3.000000000000e-06,880,160,1
2.000000000000e-06,880,160,1
2.500000000000e-05,880,180,1
1.000000000000e-05,880,180,1
5.000000000000e-06,880,180,1
3.000000000000e-06,880,180,1
2.000000000000e-06,880,180,1
2.500000000000e-05,880,200,1
1.000000000000e-05,880,200,1
5.000000000000e-06,880,200,1
3.000000000000e-06,880,200,1
2.000000000000e-06,880,200,1
2.500000000000e-05,880,220,1
1.000000000000e-05,880,220,1
5.000000000000e-06,880,220,1
3.000000000000e-06,880,220,1
2.000000000000e-06,880,220,1
2.500000000000e-05,880,240,1
1.000000000000e-05,880,240,1
5.000000000000e-06,880,240,1
3.000000000000e-06,880,240,1
2.000000000000e-06,880,240,1
2.500000000000e-05,880,260,1
1.000000000000e-05,880,260,1
5.000000000000e-06,880,260,1
3.000000000000e-06,880,260,1
2.000000000000e-06,880,260,1
2.500000000000e-05,880,280,1
1.000000000000e-05,880,280,1
5.000000000000e-06,880,280,1
3.000000000000e-06,880,280,1
2.000000000000e-06,880,280,1
2.500000000000e-05,880,300,1
1.000000000000e-05,880,300,1
5.000000000000e-06,880,300,1
3.000000000000e-06,880,300,1
2.000000000000e-06,880,300,1
2.500000000000e-05,880,320,1
1.000000000000e-05,880,320,1
5.000000000000e-06,880,320,1
3.000000000000e-06,880,320,1
2.000000000000e-06,880,320,1
2.500000000000e-05,880,340,1
1.000000000000e-05,880,340,1
5.000000000000e-06,880,340,1
3.000000000000e-06,880,340,1
2.000000000000e-06,880,340,1
2.500000000000e-05,880,360,1
1.000000000000e-05,880,360,1
5.000000000000e-06,880,360,1
3.000000000000e-06,880,360,1
2.000000000000e-06,880,360,1
2.500000000000e-05,880,380,1
1.000000000000e-05,880,380,1
5.000000000000e-06,880,380,1
3.000000000000e-06,880,380,1
2.000000000000e-06,880,380,1
2.500000000000e-05,880,400,1
1.000000000000e-05,880,400,1
5.000000000000e-06,880,400,1
3.000000000000e-06,880,400,1
2.000000000000e-06,880,400,1
2.500000000000e-05,880,420,1
1.000000000000e-05,880,420,1
5.000000000000e-06,880,420,1
3.000000000000e-06,880,420,1
2.000000000000e-06,880,420,1
2.500000000000e-05,880,440,1
1.000000000000e-05,880,440,1
5.000000000000e-06,880,440,1
3.000000000000e-06,880,440,1
2.000000000000e-06,880,440,1
2.500000000000e-05,880,460,1
1.000000000000e-05,880,460,1
5.000000000000e-06,880,460,1
3.000000000000e-06,880,460,1
2.000000000000e-06,880,460,1
2.500000000000e-05,880,480,1
1.000000000000e-05,880,480,1
5.000000000000e-06,880,480,1
3.000000000000e-06,880,480,1
2.000000000000e-06,880,480,1
2.500000000000e-05,880,500,1
1.000000000000e-05,880,500,1
5.000000000000e-06,880,500,1
3.000000000000e-06,880,500,1
2.000000000000e-06,880,500,1
2.500000000000e-05,880,520,1
1.000000000000e-05,880,520,1
5.000000000000e-06,880,520,1
3.000000000000e-06,880,520,1
2.000000000000e-06,880,520,1
2.500000000000e-05,880,540,1
1.000000000000e-05,880,540,1
5.000000000000e-06,880,540,1
3.000000000000e-06,880,540,1
2.000000000000e-06,880,540,1
2.500000000000e-05,880,560,1
1.000000000000e-05,880,560,1
5.000000000000e-06,880,560,1
3.000000000000e-06,880,560,1
2.000000000000e-06,880,560,1
2.500000000000e-05,880,580,1
1.000000000000e-05,880,580,1
5.000000000000e-06,880,580,1
3.000000000000e-06,880,580,1
2.000000000000e-06,880,580,1
2.500000000000e-05,880,600,1
1.000000000000e-05,880,600,1
5.000000000000e-06,880,600,1
3.000000000000e-06,880,600,1
2.000000000000e-06,880,600,1
2.500000000000e-05,880,620,1
1.000000000000e-05,880,620,1
5.000000000000e-06,880,620,1
3.000000000000e-06,880,620,1
2.000000000000e-06,880,620,1
2.500000000000e-05,880,640,1
1.000000000000e-05,880,640,1
5.000000000000e-06,880,640,1
3.000000000000e-06,880,640,1
2.000000000000e-06,880,640,1
2.500000000000e-05,880,660,1
1.000000000000e-05,880,660,1
5.000000000000e-06,880,660,1
3.000000000000e-06,880,660,1
2.000000000000e-06,880,660,1
2.500000000000e-05,880,680,1
1.000000000000e-05,880,680,1
5.000000000000e-06,880,680,1
3.000000000000e-06,880,680,1
2.000000000000e-06,880,680,1
2.500000000000e-05,880,700,1
1.000000000000e-05,880,700,1
5.000000000000e-06,880,700,1
3.000000000000e-06,880,700,1
2.000000000000e-06,880,700,1
2.500000000000e-05,880,720,1
1.000000000000e-05,880,720,1
5.000000000000e-06,880,720,1
3.000000000000e-06,880,720,1
2.000000000000e-06,880,720,1
2.500000000000e-05,880,740,1
1.000000000000e-05,880,740,1
5.000000000000e-06,880,740,1
3.000000000000e-06,880,740,1
2.000000000000e-06,880,740,1
2.500000000000e-05,880,760,1
1.000000000000e-05,880,760,1
5.000000000000e-06,880,760,1
3.000000000000e-06,880,760,1
2.000000000000e-06,880,760,1
2.500000000000e-05,880,780,1
1.000000000000e-05,880,780,1
5.000000000000e-06,880,780,1
3.000000000000e-06,880,780,1
2.000000000000e-06,880,780,1
2.500000000000e-05,880,800,1
1.000000000000e-05,880,800,1
5.000000000000e-06,880,800,1
3.000000000000e-06,880,800,1
2.000000000000e-06,880,800,1
2.500000000000e-05,880,820,1
1.000000000000e-05,880,820,1
5.000000000000e-06,880,820,1
3.000000000000e-06,880,820,1
2.000000000000e-06,880,820,1
2.500000000000e-05,880,840,1
1.000000000000e-05,880,840,1
5.000000000000e-06,880,840,1
3.000000000000e-06,880,840,1
2.000000000000e-06,880,840,1
2.500000000000e-05,880,860,1
1.000000000000e-05,880,860,1
5.000000000000e-06,880,860,1
3.000000000000e-06,880,860,1
2.000000000000e-06,880,860,1
2.500000000000e-05,880,880,1
1.000000000000e-05,880,880,1
5.000000000000e-06,880,880,1
3.000000000000e-06,880,880,1
2.000000000000e-06,880,880,1
2.500000000000e-05,880,900,1
1.000000000000e-05,880,900,1
5.000000000000e-06,880,900,1
3.000000000000e-06,880,900,1
2.000000000000e-06,880,900,1
2.500000000000e-05,880,920,1
1.000000000000e-05,880,920,1
5.000000000000e-06,880,920,1
3.000000000000e-06,880,920,1
2.000000000000e-06,880,920,1
2.500000000000e-05,880,940,1
1.000000000000e-05,880,940,1
5.000000000000e-06,880,940,1
3.000000000000e-06,880,940,1
2.000000000000e-06,880,940,1
2.500000000000e-05,880,960,1
1.000000000000e-05,880,960,1
5.000000000000e-06,880,960,1
3.000000000000e-06,880,960,1
2.000000000000e-06,880,960,1
2.500000000000e-05,880,980,1
1.000000000000e-05,880,980,1
5.000000000000e-06,880,980,1
3.000000000000e-06,880,980,1
2.000000000000e-06,880,980,1
2.500000000000e-05,880,1000,1
1.000000000000e-05,880,1000,1
5.000000000000e-06,880,1000,1
3.000000000000e-06,880,1000,1
2.000000000000e-06,880,1000,1
2.500000000000e-05,900,0,1
1.000000000000e-05,900,0,1
5.000000000000e-06,900,0,1
3.000000000000e-06,900,0,1
2.000000000000e-06,900,0,1
2.500000000000e-05,900,20,1
1.000000000000e-05,900,20,1
5.000000000000e-06,900,20,1
3.000000000000e-06,900,20,1
2.000000000000e-06,900,20,1
2.500000000000e-05,900,40,1
1.000000000000e-05,900,40,1
5.000000000000e-06,900,40,1
3.000000000000e-06,900,40,1
2.000000000000e-06,900,40,1
2.500000000000e-05,900,60,1
1.000000000000e-05,900,60,1
5.000000000000e-06,900,60,1
3.000000000000e-06,900,60,1
2.000000000000e-06,900,60,1
2.500000000000e-05,900,80,1
1.000000000000e-05,900,80,1
5.000000000000e-06,900,80,1
3.000000000000e-06,900,80,1
2.000000000000e-06,900,80,1
2.500000000000e-05,900,100,1
1.000000000000e-05,900,100,1
5.000000000000e-06,900,100,1
3.000000000000e-06,900,100,1
2.000000000000e-06,900,100,1
2.500000000000e-05,900,120,1
1.000000000000e-05,900,120,1
5.000000000000e-06,900,120,1
3.000000000000e-06,900,120,1
2.000000000000e-06,900,120,1
2.500000000000e-05,900,140,1
1.000000000000e-05,900,140,1
5.000000000000e-06,900,140,1
3.000000000000e-06,900,140,1
2.000000000000e-06,900,140,1
2.500000000000e-05,900,160,1
1.000000000000e-05,900,160,1
5.000000000000e-06,900,160,1
3.000000000000e-06,900,160,1
2.000000000000e-06,900,160,1
2.500000000000e-05,900,180,1
1.000000000000e-05,900,180,1
5.000000000000e-06,900,180,1
3.000000000000e-06,900,180,1
2.000000000000e-06,900,180,1
2.500000000000e-05,900,200,1
1.000000000000e-05,900,200,1
5.000000000000e-06,900,200,1
3.000000000000e-06,900,200,1
2.000000000000e-06,900,200,1
2.500000000000e-05,900,220,1
1.000000000000e-05,900,220,1
5.000000000000e-06,900,220,1
3.000000000000e-06,900,220,1
2.000000000000e-06,900,220,1
2.500000000000e-05,900,240,1
1.000000000000e-05,900,240,1
5.000000000000e-06,900,240,1
3.000000000000e-06,900,240,1
2.000000000000e-06,900,240,1
2.500000000000e-05,900,260,1
1.000000000000e-05,900,260,1
5.000000000000e-06,900,260,1
3.000000000000e-06,900,260,1
2.000000000000e-06,900,260,1
2.500000000000e-05,900,280,1
1.000000000000e-05,900,280,1
5.000000000000e-06,900,280,1
3.000000000000e-06,900,280,1
2.000000000000e-06,900,280,1
2.500000000000e-05,900,300,1
1.000000000000e-05,900,300,1
5.000000000000e-06,900,300,1
3.000000000000e-06,900,300,1
2.000000000000e-06,900,300,1
2.500000000000e-05,900,320,1
1.000000000000e-05,900,320,1
5.000000000000e-06,900,320,1
3.000000000000e-06,900,320,1
2.000000000000e-06,900,320,1
2.500000000000e-05,900,340,1
1.000000000000e-05,900,340,1
5.000000000000e-06,900,340,1
3.000000000000e-06,900,340,1
2.000000000000e-06,900,340,1
2.500000000000e-05,900,360,1
1.000000000000e-05,900,360,1
5.000000000000e-06,900,360,1
3.000000000000e-06,900,360,1
2.000000000000e-06,900,360,1
2.500000000000e-05,900,380,1
1.000000000000e-05,900,380,1
5.000000000000e-06,900,380,1
3.000000000000e-06,900,380,1
2.000000000000e-06,900,380,1
2.500000000000e-05,900,400,1
1.000000000000e-05,900,400,1
5.000000000000e-06,900,400,1
3.000000000000e-06,900,400,1
2.000000000000e-06,900,400,1
2.500000000000e-05,900,420,1
1.000000000000e-05,900,420,1
5.000000000000e-06,900,420,1
3.000000000000e-06,900,420,1
2.000000000000e-06,900,420,1
2.500000000000e-05,900,440,1
1.000000000000e-05,900,440,1
5.000000000000e-06,900,440,1
3.000000000000e-06,900,440,1
2.000000000000e-06,900,440,1
2.500000000000e-05,900,460,1
1.000000000000e-05,900,460,1
5.000000000000e-06,900,460,1
3.000000000000e-06,900,460,1
2.000000000000e-06,900,460,1
2.500000000000e-05,900,480,1
1.000000000000e-05,900,480,1
5.000000000000e-06,900,480,1
3.000000000000e-06,900,480,1
2.000000000000e-06,900,480,1
2.500000000000e-05,900,500,1
1.000000000000e-05,900,500,1
5.000000000000e-06,900,500,1
3.000000000000e-06,900,500,1
2.000000000000e-06,900,500,1
2.500000000000e-05,900,520,1
1.000000000000e-05,900,520,1
5.000000000000e-06,900,520,1
3.000000000000e-06,900,520,1
2.000000000000e-06,900,520,1
2.500000000000e-05,900,540,1
1.000000000000e-05,900,540,1
5.000000000000e-06,900,540,1
3.000000000000e-06,900,540,1
2.000000000000e-06,900,540,1
2.500000000000e-05,900,560,1
1.000000000000e-05,900,560,1
5.000000000000e-06,900,560,1
3.000000000000e-06,900,560,1
2.000000000000e-06,900,560,1
2.500000000000e-05,900,580,1
1.000000000000e-05,900,580,1
5.000000000000e-06,900,580,1
3.000000000000e-06,900,580,1
2.000000000000e-06,900,580,1
2.500000000000e-05,900,600,1
1.000000000000e-05,900,600,1
5.000000000000e-06,900,600,1
3.000000000000e-06,900,600,1
2.000000000000e-06,900,600,1
2.500000000000e-05,900,620,1
1.000000000000e-05,900,620,1
5.000000000000e-06,900,620,1
3.000000000000e-06,900,620,1
2.000000000000e-06,900,620,1
2.500000000000e-05,900,640,1
1.000000000000e-05,900,640,1
5.000000000000e-06,900,640,1
3.000000000000e-06,900,640,1
2.000000000000e-06,900,640,1
2.500000000000e-05,900,660,1
1.000000000000e-05,900,660,1
5.000000000000e-06,900,660,1
3.000000000000e-06,900,660,1
2.000000000000e-06,900,660,1
2.500000000000e-05,900,680,1
1.000000000000e-05,900,680,1
5.000000000000e-06,900,680,1
3.000000000000e-06,900,680,1
2.000000000000e-06,900,680,1
2.500000000000e-05,900,700,1
1.000000000000e-05,900,700,1
5.000000000000e-06,900,700,1
3.000000000000e-06,900,700,1
2.000000000000e-06,900,700,1
2.500000000000e-05,900,720,1
1.000000000000e-05,900,720,1
5.000000000000e-06,900,720,1
3.000000000000e-06,900,720,1
2.000000000000e-06,900,720,1
2.500000000000e-05,900,740,1
1.000000000000e-05,900,740,1
5.000000000000e-06,900,740,1
3.000000000000e-06,900,740,1
2.000000000000e-06,900,740,1
2.500000000000e-05,900,760,1
1.000000000000e-05,900,760,1
5.000000000000e-06,900,760,1
3.000000000000e-06,900,760,1
2.000000000000e-06,900,760,1
2.500000000000e-05,900,780,1
1.000000000000e-05,900,780,1
5.000000000000e-06,900,780,1
3.000000000000e-06,900,780,1
2.000000000000e-06,900,780,1
2.500000000000e-05,900,800,1
1.000000000000e-05,900,800,1
5.000000000000e-06,900,800,1
3.000000000000e-06,900,800,1
2.000000000000e-06,900,800,1
2.500000000000e-05,900,820,1
1.000000000000e-05,900,820,1
5.000000000000e-06,900,820,1
3.000000000000e-06,900,820,1
2.000000000000e-06,900,820,1
2.500000000000e-05,900,840,1
1.000000000000e-05,900,840,1
5.000000000000e-06,900,840,1
3.000000000000e-06,900,840,1
2.000000000000e-06,900,840,1
2.500000000000e-05,900,860,1
1.000000000000e-05,900,860,1
5.000000000000e-06,900,860,1
3.000000000000e-06,900,860,1
2.000000000000e-06,900,860,1
2.500000000000e-05,900,880,1
1.000000000000e-05,900,880,1
5.000000000000e-06,900,880,1
3.000000000000e-06,900,880,1
2.000000000000e-06,900,880,1
2.500000000000e-05,900,900,1
1.000000000000e-05,900,900,1
5.000000000000e-06,900,900,1
3.000000000000e-06,900,900,1
2.000000000000e-06,900,900,1
2.500000000000e-05,900,920,1
1.000000000000e-05,900,920,1
5.000000000000e-06,900,920,1
3.000000000000e-06,900,920,1
2.000000000000e-06,900,920,1
2.500000000000e-05,900,940,1
1.000000000000e-05,900,940,1
5.000000000000e-06,900,940,1
3.000000000000e-06,900,940,1
2.000000000000e-06,900,940,1
2.500000000000e-05,900,960,1
1.000000000000e-05,900,960,1
5.000000000000e-06,900,960,1
3.000000000000e-06,900,960,1
2.000000000000e-06,900,960,1
2.500000000000e-05,900,980,1
1.000000000000e-05,900,980,1
5.000000000000e-06,900,980,1
3.000000000000e-06,900,980,1
2.000000000000e-06,900,980,1
2.500000000000e-05,900,1000,1
1.000000000000e-05,900,1000,1
5.000000000000e-06,900,1000,1
3.000000000000e-06,900,1000,1
2.000000000000e-06,900,1000,1
2.500000000000e-05,920,0,1
1.000000000000e-05,920,0,1
5.000000000000e-06,920,0,1
3.000000000000e-06,920,0,1
2.000000000000e-06,920,0,1
2.500000000000e-05,920,20,1
1.000000000000e-05,920,20,1
5.000000000000e-06,920,20,1
3.000000000000e-06,920,20,1
2.000000000000e-06,920,20,1
2.500000000000e-05,920,40,1
1.000000000000e-05,920,40,1
5.000000000000e-06,920,40,1
3.000000000000e-06,920,40,1
2.000000000000e-06,920,40,1
2.500000000000e-05,920,60,1
1.000000000000e-05,920,60,1
5.000000000000e-06,920,60,1
3.000000000000e-06,920,60,1
2.000000000000e-06,920,60,1
2.500000000000e-05,920,80,1
1.000000000000e-05,920,80,1
5.000000000000e-06,920,80,1
3.000000000000e-06,920,80,1
2.000000000000e-06,920,80,1
2.500000000000e-05,920,100,1
1.000000000000e-05,920,100,1
5.000000000000e-06,920,100,1
3.000000000000e-06,920,100,1
2.000000000000e-06,920,100,1
2.500000000000e-05,920,120,1
1.000000000000e-05,920,120,1
5.000000000000e-06,920,120,1
3.000000000000e-06,920,120,1
2.000000000000e-06,920,120,1
2.500000000000e-05,920,140,1
1.000000000000e-05,920,140,1
5.000000000000e-06,920,140,1
3.000000000000e-06,920,140,1
2.000000000000e-06,920,140,1
2.500000000000e-05,920,160,1
1.000000000000e-05,920,160,1
5.000000000000e-06,920,160,1
3.000000000000e-06,920,160,1
2.000000000000e-06,920,160,1
2.500000000000e-05,920,180,1
1.000000000000e-05,920,180,1
5.000000000000e-06,920,180,1
3.000000000000e-06,920,180,1
2.000000000000e-06,920,180,1
2.500000000000e-05,920,200,1
1.000000000000e-05,920,200,1
5.000000000000e-06,920,200,1
3.000000000000e-06,920,200,1
2.000000000000e-06,920,200,1
2.500000000000e-05,920,220,1
1.000000000000e-05,920,220,1
5.000000000000e-06,920,220,1
3.000000000000e-06,920,220,1
2.000000000000e-06,920,220,1
2.500000000000e-05,920,240,1
1.000000000000e-05,920,240,1
5.000000000000e-06,920,240,1
3.000000000000e-06,920,240,1
2.000000000000e-06,920,240,1
2.500000000000e-05,920,260,1
1.000000000000e-05,920,260,1
5.000000000000e-06,920,260,1
3.000000000000e-06,920,260,1
2.000000000000e-06,920,260,1
2.500000000000e-05,920,280,1
1.000000000000e-05,920,280,1
5.000000000000e-06,920,280,1
3.000000000000e-06,920,280,1
2.000000000000e-06,920,280,1
2.500000000000e-05,920,300,1
1.000000000000e-05,920,300,1
5.000000000000e-06,920,300,1
3.000000000000e-06,920,300,1
2.000000000000e-06,920,300,1
2.500000000000e-05,920,320,1
1.000000000000e-05,920,320,1
5.000000000000e-06,920,320,1
3.000000000000e-06,920,320,1
2.000000000000e-06,920,320,1
2.500000000000e-05,920,340,1
1.000000000000e-05,920,340,1
5.000000000000e-06,920,340,1
3.000000000000e-06,920,340,1
2.000000000000e-06,920,340,1
2.500000000000e-05,920,360,1
1.000000000000e-05,920,360,1
5.000000000000e-06,920,360,1
3.000000000000e-06,920,360,1
2.000000000000e-06,920,360,1
2.500000000000e-05,920,380,1
1.000000000000e-05,920,380,1
5.000000000000e-06,920,380,1
3.000000000000e-06,920,380,1
2.000000000000e-06,920,380,1
2.500000000000e-05,920,400,1
1.000000000000e-05,920,400,1
5.000000000000e-06,920,400,1
3.000000000000e-06,920,400,1
2.000000000000e-06,920,400,1
2.500000000000e-05,920,420,1
1.000000000000e-05,920,420,1
5.000000000000e-06,920,420,1
3.000000000000e-06,920,420,1
2.000000000000e-06,920,420,1
2.500000000000e-05,920,440,1
1.000000000000e-05,920,440,1
5.000000000000e-06,920,440,1
3.000000000000e-06,920,440,1
2.000000000000e-06,920,440,1
2.500000000000e-05,920,460,1
1.000000000000e-05,920,460,1
5.000000000000e-06,920,460,1
3.000000000000e-06,920,460,1
2.000000000000e-06,920,460,1
2.500000000000e-05,920,480,1
1.000000000000e-05,920,480,1
5.000000000000e-06,920,480,1
3.000000000000e-06,920,480,1
2.000000000000e-06,920,480,1
2.500000000000e-05,920,500,1
1.000000000000e-05,920,500,1
5.000000000000e-06,920,500,1
3.000000000000e-06,920,500,1
2.000000000000e-06,920,500,1
2.500000000000e-05,920,520,1
1.000000000000e-05,920,520,1
5.000000000000e-06,920,520,1
3.000000000000e-06,920,520,1
2.000000000000e-06,920,520,1
2.500000000000e-05,920,540,1
1.000000000000e-05,920,540,1
5.000000000000e-06,920,540,1
3.000000000000e-06,920,540,1
2.000000000000e-06,920,540,1
2.500000000000e-05,920,560,1
1.000000000000e-05,920,560,1
5.000000000000e-06,920,560,1
3.000000000000e-06,920,560,1
2.000000000000e-06,920,560,1
2.500000000000e-05,920,580,1
1.000000000000e-05,920,580,1
5.000000000000e-06,920,580,1
3.000000000000e-06,920,580,1
2.000000000000e-06,920,580,1
2.500000000000e-05,920,600,1
1.000000000000e-05,920,600,1
5.000000000000e-06,920,600,1
3.000000000000e-06,920,600,1
2.000000000000e-06,920,600,1
2.500000000000e-05,920,620,1
1.000000000000e-05,920,620,1
5.000000000000e-06,920,620,1
3.000000000000e-06,920,620,1
2.000000000000e-06,920,620,1
2.500000000000e-05,920,640,1
1.000000000000e-05,920,640,1
5.000000000000e-06,920,640,1
3.000000000000e-06,920,640,1
2.000000000000e-06,920,640,1
2.500000000000e-05,920,660,1
1.000000000000e-05,920,660,1
5.000000000000e-06,920,660,1
3.000000000000e-06,920,660,1
2.000000000000e-06,920,660,1
2.500000000000e-05,920,680,1
1.000000000000e-05,920,680,1
5.000000000000e-06,920,680,1
3.000000000000e-06,920,680,1
2.000000000000e-06,920,680,1
2.500000000000e-05,920,700,1
1.000000000000e-05,920,700,1
5.000000000000e-06,920,700,1
3.000000000000e-06,920,700,1
2.000000000000e-06,920,700,1
2.500000000000e-05,920,720,1
1.000000000000e-05,920,720,1
5.000000000000e-06,920,720,1
3.000000000000e-06,920,720,1
2.000000000000e-06,920,720,1
2.500000000000e-05,920,740,1
1.000000000000e-05,920,740,1
5.000000000000e-06,920,740,1
3.000000000000e-06,920,740,1
2.000000000000e-06,920,740,1
2.500000000000e-05,920,760,1
1.000000000000e-05,920,760,1
5.000000000000e-06,920,760,1
3.000000000000e-06,920,760,1
2.000000000000e-06,920,760,1
2.500000000000e-05,920,780,1
1.000000000000e-05,920,780,1
5.000000000000e-06,920,780,1
3.000000000000e-06,920,780,1
2.000000000000e-06,920,780,1
2.500000000000e-05,920,800,1
1.000000000000e-05,920,800,1
5.000000000000e-06,920,800,1
3.000000000000e-06,920,800,1
2.000000000000e-06,920,800,1
2.500000000000e-05,920,820,1
1.000000000000e-05,920,820,1
5.000000000000e-06,920,820,1
3.000000000000e-06,920,820,1
2.000000000000e-06,920,820,1
2.500000000000e-05,920,840,1
1.000000000000e-05,920,840,1
5.000000000000e-06,920,840,1
3.000000000000e-06,920,840,1
2.000000000000e-06,920,840,1
2.500000000000e-05,920,860,1
1.000000000000e-05,920,860,1
5.000000000000e-06,920,860,1
3.000000000000e-06,920,860,1
2.000000000000e-06,920,860,1
2.500000000000e-05,920,880,1
1.000000000000e-05,920,880,1
5.000000000000e-06,920,880,1
3.000000000000e-06,920,880,1
2.000000000000e-06,920,880,1
2.500000000000e-05,920,900,1
1.000000000000e-05,920,900,1
5.000000000000e-06,920,900,1
3.000000000000e-06,920,900,1
2.000000000000e-06,920,900,1
2.500000000000e-05,920,920,1
1.000000000000e-05,920,920,1
5.000000000000e-06,920,920,1
3.000000000000e-06,920,920,1
2.000000000000e-06,920,920,1
2.500000000000e-05,920,940,1
1.000000000000e-05,920,940,1
5.000000000000e-06,920,940,1
3.000000000000e-06,920,940,1
2.000000000000e-06,920,940,1
2.500000000000e-05,920,960,1
1.000000000000e-05,920,960,1
5.000000000000e-06,920,960,1
3.000000000000e-06,920,960,1
2.000000000000e-06,920,960,1
2.500000000000e-05,920,980,1
1.000000000000e-05,920,980,1
5.000000000000e-06,920,980,1
3.000000000000e-06,920,980,1
2.000000000000e-06,920,980,1
2.500000000000e-05,920,1000,1
1.000000000000e-05,920,1000,1
5.000000000000e-06,920,1000,1
3.000000000000e-06,920,1000,1
2.000000000000e-06,920,1000,1
2.500000000000e-05,940,0,1
1.000000000000e-05,940,0,1
5.000000000000e-06,940,0,1
3.000000000000e-06,940,0,1
2.000000000000e-06,940,0,1
2.500000000000e-05,940,20,1
1.000000000000e-05,940,20,1
5.000000000000e-06,940,20,1
3.000000000000e-06,940,20,1
2.000000000000e-06,940,20,1
2.500000000000e-05,940,40,1
1.000000000000e-05,940,40,1
5.000000000000e-06,940,40,1
3.000000000000e-06,940,40,1
2.000000000000e-06,940,40,1
2.500000000000e-05,940,60,1
1.000000000000e-05,940,60,1
5.000000000000e-06,940,60,1
3.000000000000e-06,940,60,1
2.000000000000e-06,940,60,1
2.500000000000e-05,940,80,1
1.000000000000e-05,940,80,1
5.000000000000e-06,940,80,1
3.000000000000e-06,940,80,1
2.000000000000e-06,940,80,1
2.500000000000e-05,940,100,1
1.000000000000e-05,940,100,1
5.000000000000e-06,940,100,1
3.000000000000e-06,940,100,1
2.000000000000e-06,940,100,1
2.500000000000e-05,940,120,1
1.000000000000e-05,940,120,1
5.000000000000e-06,940,120,1
3.000000000000e-06,940,120,1
2.000000000000e-06,940,120,1
2.500000000000e-05,940,140,1
1.000000000000e-05,940,140,1
5.000000000000e-06,940,140,1
3.000000000000e-06,940,140,1
2.000000000000e-06,940,140,1
2.500000000000e-05,940,160,1
1.000000000000e-05,940,160,1
5.000000000000e-06,940,160,1
3.000000000000e-06,940,160,1
2.000000000000e-06,940,160,1
2.500000000000e-05,940,180,1
1.000000000000e-05,940,180,1
5.000000000000e-06,940,180,1
3.000000000000e-06,940,180,1
2.000000000000e-06,940,180,1
2.500000000000e-05,940,200,1
1.000000000000e-05,940,200,1
5.000000000000e-06,940,200,1
3.000000000000e-06,940,200,1
2.000000000000e-06,940,200,1
2.500000000000e-05,940,220,1
1.000000000000e-05,940,220,1
5.000000000000e-06,940,220,1
3.000000000000e-06,940,220,1
2.000000000000e-06,940,220,1
2.500000000000e-05,940,240,1
1.000000000000e-05,940,240,1
5.000000000000e-06,940,240,1
3.000000000000e-06,940,240,1
2.000000000000e-06,940,240,1
2.500000000000e-05,940,260,1
1.000000000000e-05,940,260,1
5.000000000000e-06,940,260,1
3.000000000000e-06,940,260,1
2.000000000000e-06,940,260,1
2.500000000000e-05,940,280,1
1.000000000000e-05,940,280,1
5.000000000000e-06,940,280,1
3.000000000000e-06,940,280,1
2.000000000000e-06,940,280,1
2.500000000000e-05,940,300,1
1.000000000000e-05,940,300,1
5.000000000000e-06,940,300,1
3.000000000000e-06,940,300,1
2.000000000000e-06,940,300,1
2.500000000000e-05,940,320,1
1.000000000000e-05,940,320,1
5.000000000000e-06,940,320,1
3.000000000000e-06,940,320,1
2.000000000000e-06,940,320,1
2.500000000000e-05,940,340,1
1.000000000000e-05,940,340,1
5.000000000000e-06,940,340,1
3.000000000000e-06,940,340,1
2.000000000000e-06,940,340,1
2.500000000000e-05,940,360,1
1.000000000000e-05,940,360,1
5.000000000000e-06,940,360,1
3.000000000000e-06,940,360,1
2.000000000000e-06,940,360,1
2.500000000000e-05,940,380,1
1.000000000000e-05,940,380,1
5.000000000000e-06,940,380,1
3.000000000000e-06,940,380,1
2.000000000000e-06,940,380,1
2.500000000000e-05,940,400,1
1.000000000000e-05,940,400,1
5.000000000000e-06,940,400,1
3.000000000000e-06,940,400,1
2.000000000000e-06,940,400,1
2.500000000000e-05,940,420,1
1.000000000000e-05,940,420,1
5.000000000000e-06,940,420,1
3.000000000000e-06,940,420,1
2.000000000000e-06,940,420,1
2.500000000000e-05,940,440,1
1.000000000000e-05,940,440,1
5.000000000000e-06,940,440,1
3.000000000000e-06,940,440,1
2.000000000000e-06,940,440,1
2.500000000000e-05,940,460,1
1.000000000000e-05,940,460,1
5.000000000000e-06,940,460,1
3.000000000000e-06,940,460,1
2.000000000000e-06,940,460,1
2.500000000000e-05,940,480,1
1.000000000000e-05,940,480,1
5.000000000000e-06,940,480,1
3.000000000000e-06,940,480,1
2.000000000000e-06,940,480,1
2.500000000000e-05,940,500,1
1.000000000000e-05,940,500,1
5.000000000000e-06,940,500,1
3.000000000000e-06,940,500,1
2.000000000000e-06,940,500,1
2.500000000000e-05,940,520,1
1.000000000000e-05,940,520,1
5.000000000000e-06,940,520,1
3.000000000000e-06,940,520,1
2.000000000000e-06,940,520,1
2.500000000000e-05,940,540,1
1.000000000000e-05,940,540,1
5.000000000000e-06,940,540,1
3.000000000000e-06,940,540,1
2.000000000000e-06,940,540,1
2.500000000000e-05,940,560,1
1.000000000000e-05,940,560,1
5.000000000000e-06,940,560,1
3.000000000000e-06,940,560,1
2.000000000000e-06,940,560,1
2.500000000000e-05,940,580,1
1.000000000000e-05,940,580,1
5.000000000000e-06,940,580,1
3.000000000000e-06,940,580,1
2.000000000000e-06,940,580,1
2.500000000000e-05,940,600,1
1.000000000000e-05,940,600,1
5.000000000000e-06,940,600,1
3.000000000000e-06,940,600,1
2.000000000000e-06,940,600,1
2.500000000000e-05,940,620,1
1.000000000000e-05,940,620,1
5.000000000000e-06,940,620,1
3.000000000000e-06,940,620,1
2.000000000000e-06,940,620,1
2.500000000000e-05,940,640,1
1.000000000000e-05,940,640,1
5.000000000000e-06,940,640,1
3.000000000000e-06,940,640,1
2.000000000000e-06,940,640,1
2.500000000000e-05,940,660,1
1.000000000000e-05,940,660,1
5.000000000000e-06,940,660,1
3.000000000000e-06,940,660,1
2.000000000000e-06,940,660,1
2.500000000000e-05,940,680,1
1.000000000000e-05,940,680,1
5.000000000000e-06,940,680,1
3.000000000000e-06,940,680,1
2.000000000000e-06,940,680,1
2.500000000000e-05,940,700,1
1.000000000000e-05,940,700,1
5.000000000000e-06,940,700,1
3.000000000000e-06,940,700,1
2.000000000000e-06,940,700,1
2.500000000000e-05,940,720,1
1.000000000000e-05,940,720,1
5.000000000000e-06,940,720,1
3.000000000000e-06,940,720,1
2.000000000000e-06,940,720,1
2.500000000000e-05,940,740,1
1.000000000000e-05,940,740,1
5.000000000000e-06,940,740,1
3.000000000000e-06,940,740,1
2.000000000000e-06,940,740,1
2.500000000000e-05,940,760,1
1.000000000000e-05,940,760,1
5.000000000000e-06,940,760,1
3.000000000000e-06,940,760,1
2.000000000000e-06,940,760,1
2.500000000000e-05,940,780,1
1.000000000000e-05,940,780,1
5.000000000000e-06,940,780,1
3.000000000000e-06,940,780,1
2.000000000000e-06,940,780,1
2.500000000000e-05,940,800,1
1.000000000000e-05,940,800,1
5.000000000000e-06,940,800,1
3.000000000000e-06,940,800,1
2.000000000000e-06,940,800,1
2.500000000000e-05,940,820,1
1.000000000000e-05,940,820,1
5.000000000000e-06,940,820,1
3.000000000000e-06,940,820,1
2.000000000000e-06,940,820,1
2.500000000000e-05,940,840,1
1.000000000000e-05,940,840,1
5.000000000000e-06,940,840,1
3.000000000000e-06,940,840,1
2.000000000000e-06,940,840,1
2.500000000000e-05,940,860,1
1.000000000000e-05,940,860,1
5.000000000000e-06,940,860,1
3.000000000000e-06,940,860,1
2.000000000000e-06,940,860,1
2.500000000000e-05,940,880,1
1.000000000000e-05,940,880,1
5.000000000000e-06,940,880,1
3.000000000000e-06,940,880,1
2.000000000000e-06,940,880,1
2.500000000000e-05,940,900,1
1.000000000000e-05,940,900,1
5.000000000000e-06,940,900,1
3.000000000000e-06,940,900,1
2.000000000000e-06,940,900,1
2.500000000000e-05,940,920,1
1.000000000000e-05,940,920,1
5.000000000000e-06,940,920,1
3.000000000000e-06,940,920,1
2.000000000000e-06,940,920,1
2.500000000000e-05,940,940,1
1.000000000000e-05,940,940,1
5.000000000000e-06,940,940,1
3.000000000000e-06,940,940,1
2.000000000000e-06,940,940,1
2.500000000000e-05,940,960,1
1.000000000000e-05,940,960,1
5.000000000000e-06,940,960,1
3.000000000000e-06,940,960,1
2.000000000000e-06,940,960,1
2.500000000000e-05,940,980,1
1.000000000000e-05,940,980,1
5.000000000000e-06,940,980,1
3.000000000000e-06,940,980,1
2.000000000000e-06,940,980,1
2.500000000000e-05,940,1000,1
1.000000000000e-05,940,1000,1
5.000000000000e-06,940,1000,1
3.000000000000e-06,940,1000,1
2.000000000000e-06,940,1000,1
2.500000000000e-05,960,0,1
1.000000000000e-05,960,0,1
5.000000000000e-06,960,0,1
3.000000000000e-06,960,0,1
2.000000000000e-06,960,0,1
2.500000000000e-05,960,20,1
1.000000000000e-05,960,20,1
5.000000000000e-06,960,20,1
3.000000000000e-06,960,20,1
2.000000000000e-06,960,20,1
2.500000000000e-05,960,40,1
1.000000000000e-05,960,40,1
5.000000000000e-06,960,40,1
3.000000000000e-06,960,40,1
2.000000000000e-06,960,40,1
2.500000000000e-05,960,60,1
1.000000000000e-05,960,60,1
5.000000000000e-06,960,60,1
3.000000000000e-06,960,60,1
2.000000000000e-06,960,60,1
2.500000000000e-05,960,80,1
1.000000000000e-05,960,80,1
5.000000000000e-06,960,80,1
3.000000000000e-06,960,80,1
2.000000000000e-06,960,80,1
2.500000000000e-05,960,100,1
1.000000000000e-05,960,100,1
5.000000000000e-06,960,100,1
3.000000000000e-06,960,100,1
2.000000000000e-06,960,100,1
2.500000000000e-05,960,120,1
1.000000000000e-05,960,120,1
5.000000000000e-06,960,120,1
3.000000000000e-06,960,120,1
2.000000000000e-06,960,120,1
2.500000000000e-05,960,140,1
1.000000000000e-05,960,140,1
5.000000000000e-06,960,140,1
3.000000000000e-06,960,140,1
2.000000000000e-06,960,140,1
2.500000000000e-05,960,160,1
1.000000000000e-05,960,160,1
5.000000000000e-06,960,160,1
3.000000000000e-06,960,160,1
2.000000000000e-06,960,160,1
2.500000000000e-05,960,180,1
1.000000000000e-05,960,180,1
5.000000000000e-06,960,180,1
3.000000000000e-06,960,180,1
2.000000000000e-06,960,180,1
2.500000000000e-05,960,200,1
1.000000000000e-05,960,200,1
5.000000000000e-06,960,200,1
3.000000000000e-06,960,200,1
2.000000000000e-06,960,200,1
2.500000000000e-05,960,220,1
1.000000000000e-05,960,220,1
5.000000000000e-06,960,220,1
3.000000000000e-06,960,220,1
2.000000000000e-06,960,220,1
2.500000000000e-05,960,240,1
1.000000000000e-05,960,240,1
5.000000000000e-06,960,240,1
3.000000000000e-06,960,240,1
2.000000000000e-06,960,240,1
2.500000000000e-05,960,260,1
1.000000000000e-05,960,260,1
5.000000000000e-06,960,260,1
3.000000000000e-06,960,260,1
2.000000000000e-06,960,260,1
2.500000000000e-05,960,280,1
1.000000000000e-05,960,280,1
5.000000000000e-06,960,280,1
3.000000000000e-06,960,280,1
2.000000000000e-06,960,280,1
2.500000000000e-05,960,300,1
1.000000000000e-05,960,300,1
5.000000000000e-06,960,300,1
3.000000000000e-06,960,300,1
2.000000000000e-06,960,300,1
2.500000000000e-05,960,320,1
1.000000000000e-05,960,320,1
5.000000000000e-06,960,320,1
3.000000000000e-06,960,320,1
2.000000000000e-06,960,320,1
2.500000000000e-05,960,340,1
1.000000000000e-05,960,340,1
5.000000000000e-06,960,340,1
3.000000000000e-06,960,340,1
2.000000000000e-06,960,340,1
2.500000000000e-05,960,360,1
1.000000000000e-05,960,360,1
5.000000000000e-06,960,360,1
3.000000000000e-06,960,360,1
2.000000000000e-06,960,360,1
2.500000000000e-05,960,380,1
1.000000000000e-05,960,380,1
5.000000000000e-06,960,380,1
3.000000000000e-06,960,380,1
2.000000000000e-06,960,380,1
2.500000000000e-05,960,400,1
1.000000000000e-05,960,400,1
5.000000000000e-06,960,400,1
3.000000000000e-06,960,400,1
2.000000000000e-06,960,400,1
2.500000000000e-05,960,420,1
1.000000000000e-05,960,420,1
5.000000000000e-06,960,420,1
3.000000000000e-06,960,420,1
2.000000000000e-06,960,420,1
2.500000000000e-05,960,440,1
1.000000000000e-05,960,440,1
5.000000000000e-06,960,440,1
3.000000000000e-06,960,440,1
2.000000000000e-06,960,440,1
2.500000000000e-05,960,460,1
1.000000000000e-05,960,460,1
5.000000000000e-06,960,460,1
3.000000000000e-06,960,460,1
2.000000000000e-06,960,460,1
2.500000000000e-05,960,480,1
1.000000000000e-05,960,480,1
5.000000000000e-06,960,480,1
3.000000000000e-06,960,480,1
2.000000000000e-06,960,480,1
2.500000000000e-05,960,500,1
1.000000000000e-05,960,500,1
5.000000000000e-06,960,500,1
3.000000000000e-06,960,500,1
2.000000000000e-06,960,500,1
2.500000000000e-05,960,520,1
1.000000000000e-05,960,520,1
5.000000000000e-06,960,520,1
3.000000000000e-06,960,520,1
2.000000000000e-06,960,520,1
2.500000000000e-05,960,540,1
1.000000000000e-05,960,540,1
5.000000000000e-06,960,540,1
3.000000000000e-06,960,540,1
2.000000000000e-06,960,540,1
2.500000000000e-05,960,560,1
1.000000000000e-05,960,560,1
5.000000000000e-06,960,560,1
3.000000000000e-06,960,560,1
2.000000000000e-06,960,560,1
2.500000000000e-05,960,580,1
1.000000000000e-05,960,580,1
5.000000000000e-06,960,580,1
3.000000000000e-06,960,580,1
2.000000000000e-06,960,580,1
2.500000000000e-05,960,600,1
1.000000000000e-05,960,600,1
5.000000000000e-06,960,600,1
3.000000000000e-06,960,600,1
2.000000000000e-06,960,600,1
2.500000000000e-05,960,620,1
1.000000000000e-05,960,620,1
5.000000000000e-06,960,620,1
3.000000000000e-06,960,620,1
2.000000000000e-06,960,620,1
2.500000000000e-05,960,640,1
1.000000000000e-05,960,640,1
5.000000000000e-06,960,640,1
3.000000000000e-06,960,640,1
2.000000000000e-06,960,640,1
2.500000000000e-05,960,660,1
1.000000000000e-05,960,660,1
5.000000000000e-06,960,660,1
3.000000000000e-06,960,660,1
2.000000000000e-06,960,660,1
2.500000000000e-05,960,680,1
1.000000000000e-05,960,680,1
5.000000000000e-06,960,680,1
3.000000000000e-06,960,680,1
2.000000000000e-06,960,680,1
2.500000000000e-05,960,700,1
1.000000000000e-05,960,700,1
5.000000000000e-06,960,700,1
3.000000000000e-06,960,700,1
2.000000000000e-06,960,700,1
2.500000000000e-05,960,720,1
1.000000000000e-05,960,720,1
5.000000000000e-06,960,720,1
3.000000000000e-06,960,720,1
2.000000000000e-06,960,720,1
2.500000000000e-05,960,740,1
1.000000000000e-05,960,740,1
5.000000000000e-06,960,740,1
3.000000000000e-06,960,740,1
2.000000000000e-06,960,740,1
2.500000000000e-05,960,760,1
1.000000000000e-05,960,760,1
5.000000000000e-06,960,760,1
3.000000000000e-06,960,760,1
2.000000000000e-06,960,760,1
2.500000000000e-05,960,780,1
1.000000000000e-05,960,780,1
5.000000000000e-06,960,780,1
3.000000000000e-06,960,780,1
2.000000000000e-06,960,780,1
2.500000000000e-05,960,800,1
1.000000000000e-05,960,800,1
5.000000000000e-06,960,800,1
3.000000000000e-06,960,800,1
2.000000000000e-06,960,800,1
2.500000000000e-05,960,820,1
1.000000000000e-05,960,820,1
5.000000000000e-06,960,820,1
3.000000000000e-06,960,820,1
2.000000000000e-06,960,820,1
2.500000000000e-05,960,840,1
1.000000000000e-05,960,840,1
5.000000000000e-06,960,840,1
3.000000000000e-06,960,840,1
2.000000000000e-06,960,840,1
2.500000000000e-05,960,860,1
1.000000000000e-05,960,860,1
5.000000000000e-06,960,860,1
3.000000000000e-06,960,860,1
2.000000000000e-06,960,860,1
2.500000000000e-05,960,880,1
1.000000000000e-05,960,880,1
5.000000000000e-06,960,880,1
3.000000000000e-06,960,880,1
2.000000000000e-06,960,880,1
2.500000000000e-05,960,900,1
1.000000000000e-05,960,900,1
5.000000000000e-06,960,900,1
3.000000000000e-06,960,900,1
2.000000000000e-06,960,900,1
2.500000000000e-05,960,920,1
1.000000000000e-05,960,920,1
5.000000000000e-06,960,920,1
3.000000000000e-06,960,920,1
2.000000000000e-06,960,920,1
2.500000000000e-05,960,940,1
1.000000000000e-05,960,940,1
5.000000000000e-06,960,940,1
3.000000000000e-06,960,940,1
2.000000000000e-06,960,940,1
2.500000000000e-05,960,960,1
1.000000000000e-05,960,960,1
5.000000000000e-06,960,960,1
3.000000000000e-06,960,960,1
2.000000000000e-06,960,960,1
2.500000000000e-05,960,980,1
1.000000000000e-05,960,980,1
5.000000000000e-06,960,980,1
3.000000000000e-06,960,980,1
2.000000000000e-06,960,980,1
2.500000000000e-05,960,1000,1
1.000000000000e-05,960,1000,1
5.000000000000e-06,960,1000,1
3.000000000000e-06,960,1000,1
2.000000000000e-06,960,1000,1
2.500000000000e-05,980,0,1
1.000000000000e-05,980,0,1
5.000000000000e-06,980,0,1
3.000000000000e-06,980,0,1
2.000000000000e-06,980,0,1
2.500000000000e-05,980,20,1
1.000000000000e-05,980,20,1
5.000000000000e-06,980,20,1
3.000000000000e-06,980,20,1
2.000000000000e-06,980,20,1
2.500000000000e-05,980,40,1
1.000000000000e-05,980,40,1
5.000000000000e-06,980,40,1
3.000000000000e-06,980,40,1
2.000000000000e-06,980,40,1
2.500000000000e-05,980,60,1
1.000000000000e-05,980,60,1
5.000000000000e-06,980,60,1
3.000000000000e-06,980,60,1
2.000000000000e-06,980,60,1
2.500000000000e-05,980,80,1
1.000000000000e-05,980,80,1
5.000000000000e-06,980,80,1
3.000000000000e-06,980,80,1
2.000000000000e-06,980,80,1
2.500000000000e-05,980,100,1
1.000000000000e-05,980,100,1
5.000000000000e-06,980,100,1
3.000000000000e-06,980,100,1
2.000000000000e-06,980,100,1
2.500000000000e-05,980,120,1
1.000000000000e-05,980,120,1
5.000000000000e-06,980,120,1
3.000000000000e-06,980,120,1
2.000000000000e-06,980,120,1
2.500000000000e-05,980,140,1
1.000000000000e-05,980,140,1
5.000000000000e-06,980,140,1
3.000000000000e-06,980,140,1
2.000000000000e-06,980,140,1
2.500000000000e-05,980,160,1
1.000000000000e-05,980,160,1
5.000000000000e-06,980,160,1
3.000000000000e-06,980,160,1
2.000000000000e-06,980,160,1
2.500000000000e-05,980,180,1
1.000000000000e-05,980,180,1
5.000000000000e-06,980,180,1
3.000000000000e-06,980,180,1
2.000000000000e-06,980,180,1
2.500000000000e-05,980,200,1
1.000000000000e-05,980,200,1
5.000000000000e-06,980,200,1
3.000000000000e-06,980,200,1
2.000000000000e-06,980,200,1
2.500000000000e-05,980,220,1
1.000000000000e-05,980,220,1
5.000000000000e-06,980,220,1
3.000000000000e-06,980,220,1
2.000000000000e-06,980,220,1
2.500000000000e-05,980,240,1
1.000000000000e-05,980,240,1
5.000000000000e-06,980,240,1
3.000000000000e-06,980,240,1
2.000000000000e-06,980,240,1
2.500000000000e-05,980,260,1
1.000000000000e-05,980,260,1
5.000000000000e-06,980,260,1
3.000000000000e-06,980,260,1
2.000000000000e-06,980,260,1
2.500000000000e-05,980,280,1
1.000000000000e-05,980,280,1
5.000000000000e-06,980,280,1
3.000000000000e-06,980,280,1
2.000000000000e-06,980,280,1
2.500000000000e-05,980,300,1
1.000000000000e-05,980,300,1
5.000000000000e-06,980,300,1
3.000000000000e-06,980,300,1
2.000000000000e-06,980,300,1
2.500000000000e-05,980,320,1
1.000000000000e-05,980,320,1
5.000000000000e-06,980,320,1
3.000000000000e-06,980,320,1
2.000000000000e-06,980,320,1
2.500000000000e-05,980,340,1
1.000000000000e-05,980,340,1
5.000000000000e-06,980,340,1
3.000000000000e-06,980,340,1
2.000000000000e-06,980,340,1
2.500000000000e-05,980,360,1
1.000000000000e-05,980,360,1
5.000000000000e-06,980,360,1
3.000000000000e-06,980,360,1
2.000000000000e-06,980,360,1
2.500000000000e-05,980,380,1
1.000000000000e-05,980,380,1
5.000000000000e-06,980,380,1
3.000000000000e-06,980,380,1
2.000000000000e-06,980,380,1
2.500000000000e-05,980,400,1
1.000000000000e-05,980,400,1
5.000000000000e-06,980,400,1
3.000000000000e-06,980,400,1
2.000000000000e-06,980,400,1
2.500000000000e-05,980,420,1
1.000000000000e-05,980,420,1
5.000000000000e-06,980,420,1
3.000000000000e-06,980,420,1
2.000000000000e-06,980,420,1
2.500000000000e-05,980,440,1
1.000000000000e-05,980,440,1
5.000000000000e-06,980,440,1
3.000000000000e-06,980,440,1
2.000000000000e-06,980,440,1
2.500000000000e-05,980,460,1
1.000000000000e-05,980,460,1
5.000000000000e-06,980,460,1
3.000000000000e-06,980,460,1
2.000000000000e-06,980,460,1
2.500000000000e-05,980,480,1
1.000000000000e-05,980,480,1
5.000000000000e-06,980,480,1
3.000000000000e-06,980,480,1
2.000000000000e-06,980,480,1
2.500000000000e-05,980,500,1
1.000000000000e-05,980,500,1
5.000000000000e-06,980,500,1
3.000000000000e-06,980,500,1
2.000000000000e-06,980,500,1
2.500000000000e-05,980,520,1
1.000000000000e-05,980,520,1
5.000000000000e-06,980,520,1
3.000000000000e-06,980,520,1
2.000000000000e-06,980,520,1
2.500000000000e-05,980,540,1
1.000000000000e-05,980,540,1
5.000000000000e-06,980,540,1
3.000000000000e-06,980,540,1
2.000000000000e-06,980,540,1
2.500000000000e-05,980,560,1
1.000000000000e-05,980,560,1
5.000000000000e-06,980,560,1
3.000000000000e-06,980,560,1
2.000000000000e-06,980,560,1
2.500000000000e-05,980,580,1
1.000000000000e-05,980,580,1
5.000000000000e-06,980,580,1
3.000000000000e-06,980,580,1
2.000000000000e-06,980,580,1
2.500000000000e-05,980,600,1
1.000000000000e-05,980,600,1
5.000000000000e-06,980,600,1
3.000000000000e-06,980,600,1
2.000000000000e-06,980,600,1
2.500000000000e-05,980,620,1
1.000000000000e-05,980,620,1
5.000000000000e-06,980,620,1
3.000000000000e-06,980,620,1
2.000000000000e-06,980,620,1
2.500000000000e-05,980,640,1
1.000000000000e-05,980,640,1
5.000000000000e-06,980,640,1
3.000000000000e-06,980,640,1
2.000000000000e-06,980,640,1
2.500000000000e-05,980,660,1
1.000000000000e-05,980,660,1
5.000000000000e-06,980,660,1
3.000000000000e-06,980,660,1
2.000000000000e-06,980,660,1
2.500000000000e-05,980,680,1
1.000000000000e-05,980,680,1
5.000000000000e-06,980,680,1
3.000000000000e-06,980,680,1
2.000000000000e-06,980,680,1
2.500000000000e-05,980,700,1
1.000000000000e-05,980,700,1
5.000000000000e-06,980,700,1
3.000000000000e-06,980,700,1
2.000000000000e-06,980,700,1
2.500000000000e-05,980,720,1
1.000000000000e-05,980,720,1
5.000000000000e-06,980,720,1
3.000000000000e-06,980,720,1
2.000000000000e-06,980,720,1
2.500000000000e-05,980,740,1
1.000000000000e-05,980,740,1
5.000000000000e-06,980,740,1
3.000000000000e-06,980,740,1
2.000000000000e-06,980,740,1
2.500000000000e-05,980,760,1
1.000000000000e-05,980,760,1
5.000000000000e-06,980,760,1
3.000000000000e-06,980,760,1
2.000000000000e-06,980,760,1
2.500000000000e-05,980,780,1
1.000000000000e-05,980,780,1
5.000000000000e-06,980,780,1
3.000000000000e-06,980,780,1
2.000000000000e-06,980,780,1
2.500000000000e-05,980,800,1
1.000000000000e-05,980,800,1
5.000000000000e-06,980,800,1
3.000000000000e-06,980,800,1
2.000000000000e-06,980,800,1
2.500000000000e-05,980,820,1
1.000000000000e-05,980,820,1
5.000000000000e-06,980,820,1
3.000000000000e-06,980,820,1
2.000000000000e-06,980,820,1
2.500000000000e-05,980,840,1
1.000000000000e-05,980,840,1
5.000000000000e-06,980,840,1
3.000000000000e-06,980,840,1
2.000000000000e-06,980,840,1
2.500000000000e-05,980,860,1
1.000000000000e-05,980,860,1
5.000000000000e-06,980,860,1
3.000000000000e-06,980,860,1
2.000000000000e-06,980,860,1
2.500000000000e-05,980,880,1
1.000000000000e-05,980,880,1
5.000000000000e-06,980,880,1
3.000000000000e-06,980,880,1
2.000000000000e-06,980,880,1
2.500000000000e-05,980,900,1
1.000000000000e-05,980,900,1
5.000000000000e-06,980,900,1
3.000000000000e-06,980,900,1
2.000000000000e-06,980,900,1
2.500000000000e-05,980,920,1
1.000000000000e-05,980,920,1
5.000000000000e-06,980,920,1
3.000000000000e-06,980,920,1
2.000000000000e-06,980,920,1
2.500000000000e-05,980,940,1
1.000000000000e-05,980,940,1
5.000000000000e-06,980,940,1
3.000000000000e-06,980,940,1
2.000000000000e-06,980,940,1
2.500000000000e-05,980,960,1
1.000000000000e-05,980,960,1
5.000000000000e-06,980,960,1
3.000000000000e-06,980,960,1
2.000000000000e-06,980,960,1
2.500000000000e-05,980,980,1
1.000000000000e-05,980,980,1
5.000000000000e-06,980,980,1
3.000000000000e-06,980,980,1
2.000000000000e-06,980,980,1
2.500000000000e-05,980,1000,1
1.000000000000e-05,980,1000,1
5.000000000000e-06,980,1000,1
3.000000000000e-06,980,1000,1
2.000000000000e-06,980,1000,1
2.500000000000e-05,1000,0,1
1.000000000000e-05,1000,0,1
5.000000000000e-06,1000,0,1
3.000000000000e-06,1000,0,1
2.000000000000e-06,1000,0,1
2.500000000000e-05,1000,20,1
1.000000000000e-05,1000,20,1
5.000000000000e-06,1000,20,1
3.000000000000e-06,1000,20,1
2.000000000000e-06,1000,20,1
2.500000000000e-05,1000,40,1
1.000000000000e-05,1000,40,1
5.000000000000e-06,1000,40,1
3.000000000000e-06,1000,40,1
2.000000000000e-06,1000,40,1
2.500000000000e-05,1000,60,1
1.000000000000e-05,1000,60,1
5.000000000000e-06,1000,60,1
3.000000000000e-06,1000,60,1
2.000000000000e-06,1000,60,1
2.500000000000e-05,1000,80,1
1.000000000000e-05,1000,80,1
5.000000000000e-06,1000,80,1
3.000000000000e-06,1000,80,1
2.000000000000e-06,1000,80,1
2.500000000000e-05,1000,100,1
1.000000000000e-05,1000,100,1
5.000000000000e-06,1000,100,1
3.000000000000e-06,1000,100,1
2.000000000000e-06,1000,100,1
2.500000000000e-05,1000,120,1
1.000000000000e-05,1000,120,1
5.000000000000e-06,1000,120,1
3.000000000000e-06,1000,120,1
2.000000000000e-06,1000,120,1
2.500000000000e-05,1000,140,1
1.000000000000e-05,1000,140,1
5.000000000000e-06,1000,140,1
3.000000000000e-06,1000,140,1
2.000000000000e-06,1000,140,1
2.500000000000e-05,1000,160,1
1.000000000000e-05,1000,160,1
5.000000000000e-06,1000,160,1
3.000000000000e-06,1000,160,1
2.000000000000e-06,1000,160,1
2.500000000000e-05,1000,180,1
1.000000000000e-05,1000,180,1
5.000000000000e-06,1000,180,1
3.000000000000e-06,1000,180,1
2.000000000000e-06,1000,180,1
2.500000000000e-05,1000,200,1
1.000000000000e-05,1000,200,1
5.000000000000e-06,1000,200,1
3.000000000000e-06,1000,200,1
2.000000000000e-06,1000,200,1
2.500000000000e-05,1000,220,1
1.000000000000e-05,1000,220,1
5.000000000000e-06,1000,220,1
3.000000000000e-06,1000,220,1
2.000000000000e-06,1000,220,1
2.500000000000e-05,1000,240,1
1.000000000000e-05,1000,240,1
5.000000000000e-06,1000,240,1
3.000000000000e-06,1000,240,1
2.000000000000e-06,1000,240,1
2.500000000000e-05,1000,260,1
1.000000000000e-05,1000,260,1
5.000000000000e-06,1000,260,1
3.000000000000e-06,1000,260,1
2.000000000000e-06,1000,260,1
2.500000000000e-05,1000,280,1
1.000000000000e-05,1000,280,1
5.000000000000e-06,1000,280,1
3.000000000000e-06,1000,280,1
2.000000000000e-06,1000,280,1
2.500000000000e-05,1000,300,1
1.000000000000e-05,1000,300,1
5.000000000000e-06,1000,300,1
3.000000000000e-06,1000,300,1
2.000000000000e-06,1000,300,1
2.500000000000e-05,1000,320,1
1.000000000000e-05,1000,320,1
5.000000000000e-06,1000,320,1
3.000000000000e-06,1000,320,1
2.000000000000e-06,1000,320,1
2.500000000000e-05,1000,340,1
1.000000000000e-05,1000,340,1
5.000000000000e-06,1000,340,1
3.000000000000e-06,1000,340,1
2.000000000000e-06,1000,340,1
2.500000000000e-05,1000,360,1
1.000000000000e-05,1000,360,1
5.000000000000e-06,1000,360,1
3.000000000000e-06,1000,360,1
2.000000000000e-06,1000,360,1
2.500000000000e-05,1000,380,1
1.000000000000e-05,1000,380,1
5.000000000000e-06,1000,380,1
3.000000000000e-06,1000,380,1
2.000000000000e-06,1000,380,1
2.500000000000e-05,1000,400,1
1.000000000000e-05,1000,400,1
5.000000000000e-06,1000,400,1
3.000000000000e-06,1000,400,1
2.000000000000e-06,1000,400,1
2.500000000000e-05,1000,420,1
1.000000000000e-05,1000,420,1
5.000000000000e-06,1000,420,1
3.000000000000e-06,1000,420,1
2.000000000000e-06,1000,420,1
2.500000000000e-05,1000,440,1
1.000000000000e-05,1000,440,1
5.000000000000e-06,1000,440,1
3.000000000000e-06,1000,440,1
2.000000000000e-06,1000,440,1
2.500000000000e-05,1000,460,1
1.000000000000e-05,1000,460,1
5.000000000000e-06,1000,460,1
3.000000000000e-06,1000,460,1
2.000000000000e-06,1000,460,1
2.500000000000e-05,1000,480,1
1.000000000000e-05,1000,480,1
5.000000000000e-06,1000,480,1
3.000000000000e-06,1000,480,1
2.000000000000e-06,1000,480,1
2.500000000000e-05,1000,500,1
1.000000000000e-05,1000,500,1
5.000000000000e-06,1000,500,1
3.000000000000e-06,1000,500,1
2.000000000000e-06,1000,500,1
2.500000000000e-05,1000,520,1
1.000000000000e-05,1000,520,1
5.000000000000e-06,1000,520,1
3.000000000000e-06,1000,520,1
2.000000000000e-06,1000,520,1
2.500000000000e-05,1000,540,1
1.000000000000e-05,1000,540,1
5.000000000000e-06,1000,540,1
3.000000000000e-06,1000,540,1
2.000000000000e-06,1000,540,1
2.500000000000e-05,1000,560,1
1.000000000000e-05,1000,560,1
5.000000000000e-06,1000,560,1
3.000000000000e-06,1000,560,1
2.000000000000e-06,1000,560,1
2.500000000000e-05,1000,580,1
1.000000000000e-05,1000,580,1
5.000000000000e-06,1000,580,1
3.000000000000e-06,1000,580,1
2.000000000000e-06,1000,580,1
2.500000000000e-05,1000,600,1
1.000000000000e-05,1000,600,1
5.000000000000e-06,1000,600,1
3.000000000000e-06,1000,600,1
2.000000000000e-06,1000,600,1
2.500000000000e-05,1000,620,1
1.000000000000e-05,1000,620,1
5.000000000000e-06,1000,620,1
3.000000000000e-06,1000,620,1
2.000000000000e-06,1000,620,1
2.500000000000e-05,1000,640,1
1.000000000000e-05,1000,640,1
5.000000000000e-06,1000,640,1
3.000000000000e-06,1000,640,1
2.000000000000e-06,1000,640,1
2.500000000000e-05,1000,660,1
1.000000000000e-05,1000,660,1
5.000000000000e-06,1000,660,1
3.000000000000e-06,1000,660,1
2.000000000000e-06,1000,660,1
2.500000000000e-05,1000,680,1
1.000000000000e-05,1000,680,1
5.000000000000e-06,1000,680,1
3.000000000000e-06,1000,680,1
2.000000000000e-06,1000,680,1
2.500000000000e-05,1000,700,1
1.000000000000e-05,1000,700,1
5.000000000000e-06,1000,700,1
3.000000000000e-06,1000,700,1
2.000000000000e-06,1000,700,1
2.500000000000e-05,1000,720,1
1.000000000000e-05,1000,720,1
5.000000000000e-06,1000,720,1
3.000000000000e-06,1000,720,1
2.000000000000e-06,1000,720,1
2.500000000000e-05,1000,740,1
1.000000000000e-05,1000,740,1
5.000000000000e-06,1000,740,1
3.000000000000e-06,1000,740,1
2.000000000000e-06,1000,740,1
2.500000000000e-05,1000,760,1
1.000000000000e-05,1000,760,1
5.000000000000e-06,1000,760,1
3.000000000000e-06,1000,760,1
2.000000000000e-06,1000,760,1
2.500000000000e-05,1000,780,1
1.000000000000e-05,1000,780,1
5.000000000000e-06,1000,780,1
3.000000000000e-06,1000,780,1
2.000000000000e-06,1000,780,1
2.500000000000e-05,1000,800,1
1.000000000000e-05,1000,800,1
5.000000000000e-06,1000,800,1
3.000000000000e-06,1000,800,1
2.000000000000e-06,1000,800,1
2.500000000000e-05,1000,820,1
1.000000000000e-05,1000,820,1
5.000000000000e-06,1000,820,1
3.000000000000e-06,1000,820,1
2.000000000000e-06,1000,820,1
2.500000000000e-05,1000,840,1
1.000000000000e-05,1000,840,1
5.000000000000e-06,1000,840,1
3.000000000000e-06,1000,840,1
2.000000000000e-06,1000,840,1
2.500000000000e-05,1000,860,1
1.000000000000e-05,1000,860,1
5.000000000000e-06,1000,860,1
3.000000000000e-06,1000,860,1
2.000000000000e-06,1000,860,1
2.500000000000e-05,1000,880,1
1.000000000000e-05,1000,880,1
5.000000000000e-06,1000,880,1
3.000000000000e-06,1000,880,1
2.000000000000e-06,1000,880,1
2.500000000000e-05,1000,900,1
1.000000000000e-05,1000,900,1
5.000000000000e-06,1000,900,1
3.000000000000e-06,1000,900,1
2.000000000000e-06,1000,900,1
2.500000000000e-05,1000,920,1
1.000000000000e-05,1000,920,1
5.000000000000e-06,1000,920,1
3.000000000000e-06,1000,920,1
2.000000000000e-06,1000,920,1
2.500000000000e-05,1000,940,1
1.000000000000e-05,1000,940,1
5.000000000000e-06,1000,940,1
3.000000000000e-06,1000,940,1
2.000000000000e-06,1000,940,1
2.500000000000e-05,1000,960,1
1.000000000000e-05,1000,960,1
5.000000000000e-06,1000,960,1
3.000000000000e-06,1000,960,1
2.000000000000e-06,1000,960,1
2.500000000000e-05,1000,980,1
1.000000000000e-05,1000,980,1
5.000000000000e-06,1000,980,1
3.000000000000e-06,1000,980,1
2.000000000000e-06,1000,980,1
2.500000000000e-05,1000,1000,1
1.000000000000e-05,1000,1000,1
5.000000000000e-06,1000,1000,1
3.000000000000e-06,1000,1000,1
2.000000000000e-06,1000,1000,1
