time_s,voltage_v
0.000000000000e+00,0.000000000000e+00
7.973568889472e-03,0.000000000000e+00
7.973578889472e-03,1.800000000000e+00
7.973668889472e-03,1.800000000000e+00
7.973678889472e-03,0.000000000000e+00
1.000000000000e-02,0.000000000000e+00
