time_s,voltage_v
0.000000000000e+00,0.000000000000e+00
3.911058572873e-03,0.000000000000e+00
3.911068572873e-03,1.800000000000e+00
3.911158572873e-03,1.800000000000e+00
3.911168572873e-03,0.000000000000e+00
1.000000000000e-02,0.000000000000e+00
