time_s,voltage_v
0.000000000000e+00,0.000000000000e+00
2.482427356810e-03,0.000000000000e+00
2.482437356810e-03,1.800000000000e+00
2.482527356810e-03,1.800000000000e+00
2.482537356810e-03,0.000000000000e+00
9.488697652595e-03,0.000000000000e+00
9.488707652595e-03,1.800000000000e+00
9.488797652595e-03,1.800000000000e+00
9.488807652595e-03,0.000000000000e+00
1.000000000000e-02,0.000000000000e+00
