time_s,voltage_v
0.000000000000e+00,0.000000000000e+00
5.983025738821e-03,0.000000000000e+00
5.983035738821e-03,1.800000000000e+00
5.983125738821e-03,1.800000000000e+00
5.983135738821e-03,0.000000000000e+00
1.000000000000e-02,0.000000000000e+00
