time_s,voltage_v
0.000000000000e+00,0.000000000000e+00
1.867329447935e-03,0.000000000000e+00
1.867339447935e-03,1.800000000000e+00
1.867429447935e-03,1.800000000000e+00
1.867439447935e-03,0.000000000000e+00
1.000000000000e-02,0.000000000000e+00
