time_s,voltage_v
0.000000000000e+00,0.000000000000e+00
6.727489709421e-03,0.000000000000e+00
6.727499709421e-03,1.800000000000e+00
6.727589709421e-03,1.800000000000e+00
6.727599709421e-03,0.000000000000e+00
1.000000000000e-02,0.000000000000e+00
