time_s,voltage_v
0.000000000000e+00,0.000000000000e+00
9.417915636356e-03,0.000000000000e+00
9.417925636356e-03,1.800000000000e+00
9.418015636356e-03,1.800000000000e+00
9.418025636356e-03,0.000000000000e+00
1.000000000000e-02,0.000000000000e+00
