time_s,voltage_v
0.000000000000e+00,0.000000000000e+00
9.589778481888e-04,0.000000000000e+00
9.589878481888e-04,1.800000000000e+00
9.590778481888e-04,1.800000000000e+00
9.590878481888e-04,0.000000000000e+00
6.672304462509e-03,0.000000000000e+00
6.672314462509e-03,1.800000000000e+00
6.672404462509e-03,1.800000000000e+00
6.672414462509e-03,0.000000000000e+00
1.000000000000e-02,0.000000000000e+00
