time_s,voltage_v
0.000000000000e+00,0.000000000000e+00
2.201333139260e-03,0.000000000000e+00
2.201343139260e-03,1.800000000000e+00
2.201433139260e-03,1.800000000000e+00
2.201443139260e-03,0.000000000000e+00
7.339203561921e-03,0.000000000000e+00
7.339213561921e-03,1.800000000000e+00
7.339303561921e-03,1.800000000000e+00
7.339313561921e-03,0.000000000000e+00
1.000000000000e-02,0.000000000000e+00
