time_s,voltage_v
0.000000000000e+00,0.000000000000e+00
3.264699463957e-03,0.000000000000e+00
3.264709463957e-03,1.800000000000e+00
3.264799463957e-03,1.800000000000e+00
3.264809463957e-03,0.000000000000e+00
6.974461304400e-03,0.000000000000e+00
6.974471304400e-03,1.800000000000e+00
6.974561304400e-03,1.800000000000e+00
6.974571304400e-03,0.000000000000e+00
1.000000000000e-02,0.000000000000e+00
